raw_row_number,disposition,review_reason,proposed_series,proposed_title,proposed_item_type,proposed_year,proposed_month,proposed_format,proposed_format_detail,proposed_owned,proposed_source_url_veritas,raw_uuid,raw_tempid,raw_title,raw_we_have,raw_original_source,raw_unnamed_5,raw_format,raw_product_link,raw_unnamed_8,raw_unnamed_9,raw_unnamed_10,raw_unnamed_11,raw_other_links
3,blank_separator,Empty visual separator row.,,,,,,,,,,,,,,,,,,,,,,
4,source_context,Landing page or source URL stored in title.,,,,,,,,,,,,https://veritaspub.com/lecture-series-2002-2011/,,,,,,,,,,
5,series_context,Annual lecture-series heading.,,,,,,,,,,,,Series 2002: The Way to God,,,,,,,,,,
6,blank_separator,Empty visual separator row.,,,,,,,,,,,,,,,,,,,,,,
7,item,Item candidate indicated by ownership status and/or legacy tempid.,The Way to God,Causality: The Ego's Foundation (Jan 2002) DVD01,lecture,2002,01,DVD,Part 1,True,https://veritaspub.com/product/2002-01-causality-the-egos-foundation-jan-2002/,,LS200201_1,Causality: The Ego's Foundation (Jan 2002) DVD01,✅,veritas,,,https://veritaspub.com/product/2002-01-causality-the-egos-foundation-jan-2002/,,,,,
8,item,Item candidate indicated by ownership status and/or legacy tempid.,The Way to God,Causality: The Ego's Foundation (Jan 2002) DVD02,lecture,2002,01,DVD,Part 2,True,https://veritaspub.com/product/2002-01-causality-the-egos-foundation-jan-2002/,,LS200201_2,Causality: The Ego's Foundation (Jan 2002) DVD02,✅,veritas,,,https://veritaspub.com/product/2002-01-causality-the-egos-foundation-jan-2002/,,,,,
9,item,Item candidate indicated by ownership status and/or legacy tempid.,The Way to God,Causality: The Ego's Foundation (Jan 2002) DVD03,lecture,2002,01,DVD,Part 3,True,https://veritaspub.com/product/2002-01-causality-the-egos-foundation-jan-2002/,,LS200201_3,Causality: The Ego's Foundation (Jan 2002) DVD03,✅,veritas,,,https://veritaspub.com/product/2002-01-causality-the-egos-foundation-jan-2002/,,,,,
10,item,Item candidate indicated by ownership status and/or legacy tempid.,The Way to God,Radical Subjectivity: The 'I' of Self (Feb 2002) DVD01,lecture,2002,02,DVD,Part 1,True,https://veritaspub.com/product/radical-subjectivity-the-i-of-self-feb-2002/,,LS200202_1,Radical Subjectivity: The 'I' of Self (Feb 2002) DVD01,✅,veritas,,,https://veritaspub.com/product/radical-subjectivity-the-i-of-self-feb-2002/,,,,,
11,item,Item candidate indicated by ownership status and/or legacy tempid.,The Way to God,Radical Subjectivity: The 'I' of Self (Feb 2002) DVD02,lecture,2002,02,DVD,Part 2,True,https://veritaspub.com/product/radical-subjectivity-the-i-of-self-feb-2002/,,LS200202_2,Radical Subjectivity: The 'I' of Self (Feb 2002) DVD02,✅,veritas,,,https://veritaspub.com/product/radical-subjectivity-the-i-of-self-feb-2002/,,,,,
12,item,Item candidate indicated by ownership status and/or legacy tempid.,The Way to God,Radical Subjectivity: The 'I' of Self (Feb 2002) DVD03,lecture,2002,02,DVD,Part 3,True,https://veritaspub.com/product/radical-subjectivity-the-i-of-self-feb-2002/,,LS200202_3,Radical Subjectivity: The 'I' of Self (Feb 2002) DVD03,✅,veritas,,,https://veritaspub.com/product/radical-subjectivity-the-i-of-self-feb-2002/,,,,,
13,item,Item candidate indicated by ownership status and/or legacy tempid.,The Way to God,The Levels of Consciousness: Subjective & Social Consequences (Mar 2002) DVD01,lecture,2002,03,DVD,Part 1,True,https://veritaspub.com/product/2002-03-the-levels-of-consciousness-subjective-social-consequences-mar-2002/,,LS200203_1,The Levels of Consciousness: Subjective & Social Consequences (Mar 2002) DVD01,✅,veritas,,,https://veritaspub.com/product/2002-03-the-levels-of-consciousness-subjective-social-consequences-mar-2002/,,,,,
14,item,Item candidate indicated by ownership status and/or legacy tempid.,The Way to God,The Levels of Consciousness: Subjective & Social Consequences (Mar 2002) DVD02,lecture,2002,03,DVD,Part 2,True,https://veritaspub.com/product/2002-03-the-levels-of-consciousness-subjective-social-consequences-mar-2002/,,LS200203_2,The Levels of Consciousness: Subjective & Social Consequences (Mar 2002) DVD02,✅,veritas,,,https://veritaspub.com/product/2002-03-the-levels-of-consciousness-subjective-social-consequences-mar-2002/,,,,,
15,item,Item candidate indicated by ownership status and/or legacy tempid.,The Way to God,The Levels of Consciousness: Subjective & Social Consequences (Mar 2002) DVD03,lecture,2002,03,DVD,Part 3,True,https://veritaspub.com/product/2002-03-the-levels-of-consciousness-subjective-social-consequences-mar-2002/,,LS200203_3,The Levels of Consciousness: Subjective & Social Consequences (Mar 2002) DVD03,✅,veritas,,,https://veritaspub.com/product/2002-03-the-levels-of-consciousness-subjective-social-consequences-mar-2002/,,,,,
16,item,Item candidate indicated by ownership status and/or legacy tempid.,The Way to God,Positionality and Duality: Transcending the Opposites (Apr 2002) DVD01,lecture,2002,04,DVD,Part 1,True,https://veritaspub.com/product/2002-04-positionality-and-duality-transcending-the-opposites-apr-2002/,,LS200204_1,Positionality and Duality: Transcending the Opposites (Apr 2002) DVD01,✅,veritas,,,https://veritaspub.com/product/2002-04-positionality-and-duality-transcending-the-opposites-apr-2002/,,,,,
17,item,Item candidate indicated by ownership status and/or legacy tempid.,The Way to God,Positionality and Duality: Transcending the Opposites (Apr 2002) DVD02,lecture,2002,04,DVD,Part 2,True,https://veritaspub.com/product/2002-04-positionality-and-duality-transcending-the-opposites-apr-2002/,,LS200204_2,Positionality and Duality: Transcending the Opposites (Apr 2002) DVD02,✅,veritas,,,https://veritaspub.com/product/2002-04-positionality-and-duality-transcending-the-opposites-apr-2002/,,,,,
18,item,Item candidate indicated by ownership status and/or legacy tempid.,The Way to God,Positionality and Duality: Transcending the Opposites (Apr 2002) DVD03,lecture,2002,04,DVD,Part 3,True,https://veritaspub.com/product/2002-04-positionality-and-duality-transcending-the-opposites-apr-2002/,,LS200204_3,Positionality and Duality: Transcending the Opposites (Apr 2002) DVD03,✅,veritas,,,https://veritaspub.com/product/2002-04-positionality-and-duality-transcending-the-opposites-apr-2002/,,,,,
19,item,Item candidate indicated by ownership status and/or legacy tempid.,The Way to God,Perception and Illusion: Distortions of Reality (May 2002) DVD01,lecture,2002,05,DVD,Part 1,True,https://veritaspub.com/product/2002-05-perception-and-illusion-distortions-of-reality-may-2002/,,LS200205_1,Perception and Illusion: Distortions of Reality (May 2002) DVD01,✅,veritas,,,https://veritaspub.com/product/2002-05-perception-and-illusion-distortions-of-reality-may-2002/,,,,,
20,item,Item candidate indicated by ownership status and/or legacy tempid.,The Way to God,Perception and Illusion: Distortions of Reality (May 2002) DVD02,lecture,2002,05,DVD,Part 2,True,https://veritaspub.com/product/2002-05-perception-and-illusion-distortions-of-reality-may-2002/,,LS200205_2,Perception and Illusion: Distortions of Reality (May 2002) DVD02,✅,veritas,,,https://veritaspub.com/product/2002-05-perception-and-illusion-distortions-of-reality-may-2002/,,,,,
21,item,Item candidate indicated by ownership status and/or legacy tempid.,The Way to God,Perception and Illusion: Distortions of Reality (May 2002) DVD03,lecture,2002,05,DVD,Part 3,True,https://veritaspub.com/product/2002-05-perception-and-illusion-distortions-of-reality-may-2002/,,LS200205_3,Perception and Illusion: Distortions of Reality (May 2002) DVD03,✅,veritas,,,https://veritaspub.com/product/2002-05-perception-and-illusion-distortions-of-reality-may-2002/,,,,,
22,item,Item candidate indicated by ownership status and/or legacy tempid.,The Way to God,Realizing the Root of Consciousness: Meditative and Contemplative Techniques (Jun 2002) DVD01,lecture,2002,06,DVD,Part 1,True,https://veritaspub.com/product/2002-06-realizing-the-root-of-consciousness-meditative-and-contemplative-techniques-jun-2002/,,LS200206_1,Realizing the Root of Consciousness: Meditative and Contemplative Techniques (Jun 2002) DVD01,✅,veritas,,,https://veritaspub.com/product/2002-06-realizing-the-root-of-consciousness-meditative-and-contemplative-techniques-jun-2002/,,,,,
23,item,Item candidate indicated by ownership status and/or legacy tempid.,The Way to God,Realizing the Root of Consciousness: Meditative and Contemplative Techniques (Jun 2002) DVD02,lecture,2002,06,DVD,Part 2,True,https://veritaspub.com/product/2002-06-realizing-the-root-of-consciousness-meditative-and-contemplative-techniques-jun-2002/,,LS200206_2,Realizing the Root of Consciousness: Meditative and Contemplative Techniques (Jun 2002) DVD02,✅,veritas,,,https://veritaspub.com/product/2002-06-realizing-the-root-of-consciousness-meditative-and-contemplative-techniques-jun-2002/,,,,,
24,item,Item candidate indicated by ownership status and/or legacy tempid.,The Way to God,Realizing the Root of Consciousness: Meditative and Contemplative Techniques (Jun 2002) DVD03,lecture,2002,06,DVD,Part 3,True,https://veritaspub.com/product/2002-06-realizing-the-root-of-consciousness-meditative-and-contemplative-techniques-jun-2002/,,LS200206_3,Realizing the Root of Consciousness: Meditative and Contemplative Techniques (Jun 2002) DVD03,✅,veritas,,,https://veritaspub.com/product/2002-06-realizing-the-root-of-consciousness-meditative-and-contemplative-techniques-jun-2002/,,,,,
25,item,Item candidate indicated by ownership status and/or legacy tempid.,The Way to God,The Nature of Divinity vs Religious Fallacy (Jul 2002) DVD01,lecture,2002,07,DVD,Part 1,True,https://veritaspub.com/product/2002-07-the-nature-of-divinity-vs-religious-fallacy-jul-2002/,,LS200207_1,The Nature of Divinity vs Religious Fallacy (Jul 2002) DVD01,✅,veritas,,,https://veritaspub.com/product/2002-07-the-nature-of-divinity-vs-religious-fallacy-jul-2002/,,,,,
26,item,Item candidate indicated by ownership status and/or legacy tempid.,The Way to God,The Nature of Divinity vs Religious Fallacy (Jul 2002) DVD02,lecture,2002,07,DVD,Part 2,True,https://veritaspub.com/product/2002-07-the-nature-of-divinity-vs-religious-fallacy-jul-2002/,,LS200207_2,The Nature of Divinity vs Religious Fallacy (Jul 2002) DVD02,✅,veritas,,,https://veritaspub.com/product/2002-07-the-nature-of-divinity-vs-religious-fallacy-jul-2002/,,,,,
27,item,Item candidate indicated by ownership status and/or legacy tempid.,The Way to God,The Nature of Divinity vs Religious Fallacy (Jul 2002) DVD03,lecture,2002,07,DVD,Part 3,True,https://veritaspub.com/product/2002-07-the-nature-of-divinity-vs-religious-fallacy-jul-2002/,,LS200207_3,The Nature of Divinity vs Religious Fallacy (Jul 2002) DVD03,✅,veritas,,,https://veritaspub.com/product/2002-07-the-nature-of-divinity-vs-religious-fallacy-jul-2002/,,,,,
28,item,Item candidate indicated by ownership status and/or legacy tempid. Raw product URL fixed 2026-08-08; official Veritas source URL is now usable.,The Way to God,Advaita: The Way to God Through Mind (Aug 2002) DVD01,lecture,2002,,DVD,Part 1,True,https://veritaspub.com/product/2002-08-advaita-the-way-to-god-through-mind/,,LS200208_1,Advaita: The Way to God Through Mind (Aug 2002) DVD01,✅,veritas,,,https://veritaspub.com/product/2002-08-advaita-the-way-to-god-through-mind/,,,,,
29,item,Item candidate indicated by ownership status and/or legacy tempid. Raw product URL fixed 2026-08-08; official Veritas source URL is now usable.,The Way to God,Advaita: The Way to God Through Mind (Aug 2002) DVD02,lecture,2002,,DVD,Part 2,True,https://veritaspub.com/product/2002-08-advaita-the-way-to-god-through-mind/,,LS200208_2,Advaita: The Way to God Through Mind (Aug 2002) DVD02,✅,veritas,,,https://veritaspub.com/product/2002-08-advaita-the-way-to-god-through-mind/,,,,,
30,item,Item candidate indicated by ownership status and/or legacy tempid. Raw product URL fixed 2026-08-08; official Veritas source URL is now usable.,The Way to God,Advaita: The Way to God Through Mind (Aug 2002) DVD03,lecture,2002,,DVD,Part 3,True,https://veritaspub.com/product/2002-08-advaita-the-way-to-god-through-mind/,,LS200208_3,Advaita: The Way to God Through Mind (Aug 2002) DVD03,✅,veritas,,,https://veritaspub.com/product/2002-08-advaita-the-way-to-god-through-mind/,,,,,
31,item,Item candidate indicated by ownership status and/or legacy tempid.,The Way to God,Devotion: The Way to God Through the Heart (Sep 2002) DVD01,lecture,2002,09,DVD,Part 1,True,https://veritaspub.com/product/2002-09-devotion-the-way-to-god-through-the-heart-sept-2002/,,LS200209_1,Devotion: The Way to God Through the Heart (Sep 2002) DVD01,✅,veritas,,,https://veritaspub.com/product/2002-09-devotion-the-way-to-god-through-the-heart-sept-2002/,,,,,
32,item,Item candidate indicated by ownership status and/or legacy tempid.,The Way to God,Devotion: The Way to God Through the Heart (Sep 2002) DVD02,lecture,2002,09,DVD,Part 2,True,https://veritaspub.com/product/2002-09-devotion-the-way-to-god-through-the-heart-sept-2002/,,LS200209_2,Devotion: The Way to God Through the Heart (Sep 2002) DVD02,✅,veritas,,,https://veritaspub.com/product/2002-09-devotion-the-way-to-god-through-the-heart-sept-2002/,,,,,
33,item,Item candidate indicated by ownership status and/or legacy tempid.,The Way to God,Devotion: The Way to God Through the Heart (Sep 2002) DVD03,lecture,2002,09,DVD,Part 3,True,https://veritaspub.com/product/2002-09-devotion-the-way-to-god-through-the-heart-sept-2002/,,LS200209_3,Devotion: The Way to God Through the Heart (Sep 2002) DVD03,✅,veritas,,,https://veritaspub.com/product/2002-09-devotion-the-way-to-god-through-the-heart-sept-2002/,,,,,
34,item,Item candidate indicated by ownership status and/or legacy tempid.,The Way to God,Karma and the Afterlife (Oct 2002) DVD01,lecture,2002,10,DVD,Part 1,True,https://veritaspub.com/product/2002-10-karma-and-the-afterlife-oct-2002-streaming/,,LS200210_1,Karma and the Afterlife (Oct 2002) DVD01,✅,veritas,,,https://veritaspub.com/product/2002-10-karma-and-the-afterlife-oct-2002-streaming/,,,,,
35,item,Item candidate indicated by ownership status and/or legacy tempid.,The Way to God,Karma and the Afterlife (Oct 2002) DVD02,lecture,2002,10,DVD,Part 2,True,https://veritaspub.com/product/2002-10-karma-and-the-afterlife-oct-2002-streaming/,,LS200210_2,Karma and the Afterlife (Oct 2002) DVD02,✅,veritas,,,https://veritaspub.com/product/2002-10-karma-and-the-afterlife-oct-2002-streaming/,,,,,
36,item,Item candidate indicated by ownership status and/or legacy tempid.,The Way to God,Karma and the Afterlife (Oct 2002) DVD03,lecture,2002,10,DVD,Part 3,True,https://veritaspub.com/product/2002-10-karma-and-the-afterlife-oct-2002-streaming/,,LS200210_3,Karma and the Afterlife (Oct 2002) DVD03,✅,veritas,,,https://veritaspub.com/product/2002-10-karma-and-the-afterlife-oct-2002-streaming/,,,,,
37,item,Item candidate indicated by ownership status and/or legacy tempid.,The Way to God,God: Transcendent and Immanent (Nov 2002) DVD01,lecture,2002,11,DVD,Part 1,True,https://veritaspub.com/product/2002-11-god-transcendent-and-immanent-nov-2002/,,LS200211_1,God: Transcendent and Immanent (Nov 2002) DVD01,✅,veritas,,,https://veritaspub.com/product/2002-11-god-transcendent-and-immanent-nov-2002/,,,,,
38,item,Item candidate indicated by ownership status and/or legacy tempid.,The Way to God,God: Transcendent and Immanent (Nov 2002) DVD02,lecture,2002,11,DVD,Part 2,True,https://veritaspub.com/product/2002-11-god-transcendent-and-immanent-nov-2002/,,LS200211_2,God: Transcendent and Immanent (Nov 2002) DVD02,✅,veritas,,,https://veritaspub.com/product/2002-11-god-transcendent-and-immanent-nov-2002/,,,,,
39,item,Item candidate indicated by ownership status and/or legacy tempid.,The Way to God,God: Transcendent and Immanent (Nov 2002) DVD03,lecture,2002,11,DVD,Part 3,True,https://veritaspub.com/product/2002-11-god-transcendent-and-immanent-nov-2002/,,LS200211_3,God: Transcendent and Immanent (Nov 2002) DVD03,✅,veritas,,,https://veritaspub.com/product/2002-11-god-transcendent-and-immanent-nov-2002/,,,,,
40,item,Item candidate indicated by ownership status and/or legacy tempid.,The Way to God,Realization of the Self: The Final Moments (Dec 2002) DVD01,lecture,2002,12,DVD,Part 1,True,https://veritaspub.com/product/2002-12-realization-of-the-self-the-final-moments-dec-2002/,,LS200212_1,Realization of the Self: The Final Moments (Dec 2002) DVD01,✅,veritas,,,https://veritaspub.com/product/2002-12-realization-of-the-self-the-final-moments-dec-2002/,,,,,
41,item,Item candidate indicated by ownership status and/or legacy tempid.,The Way to God,Realization of the Self: The Final Moments (Dec 2002) DVD02,lecture,2002,12,DVD,Part 2,True,https://veritaspub.com/product/2002-12-realization-of-the-self-the-final-moments-dec-2002/,,LS200212_2,Realization of the Self: The Final Moments (Dec 2002) DVD02,✅,veritas,,,https://veritaspub.com/product/2002-12-realization-of-the-self-the-final-moments-dec-2002/,,,,,
42,item,Item candidate indicated by ownership status and/or legacy tempid.,The Way to God,Realization of the Self: The Final Moments (Dec 2002) DVD03,lecture,2002,12,DVD,Part 3,True,https://veritaspub.com/product/2002-12-realization-of-the-self-the-final-moments-dec-2002/,,LS200212_3,Realization of the Self: The Final Moments (Dec 2002) DVD03,✅,veritas,,,https://veritaspub.com/product/2002-12-realization-of-the-self-the-final-moments-dec-2002/,,,,,
43,blank_separator,Empty visual separator row.,,,,,,,,,,,,,,,,,,,,,,
44,series_context,Annual lecture-series heading.,,,,,,,,,,,,Series 2003: Devotional Nonduality,,,,,,,,,,
45,blank_separator,Empty visual separator row.,,,,,,,,,,,,,,,,,,,,,,
46,item,Item candidate indicated by ownership status and/or legacy tempid.,Devotional Nonduality,Integration of Spirituality and Personal Life (Feb 2003) DVD01,lecture,2003,02,DVD,Part 1,True,https://veritaspub.com/product/2003-02-integration-of-spirituality-and-personal-life-feb-2003/,,LS200301_1,Integration of Spirituality and Personal Life (Feb 2003) DVD01,✅,veritas,,,https://veritaspub.com/product/2003-02-integration-of-spirituality-and-personal-life-feb-2003/,,,,,
47,item,Item candidate indicated by ownership status and/or legacy tempid.,Devotional Nonduality,Integration of Spirituality and Personal Life (Feb 2003) DVD02,lecture,2003,02,DVD,Part 2,True,https://veritaspub.com/product/2003-02-integration-of-spirituality-and-personal-life-feb-2003/,,LS200301_2,Integration of Spirituality and Personal Life (Feb 2003) DVD02,✅,veritas,,,https://veritaspub.com/product/2003-02-integration-of-spirituality-and-personal-life-feb-2003/,,,,,
48,item,Item candidate indicated by ownership status and/or legacy tempid.,Devotional Nonduality,Integration of Spirituality and Personal Life (Feb 2003) DVD03,lecture,2003,02,DVD,Part 3,True,https://veritaspub.com/product/2003-02-integration-of-spirituality-and-personal-life-feb-2003/,,LS200301_3,Integration of Spirituality and Personal Life (Feb 2003) DVD03,✅,veritas,,,https://veritaspub.com/product/2003-02-integration-of-spirituality-and-personal-life-feb-2003/,,,,,
49,item,Item candidate indicated by ownership status and/or legacy tempid.,Devotional Nonduality,Spirituality and the World (Apr 2003) DVD01,lecture,2003,04,DVD,Part 1,True,https://veritaspub.com/product/2003-04-spirituality-and-the-world-april-2003/,,LS200302_1,Spirituality and the World (Apr 2003) DVD01,✅,veritas,,,https://veritaspub.com/product/2003-04-spirituality-and-the-world-april-2003/,,,,,
50,item,Item candidate indicated by ownership status and/or legacy tempid.,Devotional Nonduality,Spirituality and the World (Apr 2003) DVD02,lecture,2003,04,DVD,Part 2,True,https://veritaspub.com/product/2003-04-spirituality-and-the-world-april-2003/,,LS200302_2,Spirituality and the World (Apr 2003) DVD02,✅,veritas,,,https://veritaspub.com/product/2003-04-spirituality-and-the-world-april-2003/,,,,,
51,item,Item candidate indicated by ownership status and/or legacy tempid.,Devotional Nonduality,Spirituality and the World (Apr 2003) DVD03,lecture,2003,04,DVD,Part 3,True,https://veritaspub.com/product/2003-04-spirituality-and-the-world-april-2003/,,LS200302_3,Spirituality and the World (Apr 2003) DVD03,✅,veritas,,,https://veritaspub.com/product/2003-04-spirituality-and-the-world-april-2003/,,,,,
52,item,Item candidate indicated by ownership status and/or legacy tempid.,Devotional Nonduality,Spiritual Community (Jun 2003) DVD01,lecture,2003,06,DVD,Part 1,True,https://veritaspub.com/product/2003-06-spiritual-community-june-2003/,,LS200303_1,Spiritual Community (Jun 2003) DVD01,✅,veritas,,,https://veritaspub.com/product/2003-06-spiritual-community-june-2003/,,,,,
53,item,Item candidate indicated by ownership status and/or legacy tempid.,Devotional Nonduality,Spiritual Community (Jun 2003) DVD02,lecture,2003,06,DVD,Part 2,True,https://veritaspub.com/product/2003-06-spiritual-community-june-2003/,,LS200303_2,Spiritual Community (Jun 2003) DVD02,✅,veritas,,,https://veritaspub.com/product/2003-06-spiritual-community-june-2003/,,,,,
54,item,Item candidate indicated by ownership status and/or legacy tempid.,Devotional Nonduality,Spiritual Community (Jun 2003) DVD03,lecture,2003,06,DVD,Part 3,True,https://veritaspub.com/product/2003-06-spiritual-community-june-2003/,,LS200303_3,Spiritual Community (Jun 2003) DVD03,✅,veritas,,,https://veritaspub.com/product/2003-06-spiritual-community-june-2003/,,,,,
55,item,Item candidate indicated by ownership status and/or legacy tempid.,Devotional Nonduality,Enlightenment (Aug 2003) DVD01,lecture,2003,08,DVD,Part 1,True,https://veritaspub.com/product/2003-08-enlightenment-august-2003/,,LS200304_1,Enlightenment (Aug 2003) DVD01,✅,veritas,,,https://veritaspub.com/product/2003-08-enlightenment-august-2003/,,,,,
56,item,Item candidate indicated by ownership status and/or legacy tempid.,Devotional Nonduality,Enlightenment (Aug 2003) DVD02,lecture,2003,08,DVD,Part 2,True,https://veritaspub.com/product/2003-08-enlightenment-august-2003/,,LS200304_2,Enlightenment (Aug 2003) DVD02,✅,veritas,,,https://veritaspub.com/product/2003-08-enlightenment-august-2003/,,,,,
57,item,Item candidate indicated by ownership status and/or legacy tempid.,Devotional Nonduality,Enlightenment (Aug 2003) DVD03,lecture,2003,08,DVD,Part 3,True,https://veritaspub.com/product/2003-08-enlightenment-august-2003/,,LS200304_3,Enlightenment (Aug 2003) DVD03,✅,veritas,,,https://veritaspub.com/product/2003-08-enlightenment-august-2003/,,,,,
58,item,Item candidate indicated by ownership status and/or legacy tempid.,Devotional Nonduality,Realization of the Self as the 'I' (Nov 2003) DVD01,lecture,2003,11,DVD,Part 1,True,https://veritaspub.com/product/2003-11-realization-of-the-self-as-the-i-nov-2003/,,LS200305_1,Realization of the Self as the 'I' (Nov 2003) DVD01,✅,veritas,,,https://veritaspub.com/product/2003-11-realization-of-the-self-as-the-i-nov-2003/,,,,,
59,item,Item candidate indicated by ownership status and/or legacy tempid.,Devotional Nonduality,Realization of the Self as the 'I' (Nov 2003) DVD02,lecture,2003,11,DVD,Part 2,True,https://veritaspub.com/product/2003-11-realization-of-the-self-as-the-i-nov-2003/,,LS200305_2,Realization of the Self as the 'I' (Nov 2003) DVD02,✅,veritas,,,https://veritaspub.com/product/2003-11-realization-of-the-self-as-the-i-nov-2003/,,,,,
60,item,Item candidate indicated by ownership status and/or legacy tempid.,Devotional Nonduality,Realization of the Self as the 'I' (Nov 2003) DVD03,lecture,2003,11,DVD,Part 3,True,https://veritaspub.com/product/2003-11-realization-of-the-self-as-the-i-nov-2003/,,LS200305_3,Realization of the Self as the 'I' (Nov 2003) DVD03,✅,veritas,,,https://veritaspub.com/product/2003-11-realization-of-the-self-as-the-i-nov-2003/,,,,,
61,item,Item candidate indicated by ownership status and/or legacy tempid.,Devotional Nonduality,"Dialogue, Questions, and Answers (Dec 2003) DVD01",lecture,2003,12,DVD,Part 1,True,https://veritaspub.com/product/dialogue-questions-and-answers-dec-2003/,,LS200306_1,"Dialogue, Questions, and Answers (Dec 2003) DVD01",✅,veritas,,,https://veritaspub.com/product/dialogue-questions-and-answers-dec-2003/,,,,,
62,item,Item candidate indicated by ownership status and/or legacy tempid.,Devotional Nonduality,"Dialogue, Questions, and Answers (Dec 2003) DVD02",lecture,2003,12,DVD,Part 2,True,https://veritaspub.com/product/dialogue-questions-and-answers-dec-2003/,,LS200306_2,"Dialogue, Questions, and Answers (Dec 2003) DVD02",✅,veritas,,,https://veritaspub.com/product/dialogue-questions-and-answers-dec-2003/,,,,,
63,item,Item candidate indicated by ownership status and/or legacy tempid.,Devotional Nonduality,"Dialogue, Questions, and Answers (Dec 2003) DVD03",lecture,2003,12,DVD,Part 3,True,https://veritaspub.com/product/dialogue-questions-and-answers-dec-2003/,,LS200306_3,"Dialogue, Questions, and Answers (Dec 2003) DVD03",✅,veritas,,,https://veritaspub.com/product/dialogue-questions-and-answers-dec-2003/,,,,,
64,blank_separator,Empty visual separator row.,,,,,,,,,,,,,,,,,,,,,,
65,series_context,Annual lecture-series heading.,,,,,,,,,,,,Series 2004: Transcending the Mind,,,,,,,,,,
66,item,Item candidate indicated by ownership status and/or legacy tempid.,Transcending the Mind,Thought and Ideation (Feb 2004) DVD01,lecture,2004,02,DVD,Part 1,True,https://veritaspub.com/product/2004-02-thought-and-ideation-feb-2004/,,LS200401_1,Thought and Ideation (Feb 2004) DVD01,✅,veritas,,,https://veritaspub.com/product/2004-02-thought-and-ideation-feb-2004/,,,,,
67,item,Item candidate indicated by ownership status and/or legacy tempid.,Transcending the Mind,Thought and Ideation (Feb 2004) DVD02,lecture,2004,02,DVD,Part 2,True,https://veritaspub.com/product/2004-02-thought-and-ideation-feb-2004/,,LS200401_2,Thought and Ideation (Feb 2004) DVD02,✅,veritas,,,https://veritaspub.com/product/2004-02-thought-and-ideation-feb-2004/,,,,,
68,item,Item candidate indicated by ownership status and/or legacy tempid.,Transcending the Mind,Thought and Ideation (Feb 2004) DVD03,lecture,2004,02,DVD,Part 3,True,https://veritaspub.com/product/2004-02-thought-and-ideation-feb-2004/,,LS200401_3,Thought and Ideation (Feb 2004) DVD03,✅,veritas,,,https://veritaspub.com/product/2004-02-thought-and-ideation-feb-2004/,,,,,
69,item,Item candidate indicated by ownership status and/or legacy tempid.,Transcending the Mind,Emotions and Sensations (Apr 2004) DVD01,lecture,2004,04,DVD,Part 1,True,https://veritaspub.com/product/2004-04-emotions-and-sensations-april-2004/,,LS200402_1,Emotions and Sensations (Apr 2004) DVD01,✅,veritas,,,https://veritaspub.com/product/2004-04-emotions-and-sensations-april-2004/,,,,,
70,item,Item candidate indicated by ownership status and/or legacy tempid.,Transcending the Mind,Emotions and Sensations (Apr 2004) DVD02,lecture,2004,04,DVD,Part 2,True,https://veritaspub.com/product/2004-04-emotions-and-sensations-april-2004/,,LS200402_2,Emotions and Sensations (Apr 2004) DVD02,✅,veritas,,,https://veritaspub.com/product/2004-04-emotions-and-sensations-april-2004/,,,,,
71,item,Item candidate indicated by ownership status and/or legacy tempid.,Transcending the Mind,Emotions and Sensations (Apr 2004) DVD03,lecture,2004,04,DVD,Part 3,True,https://veritaspub.com/product/2004-04-emotions-and-sensations-april-2004/,,LS200402_3,Emotions and Sensations (Apr 2004) DVD03,✅,veritas,,,https://veritaspub.com/product/2004-04-emotions-and-sensations-april-2004/,,,,,
72,item,Item candidate indicated by ownership status and/or legacy tempid.,Transcending the Mind,Perception and Positionality (Jun 2004) DVD01,lecture,2004,06,DVD,Part 1,True,https://veritaspub.com/product/2004-06-perception-and-positionality-june-2004/,,LS200403_1,Perception and Positionality (Jun 2004) DVD01,✅,veritas,,,https://veritaspub.com/product/2004-06-perception-and-positionality-june-2004/,,,,,
73,item,Item candidate indicated by ownership status and/or legacy tempid.,Transcending the Mind,Perception and Positionality (Jun 2004) DVD02,lecture,2004,06,DVD,Part 2,True,https://veritaspub.com/product/2004-06-perception-and-positionality-june-2004/,,LS200403_2,Perception and Positionality (Jun 2004) DVD02,✅,veritas,,,https://veritaspub.com/product/2004-06-perception-and-positionality-june-2004/,,,,,
74,item,Item candidate indicated by ownership status and/or legacy tempid.,Transcending the Mind,Perception and Positionality (Jun 2004) DVD03,lecture,2004,06,DVD,Part 3,True,https://veritaspub.com/product/2004-06-perception-and-positionality-june-2004/,,LS200403_3,Perception and Positionality (Jun 2004) DVD03,✅,veritas,,,https://veritaspub.com/product/2004-06-perception-and-positionality-june-2004/,,,,,
75,item,Item candidate indicated by ownership status and/or legacy tempid.,Transcending the Mind,Identification and Illusion (Aug 2004) DVD01,lecture,2004,08,DVD,Part 1,True,https://veritaspub.com/product/2004-08-identification-and-illusion-aug-2004/,,LS200404_1,Identification and Illusion (Aug 2004) DVD01,✅,veritas,,,https://veritaspub.com/product/2004-08-identification-and-illusion-aug-2004/,,,,,
76,item,Item candidate indicated by ownership status and/or legacy tempid.,Transcending the Mind,Identification and Illusion (Aug 2004) DVD02,lecture,2004,08,DVD,Part 2,True,https://veritaspub.com/product/2004-08-identification-and-illusion-aug-2004/,,LS200404_2,Identification and Illusion (Aug 2004) DVD02,✅,veritas,,,https://veritaspub.com/product/2004-08-identification-and-illusion-aug-2004/,,,,,
77,item,Item candidate indicated by ownership status and/or legacy tempid.,Transcending the Mind,Identification and Illusion (Aug 2004) DVD03,lecture,2004,08,DVD,Part 3,True,https://veritaspub.com/product/2004-08-identification-and-illusion-aug-2004/,,LS200404_3,Identification and Illusion (Aug 2004) DVD03,✅,veritas,,,https://veritaspub.com/product/2004-08-identification-and-illusion-aug-2004/,,,,,
78,item,Item candidate indicated by ownership status and/or legacy tempid.,Transcending the Mind,Witnessing and Observing (Oct 2004) DVD01,lecture,2004,10,DVD,Part 1,True,https://veritaspub.com/product/2004-10-witnessing-and-observing-october-2004/,,LS200405_1,Witnessing and Observing (Oct 2004) DVD01,✅,veritas,,,https://veritaspub.com/product/2004-10-witnessing-and-observing-october-2004/,,,,,
79,item,Item candidate indicated by ownership status and/or legacy tempid.,Transcending the Mind,Witnessing and Observing (Oct 2004) DVD02,lecture,2004,10,DVD,Part 2,True,https://veritaspub.com/product/2004-10-witnessing-and-observing-october-2004/,,LS200405_2,Witnessing and Observing (Oct 2004) DVD02,✅,veritas,,,https://veritaspub.com/product/2004-10-witnessing-and-observing-october-2004/,,,,,
80,item,Item candidate indicated by ownership status and/or legacy tempid.,Transcending the Mind,Witnessing and Observing (Oct 2004) DVD03,lecture,2004,10,DVD,Part 3,True,https://veritaspub.com/product/2004-10-witnessing-and-observing-october-2004/,,LS200405_3,Witnessing and Observing (Oct 2004) DVD03,✅,veritas,,,https://veritaspub.com/product/2004-10-witnessing-and-observing-october-2004/,,,,,
81,item,Item candidate indicated by ownership status and/or legacy tempid.,Transcending the Mind,The Ego and The Self (Dec 2004) DVD01,lecture,2004,12,DVD,Part 1,True,https://veritaspub.com/product/2004-12-the-ego-and-the-self-december-2004/,,LS200406_1,The Ego and The Self (Dec 2004) DVD01,✅,veritas,,,https://veritaspub.com/product/2004-12-the-ego-and-the-self-december-2004/,,,,,
82,item,Item candidate indicated by ownership status and/or legacy tempid.,Transcending the Mind,The Ego and The Self (Dec 2004) DVD02,lecture,2004,12,DVD,Part 2,True,https://veritaspub.com/product/2004-12-the-ego-and-the-self-december-2004/,,LS200406_2,The Ego and The Self (Dec 2004) DVD02,✅,veritas,,,https://veritaspub.com/product/2004-12-the-ego-and-the-self-december-2004/,,,,,
83,item,Item candidate indicated by ownership status and/or legacy tempid.,Transcending the Mind,The Ego and The Self (Dec 2004) DVD03,lecture,2004,12,DVD,Part 3,True,https://veritaspub.com/product/2004-12-the-ego-and-the-self-december-2004/,,LS200406_3,The Ego and The Self (Dec 2004) DVD03,✅,veritas,,,https://veritaspub.com/product/2004-12-the-ego-and-the-self-december-2004/,,,,,
84,series_context,Annual lecture-series heading.,,,,,,,,,,,,Series 2005: Nonduality Intensive,,,,,,,,,,
85,item,Item candidate indicated by ownership status and/or legacy tempid.,Nonduality Intensive,Vision (Feb 2005) DVD01,lecture,2005,02,DVD,Part 1,True,https://veritaspub.com/product/vision-feb-2005/,,LS200501_1,Vision (Feb 2005) DVD01,✅,veritas,,,https://veritaspub.com/product/vision-feb-2005/,,,,,
86,item,Item candidate indicated by ownership status and/or legacy tempid.,Nonduality Intensive,Vision (Feb 2005) DVD02,lecture,2005,02,DVD,Part 2,True,https://veritaspub.com/product/vision-feb-2005/,,LS200501_2,Vision (Feb 2005) DVD02,✅,veritas,,,https://veritaspub.com/product/vision-feb-2005/,,,,,
87,item,Item candidate indicated by ownership status and/or legacy tempid.,Nonduality Intensive,Vision (Feb 2005) DVD03,lecture,2005,02,DVD,Part 3,True,https://veritaspub.com/product/vision-feb-2005/,,LS200501_3,Vision (Feb 2005) DVD03,✅,veritas,,,https://veritaspub.com/product/vision-feb-2005/,,,,,
88,item,Item candidate indicated by ownership status and/or legacy tempid.,Nonduality Intensive,Alignment (Apr 2005) DVD01,lecture,2005,04,DVD,Part 1,True,https://veritaspub.com/product/2005-04-alignment-apr-2005/,,LS200502_1,Alignment (Apr 2005) DVD01,✅,veritas,,,https://veritaspub.com/product/2005-04-alignment-apr-2005/,,,,,
89,item,Item candidate indicated by ownership status and/or legacy tempid.,Nonduality Intensive,Alignment (Apr 2005) DVD02,lecture,2005,04,DVD,Part 2,True,https://veritaspub.com/product/2005-04-alignment-apr-2005/,,LS200502_2,Alignment (Apr 2005) DVD02,✅,veritas,,,https://veritaspub.com/product/2005-04-alignment-apr-2005/,,,,,
90,item,Item candidate indicated by ownership status and/or legacy tempid.,Nonduality Intensive,Alignment (Apr 2005) DVD03,lecture,2005,04,DVD,Part 3,True,https://veritaspub.com/product/2005-04-alignment-apr-2005/,,LS200502_3,Alignment (Apr 2005) DVD03,✅,veritas,,,https://veritaspub.com/product/2005-04-alignment-apr-2005/,,,,,
91,item,Item candidate indicated by ownership status and/or legacy tempid.,Nonduality Intensive,Intention (May 2005) DVD01,lecture,2005,05,DVD,Part 1,True,https://veritaspub.com/product/2005-05-intention-may-2005/,,LS200503_1,Intention (May 2005) DVD01,✅,veritas,,,https://veritaspub.com/product/2005-05-intention-may-2005/,,,,,
92,item,Item candidate indicated by ownership status and/or legacy tempid.,Nonduality Intensive,Intention (May 2005) DVD02,lecture,2005,05,DVD,Part 2,True,https://veritaspub.com/product/2005-05-intention-may-2005/,,LS200503_2,Intention (May 2005) DVD02,✅,veritas,,,https://veritaspub.com/product/2005-05-intention-may-2005/,,,,,
93,item,Item candidate indicated by ownership status and/or legacy tempid.,Nonduality Intensive,Intention (May 2005) DVD03,lecture,2005,05,DVD,Part 3,True,https://veritaspub.com/product/2005-05-intention-may-2005/,,LS200503_3,Intention (May 2005) DVD03,✅,veritas,,,https://veritaspub.com/product/2005-05-intention-may-2005/,,,,,
94,item,Item candidate indicated by ownership status and/or legacy tempid.,Nonduality Intensive,Transcending Barriers (Jun 2005) DVD01,lecture,2005,06,DVD,Part 1,True,https://veritaspub.com/product/2005-06-transcending-barriers-june-2005/,,LS200504_1,Transcending Barriers (Jun 2005) DVD01,✅,veritas,,,https://veritaspub.com/product/2005-06-transcending-barriers-june-2005/,,,,,
95,item,Item candidate indicated by ownership status and/or legacy tempid.,Nonduality Intensive,Transcending Barriers (Jun 2005) DVD02,lecture,2005,06,DVD,Part 2,True,https://veritaspub.com/product/2005-06-transcending-barriers-june-2005/,,LS200504_2,Transcending Barriers (Jun 2005) DVD02,✅,veritas,,,https://veritaspub.com/product/2005-06-transcending-barriers-june-2005/,,,,,
96,item,Item candidate indicated by ownership status and/or legacy tempid.,Nonduality Intensive,Transcending Barriers (Jun 2005) DVD03,lecture,2005,06,DVD,Part 3,True,https://veritaspub.com/product/2005-06-transcending-barriers-june-2005/,,LS200504_3,Transcending Barriers (Jun 2005) DVD03,✅,veritas,,,https://veritaspub.com/product/2005-06-transcending-barriers-june-2005/,,,,,
97,item,Item candidate indicated by ownership status and/or legacy tempid.,Nonduality Intensive,Conviction (Jul 2005) DVD01,lecture,2005,07,DVD,Part 1,True,https://veritaspub.com/product/2005-07-conviction-july-2005/,,LS200505_1,Conviction (Jul 2005) DVD01,✅,veritas,,,https://veritaspub.com/product/2005-07-conviction-july-2005/,,,,,
98,item,Item candidate indicated by ownership status and/or legacy tempid.,Nonduality Intensive,Conviction (Jul 2005) DVD02,lecture,2005,07,DVD,Part 2,True,https://veritaspub.com/product/2005-07-conviction-july-2005/,,LS200505_2,Conviction (Jul 2005) DVD02,✅,veritas,,,https://veritaspub.com/product/2005-07-conviction-july-2005/,,,,,
99,item,Item candidate indicated by ownership status and/or legacy tempid.,Nonduality Intensive,Conviction (Jul 2005) DVD03,lecture,2005,07,DVD,Part 3,True,https://veritaspub.com/product/2005-07-conviction-july-2005/,,LS200505_3,Conviction (Jul 2005) DVD03,✅,veritas,,,https://veritaspub.com/product/2005-07-conviction-july-2005/,,,,,
100,item,Item candidate indicated by ownership status and/or legacy tempid.,Nonduality Intensive,Serenity (Aug 2005) DVD01,lecture,2005,08,DVD,Part 1,True,https://veritaspub.com/product/2005-08-serenity-august-2005/,,LS200506_1,Serenity (Aug 2005) DVD01,✅,veritas,,,https://veritaspub.com/product/2005-08-serenity-august-2005/,,,,,
101,item,Item candidate indicated by ownership status and/or legacy tempid.,Nonduality Intensive,Serenity (Aug 2005) DVD02,lecture,2005,08,DVD,Part 2,True,https://veritaspub.com/product/2005-08-serenity-august-2005/,,LS200506_2,Serenity (Aug 2005) DVD02,✅,veritas,,,https://veritaspub.com/product/2005-08-serenity-august-2005/,,,,,
102,item,Item candidate indicated by ownership status and/or legacy tempid.,Nonduality Intensive,Serenity (Aug 2005) DVD03,lecture,2005,08,DVD,Part 3,True,https://veritaspub.com/product/2005-08-serenity-august-2005/,,LS200506_3,Serenity (Aug 2005) DVD03,✅,veritas,,,https://veritaspub.com/product/2005-08-serenity-august-2005/,,,,,
103,item,Item candidate indicated by ownership status and/or legacy tempid.,Nonduality Intensive,Transcending Obstacles (Sep 2005) DVD01,lecture,2005,09,DVD,Part 1,True,https://veritaspub.com/product/2005-09-transcending-obstacles-sept-2005/,,LS200507_1,Transcending Obstacles (Sep 2005) DVD01,✅,veritas,,,https://veritaspub.com/product/2005-09-transcending-obstacles-sept-2005/,,,,,
104,item,Item candidate indicated by ownership status and/or legacy tempid.,Nonduality Intensive,Transcending Obstacles (Sep 2005) DVD02,lecture,2005,09,DVD,Part 2,True,https://veritaspub.com/product/2005-09-transcending-obstacles-sept-2005/,,LS200507_2,Transcending Obstacles (Sep 2005) DVD02,✅,veritas,,,https://veritaspub.com/product/2005-09-transcending-obstacles-sept-2005/,,,,,
105,item,Item candidate indicated by ownership status and/or legacy tempid.,Nonduality Intensive,Transcending Obstacles (Sep 2005) DVD03,lecture,2005,09,DVD,Part 3,True,https://veritaspub.com/product/2005-09-transcending-obstacles-sept-2005/,,LS200507_3,Transcending Obstacles (Sep 2005) DVD03,✅,veritas,,,https://veritaspub.com/product/2005-09-transcending-obstacles-sept-2005/,,,,,
106,item,Item candidate indicated by ownership status and/or legacy tempid.,Nonduality Intensive,Spiritual Traps (Oct 2005) DVD01,lecture,2005,10,DVD,Part 1,True,https://veritaspub.com/product/2005-10-spiritual-traps-october-2005/,,LS200508_1,Spiritual Traps (Oct 2005) DVD01,✅,veritas,,,https://veritaspub.com/product/2005-10-spiritual-traps-october-2005/,,,,,
107,item,Item candidate indicated by ownership status and/or legacy tempid.,Nonduality Intensive,Spiritual Traps (Oct 2005) DVD02,lecture,2005,10,DVD,Part 2,True,https://veritaspub.com/product/2005-10-spiritual-traps-october-2005/,,LS200508_2,Spiritual Traps (Oct 2005) DVD02,✅,veritas,,,https://veritaspub.com/product/2005-10-spiritual-traps-october-2005/,,,,,
108,item,Item candidate indicated by ownership status and/or legacy tempid.,Nonduality Intensive,Spiritual Traps (Oct 2005) DVD03,lecture,2005,10,DVD,Part 3,True,https://veritaspub.com/product/2005-10-spiritual-traps-october-2005/,,LS200508_3,Spiritual Traps (Oct 2005) DVD03,✅,veritas,,,https://veritaspub.com/product/2005-10-spiritual-traps-october-2005/,,,,,
109,item,Item candidate indicated by ownership status and/or legacy tempid.,Nonduality Intensive,Valid Teachers and Teachings (Nov 2005) DVD01,lecture,2005,11,DVD,Part 1,True,https://veritaspub.com/product/2005-11-valid-teachers-and-teachings-nov-2005/,,LS200509_1,Valid Teachers and Teachings (Nov 2005) DVD01,✅,veritas,,,https://veritaspub.com/product/2005-11-valid-teachers-and-teachings-nov-2005/,,,,,
110,item,Item candidate indicated by ownership status and/or legacy tempid.,Nonduality Intensive,Valid Teachers and Teachings (Nov 2005) DVD02,lecture,2005,11,DVD,Part 2,True,https://veritaspub.com/product/2005-11-valid-teachers-and-teachings-nov-2005/,,LS200509_2,Valid Teachers and Teachings (Nov 2005) DVD02,✅,veritas,,,https://veritaspub.com/product/2005-11-valid-teachers-and-teachings-nov-2005/,,,,,
111,item,Item candidate indicated by ownership status and/or legacy tempid.,Nonduality Intensive,Valid Teachers and Teachings (Nov 2005) DVD03,lecture,2005,11,DVD,Part 3,True,https://veritaspub.com/product/2005-11-valid-teachers-and-teachings-nov-2005/,,LS200509_3,Valid Teachers and Teachings (Nov 2005) DVD03,✅,veritas,,,https://veritaspub.com/product/2005-11-valid-teachers-and-teachings-nov-2005/,,,,,
112,item,Item candidate indicated by ownership status and/or legacy tempid.,Nonduality Intensive,"God, Religion, and Spirituality (Dec 2005) DVD01",lecture,2005,12,DVD,Part 1,True,https://veritaspub.com/product/2005-12-god-religion-and-spirituality-dec-2005/,,LS200510_1,"God, Religion, and Spirituality (Dec 2005) DVD01",✅,veritas,,,https://veritaspub.com/product/2005-12-god-religion-and-spirituality-dec-2005/,,,,,
113,item,Item candidate indicated by ownership status and/or legacy tempid.,Nonduality Intensive,"God, Religion, and Spirituality (Dec 2005) DVD02",lecture,2005,12,DVD,Part 2,True,https://veritaspub.com/product/2005-12-god-religion-and-spirituality-dec-2005/,,LS200510_2,"God, Religion, and Spirituality (Dec 2005) DVD02",✅,veritas,,,https://veritaspub.com/product/2005-12-god-religion-and-spirituality-dec-2005/,,,,,
114,item,Item candidate indicated by ownership status and/or legacy tempid.,Nonduality Intensive,"God, Religion, and Spirituality (Dec 2005) DVD03",lecture,2005,12,DVD,Part 3,True,https://veritaspub.com/product/2005-12-god-religion-and-spirituality-dec-2005/,,LS200510_3,"God, Religion, and Spirituality (Dec 2005) DVD03",✅,veritas,,,https://veritaspub.com/product/2005-12-god-religion-and-spirituality-dec-2005/,,,,,
115,series_context,Annual lecture-series heading.,,,,,,,,,,,,Series 2006: Transcending Levels of Consciousness,,,,,,,,,,
116,item,Item candidate indicated by ownership status and/or legacy tempid.,Transcending Levels of Consciousness,Experiential Reality (Feb 2006) DVD01,lecture,2006,02,DVD,Part 1,True,https://veritaspub.com/product/2006-02-experiential-reality-feb-2006/,,LS200601_1,Experiential Reality (Feb 2006) DVD01,✅,veritas,,,https://veritaspub.com/product/2006-02-experiential-reality-feb-2006/,,,,,
117,item,Item candidate indicated by ownership status and/or legacy tempid.,Transcending Levels of Consciousness,Experiential Reality (Feb 2006) DVD02,lecture,2006,02,DVD,Part 2,True,https://veritaspub.com/product/2006-02-experiential-reality-feb-2006/,,LS200601_2,Experiential Reality (Feb 2006) DVD02,✅,veritas,,,https://veritaspub.com/product/2006-02-experiential-reality-feb-2006/,,,,,
118,item,Item candidate indicated by ownership status and/or legacy tempid.,Transcending Levels of Consciousness,Experiential Reality (Feb 2006) DVD03,lecture,2006,02,DVD,Part 3,True,https://veritaspub.com/product/2006-02-experiential-reality-feb-2006/,,LS200601_3,Experiential Reality (Feb 2006) DVD03,✅,veritas,,,https://veritaspub.com/product/2006-02-experiential-reality-feb-2006/,,,,,
119,item,Item candidate indicated by ownership status and/or legacy tempid.,Transcending Levels of Consciousness,Perception vs Essence (Apr 2006) DVD01,lecture,2006,04,DVD,Part 1,True,https://veritaspub.com/product/2006-04-perception-vs-essence-april-2006/,,LS200602_1,Perception vs Essence (Apr 2006) DVD01,✅,veritas,,,https://veritaspub.com/product/2006-04-perception-vs-essence-april-2006/,,,,,
120,item,Item candidate indicated by ownership status and/or legacy tempid.,Transcending Levels of Consciousness,Perception vs Essence (Apr 2006) DVD02,lecture,2006,04,DVD,Part 2,True,https://veritaspub.com/product/2006-04-perception-vs-essence-april-2006/,,LS200602_2,Perception vs Essence (Apr 2006) DVD02,✅,veritas,,,https://veritaspub.com/product/2006-04-perception-vs-essence-april-2006/,,,,,
121,item,Item candidate indicated by ownership status and/or legacy tempid.,Transcending Levels of Consciousness,Perception vs Essence (Apr 2006) DVD03,lecture,2006,04,DVD,Part 3,True,https://veritaspub.com/product/2006-04-perception-vs-essence-april-2006/,,LS200602_3,Perception vs Essence (Apr 2006) DVD03,✅,veritas,,,https://veritaspub.com/product/2006-04-perception-vs-essence-april-2006/,,,,,
122,item,Item candidate indicated by ownership status and/or legacy tempid.,Transcending Levels of Consciousness,Spiritual Truth vs. Spiritual Fantasy (Jun 2006) DVD01,lecture,2006,06,DVD,Part 1,True,https://veritaspub.com/product/2006-06-spiritual-truth-vs-spiritual-fantasy-june-2006/,,LS200603_1,Spiritual Truth vs. Spiritual Fantasy (Jun 2006) DVD01,✅,veritas,,,https://veritaspub.com/product/2006-06-spiritual-truth-vs-spiritual-fantasy-june-2006/,,,,,
123,item,Item candidate indicated by ownership status and/or legacy tempid.,Transcending Levels of Consciousness,Spiritual Truth vs. Spiritual Fantasy (Jun 2006) DVD02,lecture,2006,06,DVD,Part 2,True,https://veritaspub.com/product/2006-06-spiritual-truth-vs-spiritual-fantasy-june-2006/,,LS200603_2,Spiritual Truth vs. Spiritual Fantasy (Jun 2006) DVD02,✅,veritas,,,https://veritaspub.com/product/2006-06-spiritual-truth-vs-spiritual-fantasy-june-2006/,,,,,
124,item,Item candidate indicated by ownership status and/or legacy tempid.,Transcending Levels of Consciousness,Spiritual Truth vs. Spiritual Fantasy (Jun 2006) DVD03,lecture,2006,06,DVD,Part 3,True,https://veritaspub.com/product/2006-06-spiritual-truth-vs-spiritual-fantasy-june-2006/,,LS200603_3,Spiritual Truth vs. Spiritual Fantasy (Jun 2006) DVD03,✅,veritas,,,https://veritaspub.com/product/2006-06-spiritual-truth-vs-spiritual-fantasy-june-2006/,,,,,
125,item,Item candidate indicated by ownership status and/or legacy tempid.,Transcending Levels of Consciousness,Reason vs Truth (Aug 2006) DVD01,lecture,2006,08,DVD,Part 1,True,https://veritaspub.com/product/2006-08-reason-vs-truth-aug-2006/,,LS200604_1,Reason vs Truth (Aug 2006) DVD01,✅,veritas,,,https://veritaspub.com/product/2006-08-reason-vs-truth-aug-2006/,,,,,
126,item,Item candidate indicated by ownership status and/or legacy tempid.,Transcending Levels of Consciousness,Reason vs Truth (Aug 2006) DVD02,lecture,2006,08,DVD,Part 2,True,https://veritaspub.com/product/2006-08-reason-vs-truth-aug-2006/,,LS200604_2,Reason vs Truth (Aug 2006) DVD02,✅,veritas,,,https://veritaspub.com/product/2006-08-reason-vs-truth-aug-2006/,,,,,
127,item,Item candidate indicated by ownership status and/or legacy tempid.,Transcending Levels of Consciousness,Reason vs Truth (Aug 2006) DVD03,lecture,2006,08,DVD,Part 3,True,https://veritaspub.com/product/2006-08-reason-vs-truth-aug-2006/,,LS200604_3,Reason vs Truth (Aug 2006) DVD03,✅,veritas,,,https://veritaspub.com/product/2006-08-reason-vs-truth-aug-2006/,,,,,
128,item,Item candidate indicated by ownership status and/or legacy tempid.,Transcending Levels of Consciousness,A Review of the Work (Sep 2006) DVD01,lecture,2006,09,DVD,Part 1,True,https://veritaspub.com/product/2006-09-a-review-of-the-work-sept-2006/,,LS200605_1,A Review of the Work (Sep 2006) DVD01,✅,veritas,,,https://veritaspub.com/product/2006-09-a-review-of-the-work-sept-2006/,,,,,
129,item,Item candidate indicated by ownership status and/or legacy tempid.,Transcending Levels of Consciousness,A Review of the Work (Sep 2006) DVD02,lecture,2006,09,DVD,Part 2,True,https://veritaspub.com/product/2006-09-a-review-of-the-work-sept-2006/,,LS200605_2,A Review of the Work (Sep 2006) DVD02,✅,veritas,,,https://veritaspub.com/product/2006-09-a-review-of-the-work-sept-2006/,,,,,
130,item,Item candidate indicated by ownership status and/or legacy tempid.,Transcending Levels of Consciousness,A Review of the Work (Sep 2006) DVD03,lecture,2006,09,DVD,Part 3,True,https://veritaspub.com/product/2006-09-a-review-of-the-work-sept-2006/,,LS200605_3,A Review of the Work (Sep 2006) DVD03,✅,veritas,,,https://veritaspub.com/product/2006-09-a-review-of-the-work-sept-2006/,,,,,
131,item,Item candidate indicated by ownership status and/or legacy tempid.,Transcending Levels of Consciousness,Spiritual Practice and Daily Life (Oct 2006) DVD01,lecture,2006,10,DVD,Part 1,True,https://veritaspub.com/product/2006-10-spiritual-practice-and-daily-life-oct-2006/,,LS200606_1,Spiritual Practice and Daily Life (Oct 2006) DVD01,✅,veritas,,,https://veritaspub.com/product/2006-10-spiritual-practice-and-daily-life-oct-2006/,,,,,
132,item,Item candidate indicated by ownership status and/or legacy tempid.,Transcending Levels of Consciousness,Spiritual Practice and Daily Life (Oct 2006) DVD02,lecture,2006,10,DVD,Part 2,True,https://veritaspub.com/product/2006-10-spiritual-practice-and-daily-life-oct-2006/,,LS200606_2,Spiritual Practice and Daily Life (Oct 2006) DVD02,✅,veritas,,,https://veritaspub.com/product/2006-10-spiritual-practice-and-daily-life-oct-2006/,,,,,
133,item,Item candidate indicated by ownership status and/or legacy tempid.,Transcending Levels of Consciousness,Spiritual Practice and Daily Life (Oct 2006) DVD03,lecture,2006,10,DVD,Part 3,True,https://veritaspub.com/product/2006-10-spiritual-practice-and-daily-life-oct-2006/,,LS200606_3,Spiritual Practice and Daily Life (Oct 2006) DVD03,✅,veritas,,,https://veritaspub.com/product/2006-10-spiritual-practice-and-daily-life-oct-2006/,,,,,
134,item,Item candidate indicated by ownership status and/or legacy tempid.,Transcending Levels of Consciousness,Live Your Life Like a Prayer (Nov 2006) DVD01,lecture,2006,11,DVD,Part 1,True,https://veritaspub.com/product/2006-11-live-your-life-like-a-prayer-nov-2006/,,LS200607_1,Live Your Life Like a Prayer (Nov 2006) DVD01,✅,veritas,,,https://veritaspub.com/product/2006-11-live-your-life-like-a-prayer-nov-2006/,,,,,
135,item,Item candidate indicated by ownership status and/or legacy tempid.,Transcending Levels of Consciousness,Live Your Life Like a Prayer (Nov 2006) DVD02,lecture,2006,11,DVD,Part 2,True,https://veritaspub.com/product/2006-11-live-your-life-like-a-prayer-nov-2006/,,LS200607_2,Live Your Life Like a Prayer (Nov 2006) DVD02,✅,veritas,,,https://veritaspub.com/product/2006-11-live-your-life-like-a-prayer-nov-2006/,,,,,
136,item,Item candidate indicated by ownership status and/or legacy tempid.,Transcending Levels of Consciousness,Live Your Life Like a Prayer (Nov 2006) DVD03,lecture,2006,11,DVD,Part 3,True,https://veritaspub.com/product/2006-11-live-your-life-like-a-prayer-nov-2006/,,LS200607_3,Live Your Life Like a Prayer (Nov 2006) DVD03,✅,veritas,,,https://veritaspub.com/product/2006-11-live-your-life-like-a-prayer-nov-2006/,,,,,
137,item,Item candidate indicated by ownership status and/or legacy tempid.,Transcending Levels of Consciousness,Is the Miraculous Real? (Dec 2006) DVD01,lecture,2006,12,DVD,Part 1,True,https://veritaspub.com/product/2006-12-is-the-miraculous-real-dec-2006/,,LS200608_1,Is the Miraculous Real? (Dec 2006) DVD01,✅,veritas,,,https://veritaspub.com/product/2006-12-is-the-miraculous-real-dec-2006/,,,,,
138,item,Item candidate indicated by ownership status and/or legacy tempid.,Transcending Levels of Consciousness,Is the Miraculous Real? (Dec 2006) DVD02,lecture,2006,12,DVD,Part 2,True,https://veritaspub.com/product/2006-12-is-the-miraculous-real-dec-2006/,,LS200608_2,Is the Miraculous Real? (Dec 2006) DVD02,✅,veritas,,,https://veritaspub.com/product/2006-12-is-the-miraculous-real-dec-2006/,,,,,
139,item,Item candidate indicated by ownership status and/or legacy tempid.,Transcending Levels of Consciousness,Is the Miraculous Real? (Dec 2006) DVD03,lecture,2006,12,DVD,Part 3,True,https://veritaspub.com/product/2006-12-is-the-miraculous-real-dec-2006/,,LS200608_3,Is the Miraculous Real? (Dec 2006) DVD03,✅,veritas,,,https://veritaspub.com/product/2006-12-is-the-miraculous-real-dec-2006/,,,,,
140,series_context,Annual lecture-series heading.,,,,,,,,,,,,Series 2007: Spiritual Reality & Modern Man,,,,,,,,,,
141,item,Item candidate indicated by ownership status and/or legacy tempid.,Spiritual Reality & Modern Man,God vs Science: Limits of the Mind (Feb 2007) DVD01,lecture,2007,02,DVD,Part 1,True,https://veritaspub.com/product/2007-02-god-vs-science-limits-of-the-mind-feb-2007/,,LS200701_1,God vs Science: Limits of the Mind (Feb 2007) DVD01,✅,veritas,,,https://veritaspub.com/product/2007-02-god-vs-science-limits-of-the-mind-feb-2007/,,,,,
142,item,Item candidate indicated by ownership status and/or legacy tempid.,Spiritual Reality & Modern Man,God vs Science: Limits of the Mind (Feb 2007) DVD02,lecture,2007,02,DVD,Part 2,True,https://veritaspub.com/product/2007-02-god-vs-science-limits-of-the-mind-feb-2007/,,LS200701_2,God vs Science: Limits of the Mind (Feb 2007) DVD02,✅,veritas,,,https://veritaspub.com/product/2007-02-god-vs-science-limits-of-the-mind-feb-2007/,,,,,
143,item,Item candidate indicated by ownership status and/or legacy tempid.,Spiritual Reality & Modern Man,God vs Science: Limits of the Mind (Feb 2007) DVD03,lecture,2007,02,DVD,Part 3,True,https://veritaspub.com/product/2007-02-god-vs-science-limits-of-the-mind-feb-2007/,,LS200701_3,God vs Science: Limits of the Mind (Feb 2007) DVD03,✅,veritas,,,https://veritaspub.com/product/2007-02-god-vs-science-limits-of-the-mind-feb-2007/,,,,,
144,item,Item candidate indicated by ownership status and/or legacy tempid.,Spiritual Reality & Modern Man,Relativism vs Reality (Apr 2007) DVD01,lecture,2007,,DVD,Part 1,True,,,LS200702_1,Relativism vs Reality (Apr 2007) DVD01,✅,veritas,,,,,,,,
145,item,Item candidate indicated by ownership status and/or legacy tempid.,Spiritual Reality & Modern Man,Relativism vs Reality (Apr 2007) DVD02,lecture,2007,,DVD,Part 2,True,,,LS200702_2,Relativism vs Reality (Apr 2007) DVD02,✅,veritas,,,,,,,,
146,item,Item candidate indicated by ownership status and/or legacy tempid.,Spiritual Reality & Modern Man,Relativism vs Reality (Apr 2007) DVD03,lecture,2007,,DVD,Part 3,True,,,LS200702_3,Relativism vs Reality (Apr 2007) DVD03,✅,veritas,,,,,,,,
147,item,Item candidate indicated by ownership status and/or legacy tempid.,Spiritual Reality & Modern Man,What is 'Real'? (Jun 2007) DVD01,lecture,2007,06,DVD,Part 1,True,https://veritaspub.com/product/2007-06-what-is-real-june-2007/,,LS200703_1,What is 'Real'? (Jun 2007) DVD01,✅,veritas,,,https://veritaspub.com/product/2007-06-what-is-real-june-2007/,,,,,
148,item,Item candidate indicated by ownership status and/or legacy tempid.,Spiritual Reality & Modern Man,What is 'Real'? (Jun 2007) DVD02,lecture,2007,06,DVD,Part 2,True,https://veritaspub.com/product/2007-06-what-is-real-june-2007/,,LS200703_2,What is 'Real'? (Jun 2007) DVD02,✅,veritas,,,https://veritaspub.com/product/2007-06-what-is-real-june-2007/,,,,,
149,item,Item candidate indicated by ownership status and/or legacy tempid.,Spiritual Reality & Modern Man,What is 'Real'? (Jun 2007) DVD03,lecture,2007,06,DVD,Part 3,True,https://veritaspub.com/product/2007-06-what-is-real-june-2007/,,LS200703_3,What is 'Real'? (Jun 2007) DVD03,✅,veritas,,,https://veritaspub.com/product/2007-06-what-is-real-june-2007/,,,,,
150,item,Item candidate indicated by ownership status and/or legacy tempid.,Spiritual Reality & Modern Man,What is Truth? The Absolute (Jul 2007) DVD01,lecture,2007,07,DVD,Part 1,True,https://veritaspub.com/product/2007-07-what-is-truth-the-absolute-july-2007/,,LS200704_1,What is Truth? The Absolute (Jul 2007) DVD01,✅,veritas,,,https://veritaspub.com/product/2007-07-what-is-truth-the-absolute-july-2007/,,,,,
151,item,Item candidate indicated by ownership status and/or legacy tempid.,Spiritual Reality & Modern Man,What is Truth? The Absolute (Jul 2007) DVD02,lecture,2007,07,DVD,Part 2,True,https://veritaspub.com/product/2007-07-what-is-truth-the-absolute-july-2007/,,LS200704_2,What is Truth? The Absolute (Jul 2007) DVD02,✅,veritas,,,https://veritaspub.com/product/2007-07-what-is-truth-the-absolute-july-2007/,,,,,
152,item,Item candidate indicated by ownership status and/or legacy tempid.,Spiritual Reality & Modern Man,What is Truth? The Absolute (Jul 2007) DVD03,lecture,2007,07,DVD,Part 3,True,https://veritaspub.com/product/2007-07-what-is-truth-the-absolute-july-2007/,,LS200704_3,What is Truth? The Absolute (Jul 2007) DVD03,✅,veritas,,,https://veritaspub.com/product/2007-07-what-is-truth-the-absolute-july-2007/,,,,,
153,item,Item candidate indicated by ownership status and/or legacy tempid.,Spiritual Reality & Modern Man,The Human Dilemma (Aug 2007) DVD01,lecture,2007,08,DVD,Part 1,True,https://veritaspub.com/product/2007-08-the-human-dilemma-aug-2007/,,LS200705_1,The Human Dilemma (Aug 2007) DVD01,✅,veritas,,,https://veritaspub.com/product/2007-08-the-human-dilemma-aug-2007/,,,,,
154,item,Item candidate indicated by ownership status and/or legacy tempid.,Spiritual Reality & Modern Man,The Human Dilemma (Aug 2007) DVD02,lecture,2007,08,DVD,Part 2,True,https://veritaspub.com/product/2007-08-the-human-dilemma-aug-2007/,,LS200705_2,The Human Dilemma (Aug 2007) DVD02,✅,veritas,,,https://veritaspub.com/product/2007-08-the-human-dilemma-aug-2007/,,,,,
155,item,Item candidate indicated by ownership status and/or legacy tempid.,Spiritual Reality & Modern Man,The Human Dilemma (Aug 2007) DVD03,lecture,2007,08,DVD,Part 3,True,https://veritaspub.com/product/2007-08-the-human-dilemma-aug-2007/,,LS200705_3,The Human Dilemma (Aug 2007) DVD03,✅,veritas,,,https://veritaspub.com/product/2007-08-the-human-dilemma-aug-2007/,,,,,
156,item,Item candidate indicated by ownership status and/or legacy tempid.,Spiritual Reality & Modern Man,A Review of the Work (Sep 2007) DVD01,lecture,2007,09,DVD,Part 1,True,https://veritaspub.com/product/2007-09-a-review-of-the-work/,,LS200706_1,A Review of the Work (Sep 2007) DVD01,✅,veritas,,,https://veritaspub.com/product/2007-09-a-review-of-the-work/,,,,,
157,item,Item candidate indicated by ownership status and/or legacy tempid.,Spiritual Reality & Modern Man,A Review of the Work (Sep 2007) DVD02,lecture,2007,09,DVD,Part 2,True,https://veritaspub.com/product/2007-09-a-review-of-the-work/,,LS200706_2,A Review of the Work (Sep 2007) DVD02,✅,veritas,,,https://veritaspub.com/product/2007-09-a-review-of-the-work/,,,,,
158,item,Item candidate indicated by ownership status and/or legacy tempid.,Spiritual Reality & Modern Man,A Review of the Work (Sep 2007) DVD03,lecture,2007,09,DVD,Part 3,True,https://veritaspub.com/product/2007-09-a-review-of-the-work/,,LS200706_3,A Review of the Work (Sep 2007) DVD03,✅,veritas,,,https://veritaspub.com/product/2007-09-a-review-of-the-work/,,,,,
159,item,Item candidate indicated by ownership status and/or legacy tempid.,Spiritual Reality & Modern Man,Creation vs Evolution (Oct 2007) DVD01,lecture,2007,10,DVD,Part 1,True,https://veritaspub.com/product/2007-10-creation-vs-evolution-2007-oct/,,LS200707_1,Creation vs Evolution (Oct 2007) DVD01,✅,veritas,,,https://veritaspub.com/product/2007-10-creation-vs-evolution-2007-oct/,,,,,
160,item,Item candidate indicated by ownership status and/or legacy tempid.,Spiritual Reality & Modern Man,Creation vs Evolution (Oct 2007) DVD02,lecture,2007,10,DVD,Part 2,True,https://veritaspub.com/product/2007-10-creation-vs-evolution-2007-oct/,,LS200707_2,Creation vs Evolution (Oct 2007) DVD02,✅,veritas,,,https://veritaspub.com/product/2007-10-creation-vs-evolution-2007-oct/,,,,,
161,item,Item candidate indicated by ownership status and/or legacy tempid.,Spiritual Reality & Modern Man,Creation vs Evolution (Oct 2007) DVD03,lecture,2007,10,DVD,Part 3,True,https://veritaspub.com/product/2007-10-creation-vs-evolution-2007-oct/,,LS200707_3,Creation vs Evolution (Oct 2007) DVD03,✅,veritas,,,https://veritaspub.com/product/2007-10-creation-vs-evolution-2007-oct/,,,,,
162,item,Item candidate indicated by ownership status and/or legacy tempid.,Spiritual Reality & Modern Man,Spiritual Survival: Realization of Reality (Nov 2007) DVD01,lecture,2007,11,DVD,Part 1,True,https://veritaspub.com/product/2007-11-spiritual-survival-realization-of-reality-nov-2007/,,LS200708_1,Spiritual Survival: Realization of Reality (Nov 2007) DVD01,✅,veritas,,,https://veritaspub.com/product/2007-11-spiritual-survival-realization-of-reality-nov-2007/,,,,,
163,item,Item candidate indicated by ownership status and/or legacy tempid.,Spiritual Reality & Modern Man,Spiritual Survival: Realization of Reality (Nov 2007) DVD02,lecture,2007,11,DVD,Part 2,True,https://veritaspub.com/product/2007-11-spiritual-survival-realization-of-reality-nov-2007/,,LS200708_2,Spiritual Survival: Realization of Reality (Nov 2007) DVD02,✅,veritas,,,https://veritaspub.com/product/2007-11-spiritual-survival-realization-of-reality-nov-2007/,,,,,
164,item,Item candidate indicated by ownership status and/or legacy tempid.,Spiritual Reality & Modern Man,Spiritual Survival: Realization of Reality (Nov 2007) DVD03,lecture,2007,11,DVD,Part 3,True,https://veritaspub.com/product/2007-11-spiritual-survival-realization-of-reality-nov-2007/,,LS200708_3,Spiritual Survival: Realization of Reality (Nov 2007) DVD03,✅,veritas,,,https://veritaspub.com/product/2007-11-spiritual-survival-realization-of-reality-nov-2007/,,,,,
165,item,Item candidate indicated by ownership status and/or legacy tempid.,Spiritual Reality & Modern Man,Experiential Reality: The Mystic (Dec 2007) DVD01,lecture,2007,12,DVD,Part 1,True,https://veritaspub.com/product/2007-12-experiential-reality-the-mystic-dec-2007/,,LS200709_1,Experiential Reality: The Mystic (Dec 2007) DVD01,✅,veritas,,,https://veritaspub.com/product/2007-12-experiential-reality-the-mystic-dec-2007/,,,,,
166,item,Item candidate indicated by ownership status and/or legacy tempid.,Spiritual Reality & Modern Man,Experiential Reality: The Mystic (Dec 2007) DVD02,lecture,2007,12,DVD,Part 2,True,https://veritaspub.com/product/2007-12-experiential-reality-the-mystic-dec-2007/,,LS200709_2,Experiential Reality: The Mystic (Dec 2007) DVD02,✅,veritas,,,https://veritaspub.com/product/2007-12-experiential-reality-the-mystic-dec-2007/,,,,,
167,item,Item candidate indicated by ownership status and/or legacy tempid.,Spiritual Reality & Modern Man,Experiential Reality: The Mystic (Dec 2007) DVD03,lecture,2007,12,DVD,Part 3,True,https://veritaspub.com/product/2007-12-experiential-reality-the-mystic-dec-2007/,,LS200709_3,Experiential Reality: The Mystic (Dec 2007) DVD03,✅,veritas,,,https://veritaspub.com/product/2007-12-experiential-reality-the-mystic-dec-2007/,,,,,
168,series_context,Annual lecture-series heading.,,,,,,,,,,,,Series 2008: Advanced Spiritual Awareness,,,,,,,,,,
169,item,Item candidate indicated by ownership status and/or legacy tempid.,Advanced Spiritual Awareness,Spirituality: Reason and Faith (Jan 2008) DVD01,lecture,2008,01,DVD,Part 1,True,https://veritaspub.com/product/2008-01-spirituality-reason-and-faith-jan-2008/,,LS200801_1,Spirituality: Reason and Faith (Jan 2008) DVD01,✅,veritas,,,https://veritaspub.com/product/2008-01-spirituality-reason-and-faith-jan-2008/,,,,,
170,item,Item candidate indicated by ownership status and/or legacy tempid.,Advanced Spiritual Awareness,Spirituality: Reason and Faith (Jan 2008) DVD02,lecture,2008,01,DVD,Part 2,True,https://veritaspub.com/product/2008-01-spirituality-reason-and-faith-jan-2008/,,LS200801_2,Spirituality: Reason and Faith (Jan 2008) DVD02,✅,veritas,,,https://veritaspub.com/product/2008-01-spirituality-reason-and-faith-jan-2008/,,,,,
171,item,Item candidate indicated by ownership status and/or legacy tempid.,Advanced Spiritual Awareness,Spirituality: Reason and Faith (Jan 2008) DVD03,lecture,2008,01,DVD,Part 3,True,https://veritaspub.com/product/2008-01-spirituality-reason-and-faith-jan-2008/,,LS200801_3,Spirituality: Reason and Faith (Jan 2008) DVD03,✅,veritas,,,https://veritaspub.com/product/2008-01-spirituality-reason-and-faith-jan-2008/,,,,,
172,item,Item candidate indicated by ownership status and/or legacy tempid.,Advanced Spiritual Awareness,The Clear Pathway to Enlightenment (Mar 2008) DVD01,lecture,2008,03,DVD,Part 1,True,https://veritaspub.com/product/2008-03-the-clear-pathway-to-enlightenment-march-2008/,,LS200802_1,The Clear Pathway to Enlightenment (Mar 2008) DVD01,✅,veritas,,,https://veritaspub.com/product/2008-03-the-clear-pathway-to-enlightenment-march-2008/,,,,,
173,item,Item candidate indicated by ownership status and/or legacy tempid.,Advanced Spiritual Awareness,The Clear Pathway to Enlightenment (Mar 2008) DVD02,lecture,2008,03,DVD,Part 2,True,https://veritaspub.com/product/2008-03-the-clear-pathway-to-enlightenment-march-2008/,,LS200802_2,The Clear Pathway to Enlightenment (Mar 2008) DVD02,✅,veritas,,,https://veritaspub.com/product/2008-03-the-clear-pathway-to-enlightenment-march-2008/,,,,,
174,item,Item candidate indicated by ownership status and/or legacy tempid.,Advanced Spiritual Awareness,The Clear Pathway to Enlightenment (Mar 2008) DVD03,lecture,2008,03,DVD,Part 3,True,https://veritaspub.com/product/2008-03-the-clear-pathway-to-enlightenment-march-2008/,,LS200802_3,The Clear Pathway to Enlightenment (Mar 2008) DVD03,✅,veritas,,,https://veritaspub.com/product/2008-03-the-clear-pathway-to-enlightenment-march-2008/,,,,,
175,item,Item candidate indicated by ownership status and/or legacy tempid.,Advanced Spiritual Awareness,"Belief, Trust and Credibility (Jun 2008) DVD01",lecture,2008,06,DVD,Part 1,True,https://veritaspub.com/product/2008-06-belief-trust-and-credibility-june-2008/,,LS200803_1,"Belief, Trust and Credibility (Jun 2008) DVD01",✅,veritas,,,https://veritaspub.com/product/2008-06-belief-trust-and-credibility-june-2008/,,,,,
176,item,Item candidate indicated by ownership status and/or legacy tempid.,Advanced Spiritual Awareness,"Belief, Trust and Credibility (Jun 2008) DVD02",lecture,2008,06,DVD,Part 2,True,https://veritaspub.com/product/2008-06-belief-trust-and-credibility-june-2008/,,LS200803_2,"Belief, Trust and Credibility (Jun 2008) DVD02",✅,veritas,,,https://veritaspub.com/product/2008-06-belief-trust-and-credibility-june-2008/,,,,,
177,item,Item candidate indicated by ownership status and/or legacy tempid.,Advanced Spiritual Awareness,"Belief, Trust and Credibility (Jun 2008) DVD03",lecture,2008,06,DVD,Part 3,True,https://veritaspub.com/product/2008-06-belief-trust-and-credibility-june-2008/,,LS200803_3,"Belief, Trust and Credibility (Jun 2008) DVD03",✅,veritas,,,https://veritaspub.com/product/2008-06-belief-trust-and-credibility-june-2008/,,,,,
178,item,Item candidate indicated by ownership status and/or legacy tempid.,Advanced Spiritual Awareness,"Overcoming Doubt, Skepticism & Disbelief (Aug 2008) DVD01",lecture,2008,08,DVD,Part 1,True,https://veritaspub.com/product/2008-08-overcoming-doubt-skepticism-disbelief-aug-2008/,,LS200804_1,"Overcoming Doubt, Skepticism & Disbelief (Aug 2008) DVD01",✅,veritas,,,https://veritaspub.com/product/2008-08-overcoming-doubt-skepticism-disbelief-aug-2008/,,,,,
179,item,Item candidate indicated by ownership status and/or legacy tempid.,Advanced Spiritual Awareness,"Overcoming Doubt, Skepticism & Disbelief (Aug 2008) DVD02",lecture,2008,08,DVD,Part 2,True,https://veritaspub.com/product/2008-08-overcoming-doubt-skepticism-disbelief-aug-2008/,,LS200804_2,"Overcoming Doubt, Skepticism & Disbelief (Aug 2008) DVD02",✅,veritas,,,https://veritaspub.com/product/2008-08-overcoming-doubt-skepticism-disbelief-aug-2008/,,,,,
180,item,Item candidate indicated by ownership status and/or legacy tempid.,Advanced Spiritual Awareness,"Overcoming Doubt, Skepticism & Disbelief (Aug 2008) DVD03",lecture,2008,08,DVD,Part 3,True,https://veritaspub.com/product/2008-08-overcoming-doubt-skepticism-disbelief-aug-2008/,,LS200804_3,"Overcoming Doubt, Skepticism & Disbelief (Aug 2008) DVD03",✅,veritas,,,https://veritaspub.com/product/2008-08-overcoming-doubt-skepticism-disbelief-aug-2008/,,,,,
181,item,Item candidate indicated by ownership status and/or legacy tempid.,Advanced Spiritual Awareness,Practical Spirituality (Oct 2008) DVD01,lecture,2008,10,DVD,Part 1,True,https://veritaspub.com/product/2008-10-practical-spirituality-oct-2008/,,LS200805_1,Practical Spirituality (Oct 2008) DVD01,✅,veritas,,,https://veritaspub.com/product/2008-10-practical-spirituality-oct-2008/,,,,,
182,item,Item candidate indicated by ownership status and/or legacy tempid.,Advanced Spiritual Awareness,Practical Spirituality (Oct 2008) DVD02,lecture,2008,10,DVD,Part 2,True,https://veritaspub.com/product/2008-10-practical-spirituality-oct-2008/,,LS200805_2,Practical Spirituality (Oct 2008) DVD02,✅,veritas,,,https://veritaspub.com/product/2008-10-practical-spirituality-oct-2008/,,,,,
183,item,Item candidate indicated by ownership status and/or legacy tempid.,Advanced Spiritual Awareness,Practical Spirituality (Oct 2008) DVD03,lecture,2008,10,DVD,Part 3,True,https://veritaspub.com/product/2008-10-practical-spirituality-oct-2008/,,LS200805_3,Practical Spirituality (Oct 2008) DVD03,✅,veritas,,,https://veritaspub.com/product/2008-10-practical-spirituality-oct-2008/,,,,,
184,item,Item candidate indicated by ownership status and/or legacy tempid.,Advanced Spiritual Awareness,Freedom: Morality and Ethics (Nov 2008) DVD01,lecture,2008,11,DVD,Part 1,True,https://veritaspub.com/product/2008-11-freedom-morality-and-ethics-nov-2008/,,LS200806_1,Freedom: Morality and Ethics (Nov 2008) DVD01,✅,veritas,,,https://veritaspub.com/product/2008-11-freedom-morality-and-ethics-nov-2008/,,,,,
185,item,Item candidate indicated by ownership status and/or legacy tempid.,Advanced Spiritual Awareness,Freedom: Morality and Ethics (Nov 2008) DVD02,lecture,2008,11,DVD,Part 2,True,https://veritaspub.com/product/2008-11-freedom-morality-and-ethics-nov-2008/,,LS200806_2,Freedom: Morality and Ethics (Nov 2008) DVD02,✅,veritas,,,https://veritaspub.com/product/2008-11-freedom-morality-and-ethics-nov-2008/,,,,,
186,item,Item candidate indicated by ownership status and/or legacy tempid.,Advanced Spiritual Awareness,Freedom: Morality and Ethics (Nov 2008) DVD03,lecture,2008,11,DVD,Part 3,True,https://veritaspub.com/product/2008-11-freedom-morality-and-ethics-nov-2008/,,LS200806_3,Freedom: Morality and Ethics (Nov 2008) DVD03,✅,veritas,,,https://veritaspub.com/product/2008-11-freedom-morality-and-ethics-nov-2008/,,,,,
187,item,Item candidate indicated by ownership status and/or legacy tempid.,Advanced Spiritual Awareness,A Unique Sedona Seminar (Dec 2008) DVD01,lecture,2008,12,DVD,Part 1,True,https://veritaspub.com/product/2008-12-a-unique-sedona-seminar-dec-2008/,,LS200807_1,A Unique Sedona Seminar (Dec 2008) DVD01,✅,veritas,,,https://veritaspub.com/product/2008-12-a-unique-sedona-seminar-dec-2008/,,,,,
188,item,Item candidate indicated by ownership status and/or legacy tempid.,Advanced Spiritual Awareness,A Unique Sedona Seminar (Dec 2008) DVD02,lecture,2008,12,DVD,Part 2,True,https://veritaspub.com/product/2008-12-a-unique-sedona-seminar-dec-2008/,,LS200807_2,A Unique Sedona Seminar (Dec 2008) DVD02,✅,veritas,,,https://veritaspub.com/product/2008-12-a-unique-sedona-seminar-dec-2008/,,,,,
189,item,Item candidate indicated by ownership status and/or legacy tempid.,Advanced Spiritual Awareness,A Unique Sedona Seminar (Dec 2008) DVD03,lecture,2008,12,DVD,Part 3,True,https://veritaspub.com/product/2008-12-a-unique-sedona-seminar-dec-2008/,,LS200807_3,A Unique Sedona Seminar (Dec 2008) DVD03,✅,veritas,,,https://veritaspub.com/product/2008-12-a-unique-sedona-seminar-dec-2008/,,,,,
190,series_context,Annual lecture-series heading.,,,,,,,,,,,,Series 2009: In the World but Not of It,,,,,,,,,,
191,item,Item candidate indicated by ownership status and/or legacy tempid.,In the World but Not of It,What is the World? (Feb 2009) DVD01,lecture,2009,02,DVD,Part 1,True,https://veritaspub.com/product/2009-02-what-is-the-world-february-2009/,,LS200901_1,What is the World? (Feb 2009) DVD01,✅,veritas,,,https://veritaspub.com/product/2009-02-what-is-the-world-february-2009/,,,,,
192,item,Item candidate indicated by ownership status and/or legacy tempid.,In the World but Not of It,What is the World? (Feb 2009) DVD02,lecture,2009,02,DVD,Part 2,True,https://veritaspub.com/product/2009-02-what-is-the-world-february-2009/,,LS200901_2,What is the World? (Feb 2009) DVD02,✅,veritas,,,https://veritaspub.com/product/2009-02-what-is-the-world-february-2009/,,,,,
193,item,Item candidate indicated by ownership status and/or legacy tempid.,In the World but Not of It,What is the World? (Feb 2009) DVD03,lecture,2009,02,DVD,Part 3,True,https://veritaspub.com/product/2009-02-what-is-the-world-february-2009/,,LS200901_3,What is the World? (Feb 2009) DVD03,✅,veritas,,,https://veritaspub.com/product/2009-02-what-is-the-world-february-2009/,,,,,
194,item,Item candidate indicated by ownership status and/or legacy tempid.,In the World but Not of It,Happiness (Apr 2009) DVD01,lecture,2009,04,DVD,Part 1,True,https://veritaspub.com/product/2009-04-happiness-april-2009/,,LS200902_1,Happiness (Apr 2009) DVD01,✅,veritas,,,https://veritaspub.com/product/2009-04-happiness-april-2009/,,,,,
195,item,Item candidate indicated by ownership status and/or legacy tempid.,In the World but Not of It,Happiness (Apr 2009) DVD02,lecture,2009,04,DVD,Part 2,True,https://veritaspub.com/product/2009-04-happiness-april-2009/,,LS200902_2,Happiness (Apr 2009) DVD02,✅,veritas,,,https://veritaspub.com/product/2009-04-happiness-april-2009/,,,,,
196,item,Item candidate indicated by ownership status and/or legacy tempid.,In the World but Not of It,Happiness (Apr 2009) DVD03,lecture,2009,04,DVD,Part 3,True,https://veritaspub.com/product/2009-04-happiness-april-2009/,,LS200902_3,Happiness (Apr 2009) DVD03,✅,veritas,,,https://veritaspub.com/product/2009-04-happiness-april-2009/,,,,,
197,item,Item candidate indicated by ownership status and/or legacy tempid.,In the World but Not of It,Peace (Aug 2009) DVD01,lecture,2009,08,DVD,Part 1,True,https://veritaspub.com/product/2009-08-peace-august-2009/,,LS200903_1,Peace (Aug 2009) DVD01,✅,veritas,,,https://veritaspub.com/product/2009-08-peace-august-2009/,,,,,
198,item,Item candidate indicated by ownership status and/or legacy tempid.,In the World but Not of It,Peace (Aug 2009) DVD02,lecture,2009,08,DVD,Part 2,True,https://veritaspub.com/product/2009-08-peace-august-2009/,,LS200903_2,Peace (Aug 2009) DVD02,✅,veritas,,,https://veritaspub.com/product/2009-08-peace-august-2009/,,,,,
199,item,Item candidate indicated by ownership status and/or legacy tempid.,In the World but Not of It,Peace (Aug 2009) DVD03,lecture,2009,08,DVD,Part 3,True,https://veritaspub.com/product/2009-08-peace-august-2009/,,LS200903_3,Peace (Aug 2009) DVD03,✅,veritas,,,https://veritaspub.com/product/2009-08-peace-august-2009/,,,,,
200,item,Item candidate indicated by ownership status and/or legacy tempid.,In the World but Not of It,Success (Oct 2009) DVD01,lecture,2009,10,DVD,Part 1,True,https://veritaspub.com/product/2009-10-success-october-2009/,,LS200904_1,Success (Oct 2009) DVD01,✅,veritas,,,https://veritaspub.com/product/2009-10-success-october-2009/,,,,,
201,item,Item candidate indicated by ownership status and/or legacy tempid.,In the World but Not of It,Success (Oct 2009) DVD02,lecture,2009,10,DVD,Part 2,True,https://veritaspub.com/product/2009-10-success-october-2009/,,LS200904_2,Success (Oct 2009) DVD02,✅,veritas,,,https://veritaspub.com/product/2009-10-success-october-2009/,,,,,
202,item,Item candidate indicated by ownership status and/or legacy tempid.,In the World but Not of It,Success (Oct 2009) DVD03,lecture,2009,10,DVD,Part 3,True,https://veritaspub.com/product/2009-10-success-october-2009/,,LS200904_3,Success (Oct 2009) DVD03,✅,veritas,,,https://veritaspub.com/product/2009-10-success-october-2009/,,,,,
203,series_context,Annual lecture-series heading.,,,,,,,,,,,,Series 2010: Practical Spirituality,,,,,,,,,,
204,item,Item candidate indicated by ownership status and/or legacy tempid.,Practical Spirituality,Handling Spiritual Challenges (Apr 2010) DVD01,lecture,2010,04,DVD,Part 1,True,https://veritaspub.com/product/2010-04-handling-spiritual-challenges-april-2010/,,LS201001_1,Handling Spiritual Challenges (Apr 2010) DVD01,✅,veritas,,,https://veritaspub.com/product/2010-04-handling-spiritual-challenges-april-2010/,,,,,
205,item,Item candidate indicated by ownership status and/or legacy tempid.,Practical Spirituality,Handling Spiritual Challenges (Apr 2010) DVD02,lecture,2010,04,DVD,Part 2,True,https://veritaspub.com/product/2010-04-handling-spiritual-challenges-april-2010/,,LS201001_2,Handling Spiritual Challenges (Apr 2010) DVD02,✅,veritas,,,https://veritaspub.com/product/2010-04-handling-spiritual-challenges-april-2010/,,,,,
206,item,Item candidate indicated by ownership status and/or legacy tempid.,Practical Spirituality,Handling Spiritual Challenges (Apr 2010) DVD03,lecture,2010,04,DVD,Part 3,True,https://veritaspub.com/product/2010-04-handling-spiritual-challenges-april-2010/,,LS201001_3,Handling Spiritual Challenges (Apr 2010) DVD03,✅,veritas,,,https://veritaspub.com/product/2010-04-handling-spiritual-challenges-april-2010/,,,,,
207,item,Item candidate indicated by ownership status and/or legacy tempid.,Practical Spirituality,Spiritual Life In Today's World (Oct 2010) DVD01,lecture,2010,10,DVD,Part 1,True,https://veritaspub.com/product/2010-10-spiritual-life-in-todays-world-oct-2010/,,LS201002_1,Spiritual Life In Today's World (Oct 2010) DVD01,✅,veritas,,,https://veritaspub.com/product/2010-10-spiritual-life-in-todays-world-oct-2010/,,,,,
208,item,Item candidate indicated by ownership status and/or legacy tempid.,Practical Spirituality,Spiritual Life In Today's World (Oct 2010) DVD02,lecture,2010,10,DVD,Part 2,True,https://veritaspub.com/product/2010-10-spiritual-life-in-todays-world-oct-2010/,,LS201002_2,Spiritual Life In Today's World (Oct 2010) DVD02,✅,veritas,,,https://veritaspub.com/product/2010-10-spiritual-life-in-todays-world-oct-2010/,,,,,
209,item,Item candidate indicated by ownership status and/or legacy tempid.,Practical Spirituality,Spiritual Life In Today's World (Oct 2010) DVD03,lecture,2010,10,DVD,Part 3,True,https://veritaspub.com/product/2010-10-spiritual-life-in-todays-world-oct-2010/,,LS201002_3,Spiritual Life In Today's World (Oct 2010) DVD03,✅,veritas,,,https://veritaspub.com/product/2010-10-spiritual-life-in-todays-world-oct-2010/,,,,,
210,series_context,Annual lecture-series heading.,,,,,,,,,,,,Series 2011: Love & Spiritual Seeker Qualities,,,,,,,,,,
211,item,Item candidate indicated by ownership status and/or legacy tempid.,Love & Spiritual Seeker Qualities,Most Valuable Qualities for a Spiritual Seeker (May 2011) DVD01,lecture,2011,05,DVD,Part 1,True,https://veritaspub.com/product/2011-05-most-valuable-qualities-for-a-spiritual-seeker-may-2011/,,LS201101_1,Most Valuable Qualities for a Spiritual Seeker (May 2011) DVD01,✅,veritas,,,https://veritaspub.com/product/2011-05-most-valuable-qualities-for-a-spiritual-seeker-may-2011/,,,,,
212,item,Item candidate indicated by ownership status and/or legacy tempid.,Love & Spiritual Seeker Qualities,Most Valuable Qualities for a Spiritual Seeker (May 2011) DVD02,lecture,2011,05,DVD,Part 2,True,https://veritaspub.com/product/2011-05-most-valuable-qualities-for-a-spiritual-seeker-may-2011/,,LS201101_2,Most Valuable Qualities for a Spiritual Seeker (May 2011) DVD02,✅,veritas,,,https://veritaspub.com/product/2011-05-most-valuable-qualities-for-a-spiritual-seeker-may-2011/,,,,,
213,item,Item candidate indicated by ownership status and/or legacy tempid.,Love & Spiritual Seeker Qualities,Most Valuable Qualities for a Spiritual Seeker (May 2011) DVD03,lecture,2011,05,DVD,Part 3,True,https://veritaspub.com/product/2011-05-most-valuable-qualities-for-a-spiritual-seeker-may-2011/,,LS201101_3,Most Valuable Qualities for a Spiritual Seeker (May 2011) DVD03,✅,veritas,,,https://veritaspub.com/product/2011-05-most-valuable-qualities-for-a-spiritual-seeker-may-2011/,,,,,
214,item,Item candidate indicated by ownership status and/or legacy tempid.,Love & Spiritual Seeker Qualities,Love (Sep 2011) DVD01,lecture,2011,09,DVD,Part 1,True,https://veritaspub.com/product/2011-09-love-sept-2011/,,LS201102_1,Love (Sep 2011) DVD01,✅,veritas,,,https://veritaspub.com/product/2011-09-love-sept-2011/,,,,,
215,item,Item candidate indicated by ownership status and/or legacy tempid.,Love & Spiritual Seeker Qualities,Love (Sep 2011) DVD02,lecture,2011,09,DVD,Part 2,True,https://veritaspub.com/product/2011-09-love-sept-2011/,,LS201102_2,Love (Sep 2011) DVD02,✅,veritas,,,https://veritaspub.com/product/2011-09-love-sept-2011/,,,,,
216,item,Item candidate indicated by ownership status and/or legacy tempid.,Love & Spiritual Seeker Qualities,Love (Sep 2011) DVD03,lecture,2011,09,DVD,Part 3,True,https://veritaspub.com/product/2011-09-love-sept-2011/,,LS201102_3,Love (Sep 2011) DVD03,✅,veritas,,,https://veritaspub.com/product/2011-09-love-sept-2011/,,,,,
217,blank_separator,Empty visual separator row.,,,,,,,,,,,,,,,,,,,,,,
218,item,Item candidate indicated by ownership status and/or legacy tempid. Owner approved placement in Satsang Series on 2026-08-03; official Veritas taxonomy files the Q&A sessions under Satsang.; title aligned to official Veritas listing (distributor-naming audit 2026-08-07),Satsang Series,Question/Answer Session (Jan 2011),lecture,2011,,,,True,https://veritaspub.com/product/2011-01-question-answer-session-jan-2011/,,SAT2011Q01,Q&A Session (Jan 2011),✅,veritas,,,https://veritaspub.com/product/2011-01-question-answer-session-jan-2011/,,,,,
219,item,Item candidate indicated by ownership status and/or legacy tempid. Owner approved placement in Satsang Series on 2026-08-03; official Veritas taxonomy files the Q&A sessions under Satsang.; title aligned to official Veritas listing (distributor-naming audit 2026-08-07),Satsang Series,Question/Answer Session (Mar 2011),lecture,2011,,,,True,https://veritaspub.com/product/2011-03-question-and-answer-session-march-2011/,,SAT2011Q02,Q&A Session (Mar 2011),✅,veritas,,,https://veritaspub.com/product/2011-03-question-and-answer-session-march-2011/,,,,,
220,item,Item candidate indicated by ownership status and/or legacy tempid. Owner approved placement in Satsang Series on 2026-08-03; official Veritas taxonomy files the Q&A sessions under Satsang.; title aligned to official Veritas listing (distributor-naming audit 2026-08-07),Satsang Series,Question/Answer Session (Jul 2011),lecture,2011,,,,True,https://veritaspub.com/product/2011-07-question-and-answer-session-july-2011/,,SAT2011Q03,Q&A Session (Jul 2011),✅,veritas,,,https://veritaspub.com/product/2011-07-question-and-answer-session-july-2011/,,,,,
221,blank_separator,Empty visual separator row.,,,,,,,,,,,,,,,,,,,,,,
222,series_context,Collection/category heading.,,,,,,,,,,,,VOLUME SERIES https://veritaspub.com/volume-series/,,,,,,,,,,
223,item,"Year under investigation, believed pre-2000 per owner (V1 1995,1996 known but others unclear), stripped from filename per owner request 2026-08-04 v4 feedback: do not name any if cannot name all.; title aligned to official Veritas listing (distributor-naming audit 2026-08-07)",Volume Series,Volume I: Power vs. Force Muscle Testing,lecture,,,,Part 1,True,https://veritaspub.com/product/volume-i-power-vs-force-muscle-testing-video/,,VOL101,101 Volume I-Power vs Force (Part 1).mp4,✅,veritas,,,https://veritaspub.com/product/volume-i-power-vs-force-muscle-testing-video/,,,,,
224,item,"Year under investigation, believed pre-2000 per owner (V1 1995,1996 known but others unclear), stripped from filename per owner request 2026-08-04 v4 feedback: do not name any if cannot name all.; title aligned to official Veritas listing (distributor-naming audit 2026-08-07)",Volume Series,Volume I: Power vs. Force Muscle Testing,lecture,,,,Part 2,True,https://veritaspub.com/product/volume-i-power-vs-force-muscle-testing-video/,,VOL102,102 Volume II-David Hawkins -Applied Kinesiology-Power vs Force - Part 2.mp4,✅,veritas,,,https://veritaspub.com/product/volume-i-power-vs-force-muscle-testing-video/,,,,,
225,item,"Year under investigation, believed pre-2000 per owner (V1 1995,1996 known but others unclear), stripped from filename per owner request 2026-08-04 v4 feedback: do not name any if cannot name all.; title aligned to official Veritas listing (distributor-naming audit 2026-08-07)",Volume Series,Volume II: Consciousness and Addiction,lecture,,,,Part 1,True,https://veritaspub.com/product/vol-ii-consciousness-and-addiction/,,VOL201,201 Volume II-Consciousness and Addiction (Part 1).mp4,✅,veritas,,,https://veritaspub.com/product/vol-ii-consciousness-and-addiction/,,,,,
226,item,"Year under investigation, believed pre-2000 per owner (V1 1995,1996 known but others unclear), stripped from filename per owner request 2026-08-04 v4 feedback: do not name any if cannot name all.; title aligned to official Veritas listing (distributor-naming audit 2026-08-07)",Volume Series,Volume II: Consciousness and Addiction,lecture,,,,Part 2,True,https://veritaspub.com/product/vol-ii-consciousness-and-addiction/,,VOL202,202 Volume II-Consciousness and Addiction (Part 2).mp4,✅,veritas,,,https://veritaspub.com/product/vol-ii-consciousness-and-addiction/,,,,,
227,item,"Year under investigation, believed pre-2000 per owner (V1 1995,1996 known but others unclear), stripped from filename per owner request 2026-08-04 v4 feedback: do not name any if cannot name all.; title aligned to official Veritas listing (distributor-naming audit 2026-08-07)",Volume Series,Volume III: Advanced States of Consciousness,lecture,,,,Part 1,True,https://veritaspub.com/product/volume-iii-advanced-states-of-consciousness/,,VOL301,301 Volume III-Advanced States of Consciousness (Part 1).mp4,✅,veritas,,,https://veritaspub.com/product/volume-iii-advanced-states-of-consciousness/,,,,,
228,item,"Year under investigation, believed pre-2000 per owner (V1 1995,1996 known but others unclear), stripped from filename per owner request 2026-08-04 v4 feedback: do not name any if cannot name all.; title aligned to official Veritas listing (distributor-naming audit 2026-08-07)",Volume Series,Volume III: Advanced States of Consciousness,lecture,,,,Part 2,True,https://veritaspub.com/product/volume-iii-advanced-states-of-consciousness/,,VOL302,302 Volume III-Advanced States of Consciousness (Part 2).mp4,✅,veritas,,,https://veritaspub.com/product/volume-iii-advanced-states-of-consciousness/,,,,,
229,item,"Year under investigation, believed pre-2000 per owner (V1 1995,1996 known but others unclear), stripped from filename per owner request 2026-08-04 v4 feedback: do not name any if cannot name all.; title aligned to official Veritas listing (distributor-naming audit 2026-08-07)",Volume Series,Volume IV: Consciousness: How to Tell the Truth About Anything,lecture,,,,Part 1,True,https://veritaspub.com/product/volume-iv-consciousness-how-to-tell-the-truth-about-anything-video/,,VOL401,401 Volume IV-How to Tell the Truth about Anything (Part 1).mp4,✅,veritas,,,https://veritaspub.com/product/volume-iv-consciousness-how-to-tell-the-truth-about-anything-video/,,,,,
230,item,"Year under investigation, believed pre-2000 per owner (V1 1995,1996 known but others unclear), stripped from filename per owner request 2026-08-04 v4 feedback: do not name any if cannot name all.; title aligned to official Veritas listing (distributor-naming audit 2026-08-07)",Volume Series,Volume IV: Consciousness: How to Tell the Truth About Anything,lecture,,,,Part 2,True,https://veritaspub.com/product/volume-iv-consciousness-how-to-tell-the-truth-about-anything-video/,,VOL402,402 Volume IV-How to Tell the Truth about Anything (Part 2).mp4,✅,veritas,,,https://veritaspub.com/product/volume-iv-consciousness-how-to-tell-the-truth-about-anything-video/,,,,,
231,item,"Year under investigation, believed pre-2000 per owner (V1 1995,1996 known but others unclear), stripped from filename per owner request 2026-08-04 v4 feedback: do not name any if cannot name all.; title aligned to official Veritas listing (distributor-naming audit 2026-08-07)",Volume Series,Volume V: Undoing the Barriers to Spiritual Progress,lecture,,,,Part 1,True,https://veritaspub.com/product/volume-v-undoing-the-barriers-to-spiritual-progress-video/,,VOL501,501 Volume V-Undoing the Barriers to Spiritual Progress (Part 1).mp4,✅,veritas,,,https://veritaspub.com/product/volume-v-undoing-the-barriers-to-spiritual-progress-video/,,,,,
232,item,"Year under investigation, believed pre-2000 per owner (V1 1995,1996 known but others unclear), stripped from filename per owner request 2026-08-04 v4 feedback: do not name any if cannot name all.; title aligned to official Veritas listing (distributor-naming audit 2026-08-07)",Volume Series,Volume V: Undoing the Barriers to Spiritual Progress,lecture,,,,Part 2,True,https://veritaspub.com/product/volume-v-undoing-the-barriers-to-spiritual-progress-video/,,VOL502,502 Volume V-Undoing the Barriers to Spiritual Progress (Part 2)- converted.mp4,✅,veritas,,,https://veritaspub.com/product/volume-v-undoing-the-barriers-to-spiritual-progress-video/,,,,,
233,item,"Year under investigation, believed pre-2000 per owner (V1 1995,1996 known but others unclear), stripped from filename per owner request 2026-08-04 v4 feedback: do not name any if cannot name all.; title aligned to official Veritas listing (distributor-naming audit 2026-08-07)",Volume Series,Volume V: Undoing the Barriers to Spiritual Progress,lecture,,,,Part 3,True,https://veritaspub.com/product/volume-v-undoing-the-barriers-to-spiritual-progress-video/,,VOL503,503 Volume V-Undoing the Barriers to Spiritual Progress (Part 3)- converted.mp4,✅,veritas,,,https://veritaspub.com/product/volume-v-undoing-the-barriers-to-spiritual-progress-video/,,,,,
234,item,"Year under investigation, believed pre-2000 per owner (V1 1995,1996 known but others unclear), stripped from filename per owner request 2026-08-04 v4 feedback: do not name any if cannot name all.; title aligned to official Veritas listing (distributor-naming audit 2026-08-07)",Volume Series,Volume VI: How to Raise Your Level of Consciousness,lecture,,,,,True,https://veritaspub.com/product/vol-vi-how-to-raise-your-level-of-consciousness/,,VOL601,601 Volume VI-How to Raise Your Level of Consciousness-converted.mp4,✅,veritas,,,https://veritaspub.com/product/vol-vi-how-to-raise-your-level-of-consciousness/,,,,,
235,item,"Year under investigation, believed pre-2000 per owner (V1 1995,1996 known but others unclear), stripped from filename per owner request 2026-08-04 v4 feedback: do not name any if cannot name all.; title aligned to official Veritas listing (distributor-naming audit 2026-08-07)",Volume Series,Volume VII: A Conversation with Knowingness,lecture,,,,,True,https://veritaspub.com/product/vol-vii-a-conversation-with-knowingness/,,VOL701,701 Volume VII A-Conversation with Knowingness-converted.mp4,✅,veritas,,,https://veritaspub.com/product/vol-vii-a-conversation-with-knowingness/,,,,,
236,blank_separator,Empty visual separator row.,,,,,,,,,,,,,,,,,,,,,,
237,series_context,Collection/category heading.,,,,,,,,,,,,On The Road - Talk Series https://veritaspub.com/on-the-road-talk-series/,,,,,,,,,,
238,research_note,Editorial gap/research note; item identity needs confirmation.,,,,,,,,,,,, ❌❌ MOST ARE MISSING ❌❌ NOT YET IN THE SPREADSHEET ❌❌,,,,,,,,,,
239,item,Item candidate indicated by ownership status and/or legacy tempid.; title aligned to official Veritas listing (distributor-naming audit 2026-08-07),On The Road Talk Series,Become That Which You Are,lecture,2004,06,,Part 1,True,https://veritaspub.com/product/become-that-which-you-are-3/,,,Become That Which You Are (June 2004) PART1.mp4,✅,veritas,,,https://veritaspub.com/product/become-that-which-you-are-3/,,,,,
240,item,Item candidate indicated by ownership status and/or legacy tempid.; title aligned to official Veritas listing (distributor-naming audit 2026-08-07),On The Road Talk Series,Become That Which You Are,lecture,2004,06,,Part 2,True,https://veritaspub.com/product/become-that-which-you-are-3/,,,Become That Which You Are (June 2004) PART2.mp4,✅,veritas,,,https://veritaspub.com/product/become-that-which-you-are-3/,,,,,
241,item,Item candidate indicated by ownership status and/or legacy tempid.; title aligned to official Veritas listing (distributor-naming audit 2026-08-07),On The Road Talk Series,Become That Which You Are,lecture,2004,06,,Part 3,True,https://veritaspub.com/product/become-that-which-you-are-3/,,,Become That Which You Are (June 2004) PART3.mp4,✅,veritas,,,https://veritaspub.com/product/become-that-which-you-are-3/,,,,,
242,item,Item candidate indicated by ownership status and/or legacy tempid.; title aligned to official Veritas listing (distributor-naming audit 2026-08-07),On The Road Talk Series,Love is a Way of Being,lecture,2004,01,,Part 1,True,https://veritaspub.com/product/love-is-a-way-of-being/,,,Love is a Way of Being (January 2004) PART1.mp4,✅,veritas,,,https://veritaspub.com/product/love-is-a-way-of-being/,,,,,
243,item,Item candidate indicated by ownership status and/or legacy tempid.; title aligned to official Veritas listing (distributor-naming audit 2026-08-07),On The Road Talk Series,Love is a Way of Being,lecture,2004,01,,Part 2,True,https://veritaspub.com/product/love-is-a-way-of-being/,,,Love is a Way of Being (January 2004) PART2.mp4,✅,veritas,,,https://veritaspub.com/product/love-is-a-way-of-being/,,,,,
244,item,Item candidate indicated by ownership status and/or legacy tempid.; title aligned to official Veritas listing (distributor-naming audit 2026-08-07),On The Road Talk Series,Love is a Way of Being,lecture,2004,01,,Part 3,True,https://veritaspub.com/product/love-is-a-way-of-being/,,,Love is a Way of Being (January 2004) PART3.mp4,✅,veritas,,,https://veritaspub.com/product/love-is-a-way-of-being/,,,,,
245,item,"Item candidate indicated by ownership status and/or legacy tempid. Format: streaming — official Veritas product page (veritaspub.com/product/progressive-levels-of-consciousness/) sells this talk streaming-only ($1.00, Stream button, no physical SKU), verified 2026-08-07.",On The Road Talk Series,Progressive Levels of Consciousness - A Special Talk Presented in Oxford (2003).mp4,lecture,2003,,streaming,,True,,,,Progressive Levels of Consciousness - A Special Talk Presented in Oxford (2003).mp4,✅,veritas,,,,,,,,
246,item,Item candidate indicated by ownership status and/or legacy tempid.,On The Road Talk Series,The Presence of Spiritual Awareness PART1.mp4,lecture,2004,,,Part 1,True,https://veritaspub.com/product/the-presence-of-spiritual-awareness/,,,The Presence of Spiritual Awareness PART1.mp4,✅,veritas,,,https://veritaspub.com/product/the-presence-of-spiritual-awareness/,,,,,
247,item,Item candidate indicated by ownership status and/or legacy tempid.,On The Road Talk Series,The Presence of Spiritual Awareness PART2.mp4,lecture,2004,,,Part 2,True,https://veritaspub.com/product/the-presence-of-spiritual-awareness/,,,The Presence of Spiritual Awareness PART2.mp4,✅,veritas,,,https://veritaspub.com/product/the-presence-of-spiritual-awareness/,,,,,
248,item,Item candidate indicated by ownership status and/or legacy tempid.,On The Road Talk Series,The Presence of Spiritual Awareness PART3.mp4,lecture,2004,,,Part 3,True,https://veritaspub.com/product/the-presence-of-spiritual-awareness/,,,The Presence of Spiritual Awareness PART3.mp4,✅,veritas,,,https://veritaspub.com/product/the-presence-of-spiritual-awareness/,,,,,
249,duplicate,Duplicate of promoted master 311 (Devotion to Truth Talk); raw streaming row and promoted product row share Veritas product 55473. Owner ruling 2026-08-08: collapse to one DVD master (311) with streaming availability in reference_url_1; raw row excluded from master; UUID 225 retired.,On The Road Talk Series,Devotion to Truth Talk,lecture,2003,,streaming,streaming video,True,https://veritaspub.com/product/devotion-to-truth-talk/,,,Devotion to Truth.mp4,✅,veritas,,,,,,,,
250,duplicate,"Duplicate of promoted master 310 (Mind, Heart and Service Part 1); raw streaming PART1 row and promoted product row share Veritas product 54219. Owner ruling 2026-08-08: collapse to one DVD master (310) with streaming availability in reference_url_1; raw row excluded from master; UUID 226 retired.",On The Road Talk Series,"Mind, Heart and Service: The Pathway of Devotional Non-Duality",lecture,2003,,streaming,streaming video,True,https://veritaspub.com/product/mind-heart-and-service-the-pathway-of-devotional-non-duality/,,,"Mind, Heart, and Service PART1.mp4",✅,veritas,,,,,,,,
251,duplicate,"Duplicate of promoted master 310 (Mind, Heart and Service Part 2); raw streaming PART2 row and promoted product row share Veritas product 54219. Owner ruling 2026-08-08: collapse to one DVD master (310) with streaming availability in reference_url_1; raw row excluded from master; UUID 227 retired.",On The Road Talk Series,"Mind, Heart and Service: The Pathway of Devotional Non-Duality",lecture,2003,,streaming,streaming video,True,https://veritaspub.com/product/mind-heart-and-service-the-pathway-of-devotional-non-duality/,,,"Mind, Heart, and Service PART2.mp4",✅,veritas,,,,,,,,
252,item,Item candidate indicated by ownership status and/or legacy tempid.; title aligned to official Veritas listing (distributor-naming audit 2026-08-07),On The Road Talk Series,Spiritual Will Inspiring Q & A,lecture,2004,,,Part 1,True,https://veritaspub.com/product/spiritual-will-a-inspiring-q-a-session-with-dr-hawkins/,,,Spiritual Will PART1.mp4,✅,veritas,,,https://veritaspub.com/product/spiritual-will-a-inspiring-q-a-session-with-dr-hawkins/,,,,,
253,item,Item candidate indicated by ownership status and/or legacy tempid.; title aligned to official Veritas listing (distributor-naming audit 2026-08-07),On The Road Talk Series,Spiritual Will Inspiring Q & A,lecture,2004,,,Part 2,True,https://veritaspub.com/product/spiritual-will-a-inspiring-q-a-session-with-dr-hawkins/,,,Spiritual Will PART2.mp4,✅,veritas,,,https://veritaspub.com/product/spiritual-will-a-inspiring-q-a-session-with-dr-hawkins/,,,,,
254,item,Item candidate indicated by ownership status and/or legacy tempid.,On The Road Talk Series,Verification of Spiritual Realities PART1.mp4,lecture,,,,Part 1,True,https://veritaspub.com/product/verification-of-spiritual-realities/,,,Verification of Spiritual Realities PART1.mp4,✅,veritas,,,https://veritaspub.com/product/verification-of-spiritual-realities/,,,,,
255,item,Item candidate indicated by ownership status and/or legacy tempid.,On The Road Talk Series,Verification of Spiritual Realities PART2.mp4,lecture,,,,Part 2,True,https://veritaspub.com/product/verification-of-spiritual-realities/,,,Verification of Spiritual Realities PART2.mp4,✅,veritas,,,https://veritaspub.com/product/verification-of-spiritual-realities/,,,,,
256,item,Item candidate indicated by ownership status and/or legacy tempid.,On The Road Talk Series,Verification of Spiritual Realities PART3.mp4,lecture,,,,Part 3,True,https://veritaspub.com/product/verification-of-spiritual-realities/,,,Verification of Spiritual Realities PART3.mp4,✅,veritas,,,https://veritaspub.com/product/verification-of-spiritual-realities/,,,,,
257,blank_separator,Empty visual separator row.,,,,,,,,,,,,,,,,,,,,,,
258,series_context,Collection/category heading.,,,,,,,,,,,,Office series https://veritaspub.com/archival-office-visit-series/,,,,,,,,,,
259,blank_separator,Empty visual separator row.,,,,,,,,,,,,,,,,,,,,,,
260,item,Estimated decade 1980s (198X); most are believed 1982 but exact recording dates are unconfirmed.; title aligned to official Veritas listing (distributor-naming audit 2026-08-07),Office Series,Stress,lecture,198X,,,A-01,True,,,OFF01,A-01 Office Series-Stress.mp4,✅,veritas,,,,,,,,
261,item,Estimated decade 1980s (198X); most are believed 1982 but exact recording dates are unconfirmed.; title aligned to official Veritas listing (distributor-naming audit 2026-08-07),Office Series,Health,lecture,198X,,,A-02,True,,,OFF02,A-02 Office Series-Health.mp4,✅,veritas,,,,,,,,
262,item,Estimated decade 1980s (198X); most are believed 1982 but exact recording dates are unconfirmed.; title aligned to official Veritas listing (distributor-naming audit 2026-08-07),Office Series,Spiritual First Aid,lecture,198X,,,A-03,True,,,OFF03,A-03 Office Series-Spiritual First Aid.mp4,✅,veritas,,,,,,,,
263,item,Estimated decade 1980s (198X); most are believed 1982 but exact recording dates are unconfirmed.; title aligned to official Veritas listing (distributor-naming audit 2026-08-07),Office Series,Sexuality,lecture,198X,,,A-04,True,,,OFF04,A-04 Office Series-Sexuality.mp4,✅,veritas,,,,,,,,
264,item,Estimated decade 1980s (198X); most are believed 1982 but exact recording dates are unconfirmed.; title aligned to official Veritas listing (distributor-naming audit 2026-08-07),Office Series,The Aging Process,lecture,198X,,,A-05,True,,,OFF05,A-05 Office Series-The Aging Process.mp4,✅,veritas,,,,,,,,
265,item,Estimated decade 1980s (198X); most are believed 1982 but exact recording dates are unconfirmed.; title aligned to official Veritas listing (distributor-naming audit 2026-08-07),Office Series,Handling Major Crises,lecture,198X,,,A-06,True,,,OFF06,A-06 Office Series-Handling Major Crises.mp4,✅,veritas,,,,,,,,
266,item,Estimated decade 1980s (198X); most are believed 1982 but exact recording dates are unconfirmed.; title aligned to official Veritas listing (distributor-naming audit 2026-08-07),Office Series,"Worry, Fear, and Anxiety",lecture,198X,,,A-07,True,,,OFF07,A-07 Office Series-Worry Fear and Anxiety.mp4,✅,veritas,,,,,,,,
267,item,Estimated decade 1980s (198X); most are believed 1982 but exact recording dates are unconfirmed.; title aligned to official Veritas listing (distributor-naming audit 2026-08-07),Office Series,Pain and Suffering,lecture,198X,,,A-08,True,,,OFF08,A-08 Office Series-Pain and Suffering.mp4,✅,veritas,,,,,,,,
268,item,Estimated decade 1980s (198X); most are believed 1982 but exact recording dates are unconfirmed.; title aligned to official Veritas listing (distributor-naming audit 2026-08-07),Office Series,Losing Weight,lecture,198X,,,A-09,True,,,OFF09,A-09 Office Series-Losing Weight.mp4,✅,veritas,,,,,,,,
269,item,Estimated decade 1980s (198X); most are believed 1982 but exact recording dates are unconfirmed.; title aligned to official Veritas listing (distributor-naming audit 2026-08-07),Office Series,Depression,lecture,198X,,,A-10,True,,,OFF10,A-10 Office Series-Depression.mp4,✅,veritas,,,,,,,,
270,item,Estimated decade 1980s (198X); most are believed 1982 but exact recording dates are unconfirmed.; title aligned to official Veritas listing (distributor-naming audit 2026-08-07),Office Series,Illness and Self-Healing,lecture,198X,,,A-11,True,,,OFF11,A-11 Office Series-Illness and Self-Healing.mp4,✅,veritas,,,,,,,,
271,item,Estimated decade 1980s (198X); most are believed 1982 but exact recording dates are unconfirmed.; title aligned to official Veritas listing (distributor-naming audit 2026-08-07),Office Series,Alcoholism,lecture,198X,,,A-12,True,,,OFF12,A-12 Office Series-Alcoholism.mp4,✅,veritas,,,,,,,,
272,item,Estimated decade 1980s (198X); most are believed 1982 but exact recording dates are unconfirmed.; title aligned to official Veritas listing (distributor-naming audit 2026-08-07),Office Series,Drug Addiction and Alcoholism,lecture,198X,,,B-01,True,,,OFF13,B-01 Office Series-Drug Addiction and Alcoholism....mp4,✅,veritas,,,,,,,,
273,research_note,Owner approved exclusion on 2026-08-03: literal Office Series B-02/B-05 non-item placeholder; no corresponding official product exists.,,,,,,,,,,,OFF14,where is B-02? might not exist.,❌,veritas,,,,,,,,
274,item,Estimated decade 1980s (198X); most are believed 1982 but exact recording dates are unconfirmed.; title aligned to official Veritas listing (distributor-naming audit 2026-08-07),Office Series,A Map of Consciousness,lecture,198X,,,B-03,True,,,OFF15,B-03 Office Series-A Map Of Consciousness.mp4,✅,veritas,,,,,,,,
275,item,Estimated decade 1980s (198X); most are believed 1982 but exact recording dates are unconfirmed.; title aligned to official Veritas listing (distributor-naming audit 2026-08-07),Office Series,Cancer,lecture,198X,,,B-04,True,,,OFF16,B-04 Office Series-Cancer.mp4,✅,veritas,,,,,,,,
276,research_note,Owner approved exclusion on 2026-08-03: literal Office Series B-02/B-05 non-item placeholder; no corresponding official product exists.,,,,,,,,,,,OFF17,where is B-05? might not exist.,❌,veritas,,,,,,,,
277,item,Estimated decade 1980s (198X); most are believed 1982 but exact recording dates are unconfirmed.; title aligned to official Veritas listing (distributor-naming audit 2026-08-07),Office Series,Death and Dying,lecture,198X,,,B-06,True,,,OFF18,B-06 Office Series-Death and Dying.mp4,✅,veritas,,,,,,,,
278,blank_separator,Empty visual separator row.,,,,,,,,,,,,,,,,,,,,,,
279,series_context,Collection/category heading.,,,,,,,,,,,,Missing satsang audios https://veritaspub.com/satsang-series-and-question-answer-sessions/,,,BARRET?,https://discord.com/channels/1489236876736069662/1526954452949401691/1530199449803034775,,,,,,
280,item,"Item candidate; raw tempid placeholder cleared 2026-08-08 (was repeated '2cds each?' annotation, not an ID).",Satsang Series,Satsang Series (Jan 2007),lecture,2007,,,,False,,,,Satsang Series (Jan 2007),❌,veritas/only sold via audible,,,,,,,,
281,item,"Item candidate; raw tempid placeholder cleared 2026-08-08 (was repeated '2cds each?' annotation, not an ID).",Satsang Series,Satsang Series (Mar 2007),lecture,2007,,,,False,,,,Satsang Series (Mar 2007),❌,veritas/only sold via audible,,,,,,,,
282,item,"Item candidate; raw tempid placeholder cleared 2026-08-08 (was repeated '2cds each?' annotation, not an ID).",Satsang Series,Satsang Series (May 2007),lecture,2007,,,,False,,,,Satsang Series (May 2007),❌,veritas/only sold via audible,,,,,,,,
283,item,"Item candidate; raw tempid placeholder cleared 2026-08-08 (was repeated '2cds each?' annotation, not an ID).",Satsang Series,Satsang Series (Jul 2007),lecture,2007,,,,False,,,,Satsang Series (Jul 2007),❌,veritas/only sold via audible,,,,,,,,
284,item,"Item candidate; raw tempid placeholder cleared 2026-08-08 (was repeated '2cds each?' annotation, not an ID).",Satsang Series,Satsang Series (Sep 2007),lecture,2007,,,,False,,,,Satsang Series (Sep 2007),❌,veritas/only sold via audible,,,,,,,,
285,item,"Item candidate; raw tempid placeholder cleared 2026-08-08 (was repeated '2cds each?' annotation, not an ID).",Satsang Series,Satsang Series (May 2008),lecture,2008,05,,,False,,,,Satsang Series (May 2008),❌,veritas/only sold via audible,,,,,,,,
286,item,"Item candidate; raw tempid placeholder cleared 2026-08-08 (was repeated '2cds each?' annotation, not an ID).",Satsang Series,Satsang Series (Sep 2008),lecture,2008,,,,False,,,,Satsang Series (Sep 2008),❌,veritas/only sold via audible,,,,,,,,
287,item,"Item candidate; raw tempid placeholder cleared 2026-08-08 (was repeated '2cds each?' annotation, not an ID).",Satsang Series,Satsang Series (Jan 2009),lecture,2009,,,,False,,,,Satsang Series (Jan 2009),❌,veritas/only sold via audible,,,,,,,,
288,item,"Item candidate; raw tempid placeholder cleared 2026-08-08 (was repeated '2cds each?' annotation, not an ID).",Satsang Series,Satsang Series (May 2009),lecture,2009,05,,,False,,,,Satsang Series (May 2009),❌,veritas/only sold via audible,,,,,,,,
289,item,"Item candidate; raw tempid placeholder cleared 2026-08-08 (was repeated '2cds each?' annotation, not an ID).",Satsang Series,Satsang Series (Sep 2009),lecture,2009,,,,False,,,,Satsang Series (Sep 2009),❌,veritas/only sold via audible,,,,,,,,
290,item,"Item candidate; raw tempid placeholder cleared 2026-08-08 (was repeated '2cds each?' annotation, not an ID).",Satsang Series,Satsang Series (Nov 2009),lecture,2009,,,,False,,,,Satsang Series (Nov 2009),❌,veritas/only sold via audible,,,,,,,,
291,item,"Item candidate; raw tempid placeholder cleared 2026-08-08 (was repeated '2cds each?' annotation, not an ID).",Satsang Series,Satsang Series (Feb 2010),lecture,2010,02,,,False,,,,Satsang Series (Feb 2010),❌,veritas/only sold via audible,,,,,,,,
292,item,"Item candidate; raw tempid placeholder cleared 2026-08-08 (was repeated '2cds each?' annotation, not an ID).",Satsang Series,Satsang Series (Nov 2010),lecture,2010,,,,False,,,,Satsang Series (Nov 2010),❌,veritas/only sold via audible,,,,,,,,
293,blank_separator,Empty visual separator row.,,,,,,,,,,,,,,,,,,,,,,
294,series_context,Collection/category heading.,,,,,,,,,,,,Media Miscellaneous: https://veritaspub.com/media-miscellaneous-2/,,,,,,,,,,
295,research_note,Editorial gap/research note; item identity needs confirmation.,,,,,,,,,,,, ❌❌ MOST ARE MISSING ❌❌ NOT YET IN THE SPREADSHEET ❌❌,,,,,,,,,,
296,duplicate,"Duplicate of master 329 (""In the World But Not of It"" – Audio, the Nightingale-Conant 6-CD audio edition; Veritas product 1661 matched_by_primary_source to 329). Legacy archive row (raw ""26. In the World But Not of It –"", owned, source veritas) is the same audio edition. Owner ruling 2026-08-07: exclude from the master; provenance kept here.",Media Miscellaneous,"""In the World But Not of It"" – Audio",,,,,,True,,,,"26. ""In the World But Not of It"" – ",✅,veritas,,,,,,,,
297,item,"Item candidate indicated by ownership status and/or legacy tempid. Official Veritas product 1552 page: ""Three Compact Disc Set"", running time 2h56m (live-verified 2026-08-08); carrier corrected from audiobook (see archive/RULING_PREP_MASTER_265_GOLDEN_WORD_BOOK_SIGNING.md).",Media Miscellaneous,Golden Word Book Signing – Audio,lecture,2007,01,CD,three CD; 2h56m,True,,,,Audio 27. Golden Word Book Signing – Audio,✅,veritas,,,,,,,,
298,blank_separator,Empty visual separator row.,,,,,,,,,,,,,,,,,,,,,,
299,research_note,Editorial gap/research note; item identity needs confirmation.,,,,,,,,,,,,Missing OTR,,,,,,,,,,
300,item,Item candidate indicated by ownership status and/or legacy tempid.,On The Road Talk Series,All is Divinity,lecture,2004,,,,False,,,,All is Divinity,❌,veritas,,,,,,,,
301,item,Item candidate indicated by ownership status and/or legacy tempid.,On The Road Talk Series,Compassion: The Pathway of the Heart,lecture,2003,,,,False,,,,Compassion: The Pathway of the Heart,❌,veritas,,,,,,,,
302,item,Item candidate indicated by ownership status and/or legacy tempid.,On The Road Talk Series,God is Hidden Within the Beauty of the Music,lecture,,,,,False,,,,God is Hidden Within the Beauty of the Music,❌,veritas,,,,,,,,
303,item,Item candidate indicated by ownership status and/or legacy tempid.,On The Road Talk Series,God is The Infinite Field,lecture,2003,,,,False,,,,God is The Infinite Field,❌,veritas,,,,,,,,
304,item,Item candidate indicated by ownership status and/or legacy tempid.,On The Road Talk Series,Spiritual Reality,lecture,2004,,,,False,,,,Spiritual Reality,❌,veritas,,,,,,,,
305,item,Item candidate indicated by ownership status and/or legacy tempid.,On The Road Talk Series,The Ever-Present Joy,lecture,2004,,,,False,,,,The Ever-Present Joy,❌,veritas,,,,,,,,
306,item,Item candidate indicated by ownership status and/or legacy tempid.,On The Road Talk Series,The Power of Devotion,lecture,2003,,,,False,,,,The Power of Devotion,❌,veritas,,,,,,,,
307,item,Item candidate indicated by ownership status and/or legacy tempid.,On The Road Talk Series,The Prevailing Silence,lecture,2005,,,,False,,,,The Prevailing Silence,❌,veritas,,,,,,,,
308,item,Item candidate indicated by ownership status and/or legacy tempid.,On The Road Talk Series,Transcending the Ego,lecture,2004,,,,False,,,,Transcending the Ego,❌,veritas,,,,,,,,
309,item,Item candidate indicated by ownership status and/or legacy tempid.,On The Road Talk Series,Truth Shines Forth,lecture,2004,,,,False,,,,Truth Shines Forth,❌,veritas,,,,,,,,
310,item,Item candidate indicated by ownership status and/or legacy tempid.,On The Road Talk Series,Virtues: The Spiritual Foundation,lecture,2004,,,,False,,,,Virtues: The Spiritual Foundation,❌,veritas,,,,,,,,
311,item,Item candidate indicated by ownership status and/or legacy tempid.,On The Road Talk Series,You Are the Light of Consciousness,lecture,2003,,,,False,,,,You Are the Light of Consciousness,❌,veritas,,,,,,,,
312,blank_separator,Empty visual separator row.,,,,,,,,,,,,,,,,,,,,,,
313,series_context,Collection/category heading.,,,,,,,,,,,,Discussion Series with Dr. David Hawkins & Wife Susan https://veritaspub.com/discussion-series-2/,,,,,,,,,,
314,blank_separator,Empty visual separator row.,,,,,,,,,,,,,,,,,,,,,,
315,item,Item candidate indicated by ownership status and/or legacy tempid.; title aligned to official Veritas listing (distributor-naming audit 2026-08-07),Discussion Series,How to Live Your Life Like A Prayer,discussion,2012,,streaming,,True,,,,How to Live Your Life Like a Prayer.mp4,✅,veritas,,,,,,,,
316,item,Item candidate indicated by ownership status and/or legacy tempid.,Discussion Series,How to See the Reality of Life.mp4,discussion,2012,,,,True,,,,How to See the Reality of Life.mp4,✅,veritas,,,,,,,,
317,item,Item candidate indicated by ownership status and/or legacy tempid.,Discussion Series,Improving Your Relationships.mp4,discussion,2012,,,,True,,,,Improving Your Relationships.mp4,✅,veritas,,,,,,,,
318,duplicate,Duplicate of promoted master 312 — same 2012 Discussion Series talk; Veritas product 50485 'Permanent Inner Peace (2012)' matched_by_primary_source to 312. Owner ruling 2026-08-07: exclude legacy archive row (raw file 'Permanent Inner Peace.mp4') from the master; provenance kept here.,Discussion Series,Permanent Inner Peace.mp4,discussion,2012,,streaming,,True,,,,Permanent Inner Peace.mp4,✅,veritas,,,,,,,,
319,item,Item candidate indicated by ownership status and/or legacy tempid.,Discussion Series,The Importance of Family.mp4,discussion,2012,,,,True,,,,The Importance of Family.mp4,✅,veritas,,,,,,,,
320,item,Item candidate indicated by ownership status and/or legacy tempid.,Discussion Series,What is Meant by Spiritual.mp4,discussion,2012,,,,True,,,,What is Meant by Spiritual.mp4,✅,veritas,,,,,,,,
321,duplicate,Duplicate of promoted master 313 — same 2012 Discussion Series talk; Veritas product 50488 'What is Real Success? (2012)' matched_by_primary_source to 313. Owner ruling 2026-08-07: exclude legacy archive row (raw file 'What is Real Success.mp4') from the master; provenance kept here.,Discussion Series,What is Real Success.mp4,discussion,2012,,streaming,,True,,,,What is Real Success.mp4,✅,veritas,,,,,,,,
322,item,Item candidate indicated by ownership status and/or legacy tempid.,Discussion Series,What You are Changes the World.mp4,discussion,2012,,,,True,,,,What You are Changes the World.mp4,✅,veritas,,,,,,,,
323,blank_separator,Empty visual separator row.,,,,,,,,,,,,,,,,,,,,,,
324,series_context,Collection/category heading.,,,,,,,,,,,,Books https://veritaspub.com/books-2/,,,,,,,,,,
325,item,Item candidate indicated by ownership status and/or legacy tempid.; title aligned to official Veritas listing (distributor-naming audit 2026-08-07),Books,Power vs. Force: The Hidden Determinants of Human Behavior,book,1995,,,,True,,,,Power vs Force,✅,veritas,,,,,,,,
326,item,Item candidate indicated by ownership status and/or legacy tempid.,Books,The Eye of the I,book,2001,,,,True,,,,The Eye of the I,✅,veritas,,,,,,,,
327,item,Item candidate indicated by ownership status and/or legacy tempid.; title aligned to official Veritas listing (distributor-naming audit 2026-08-07),Books,I: Reality and Subjectivity,book,2003,,,,True,,,,I Reality and Subjectivity,✅,veritas,my pdfs are trash,,,,,,,
328,item,Item candidate indicated by ownership status and/or legacy tempid.; title aligned to official Veritas listing (distributor-naming audit 2026-08-07),Books,Truth vs. Falsehood: How to Tell the Difference,book,2005,,,,True,,,,Truth vs Falsehood,✅,veritas,,,,,,,,
329,item,Item candidate indicated by ownership status and/or legacy tempid.; title aligned to official Veritas listing (distributor-naming audit 2026-08-07),Books,Letting Go: The Pathway of Surrender,book,2012,,,,True,,,,Letting Go,✅,veritas,,,,,,,,
330,item,Item candidate indicated by ownership status and/or legacy tempid.,Books,Healing and Recovery,book,2009,,,,True,,,,Healing and Recovery,✅,veritas,,,,,,,,
331,item,Item candidate indicated by ownership status and/or legacy tempid.; title aligned to official Veritas listing (distributor-naming audit 2026-08-07),Books,Discovery of the Presence of God: Devotional Nonduality,book,2007,,,,True,,,,Discovery of the Presence of God,✅,veritas,,,,,,,,
332,item,Item candidate indicated by ownership status and/or legacy tempid.,Books,"Reality, Spirituality and Modern Man",book,2008,,,,True,,,,"Reality, Spirituality and Modern Man",✅,veritas,,,,,,,,
333,item,Item candidate indicated by ownership status and/or legacy tempid.,Books,Transcending the Levels of Consciousness,book,2006,,,,True,,,,Transcending the Levels of Consciousness,✅,veritas,,,,,,,,
334,item,Item candidate indicated by ownership status and/or legacy tempid.; title aligned to official Veritas listing (distributor-naming audit 2026-08-07),Books,The Map of Consciousness Explained: A Proven Energy Scale to Actualize Your Ultimate Potential,book,2020,,,,True,,,,The Map of Consciousness Explained,✅,veritas,,,,,,,,
335,item,Item candidate indicated by ownership status and/or legacy tempid.; title aligned to official Veritas listing (distributor-naming audit 2026-08-07),Books,Success Is for You: Using Heart-Centered Power Principles for Lasting Abundance and Fulfillment,book,2016,,,,True,,,,Success Is for You,✅,veritas,,,,,,,,
336,series_context,Collection/category heading.,,,,,,,,,,,,Books of Slides,✅,veritas,,,,,,,,
337,item,Item candidate indicated by ownership status and/or legacy tempid.; title aligned to official Veritas listing (distributor-naming audit 2026-08-07),Books,"Daily Reflections from Dr. David R. Hawkins: 365 Contemplations on Surrender, Healing, and Consciousness",book,2022,,,,True,,,,Daily Reflections,✅,veritas,,,,,,,,
338,blank_separator,Empty visual separator row.,,,,,,,,,,,,,,,,,,,,,,
339,item,Item candidate indicated by ownership status and/or legacy tempid.,Books,Along the Path to Enlightenment,book,2011,,,,True,,,,Along the Path to Enlightenment,✅,veritas,,,,,,,,
340,item,Item candidate indicated by ownership status and/or legacy tempid.; title aligned to official Hay House listing (distributor-naming audit 2026-08-07),Books,Dissolving the Ego Realizing the Self,book,2011,,,,True,,,,Dissolving the Ego,✅,veritas,,,,,,,,
341,item,Item candidate indicated by ownership status and/or legacy tempid.; title aligned to official Veritas listing (distributor-naming audit 2026-08-07),Books,In the World But Not Of It: Transforming Everyday Experience into a Spiritual Path,book,2023,,,,True,,,,"In the World, But Not of It",✅,veritas,,,,,,,,
342,item,Item candidate indicated by ownership status and/or legacy tempid.,Books,The Highest Level of Enlightenment,book,2024,,,,True,,,,The Highest Level of Enlightenment,✅,veritas,,,,,,,,
343,duplicate,"Duplicate of raw row 347 — same work, full title variant kept as master 303; truncated title variant previously created duplicate work_id.",Books,The Path to Spiritual Advancement,book,2024,,,,True,,,,The Path to Spiritual Advancement,✅,veritas,,,,,,,,
344,blank_separator,Empty visual separator row.,,,,,,,,,,,,,,,,,,,,,,
345,series_context,Collection/category heading.,,,,,,,,,,,,TRANSCRIPTION SERIES BOOKS https://veritaspub.com/the-six-book-transcription-series-transcribed-from-the-lectures-presented-in-2002-the-core-lectures-of-dr-hawkins-work/,,,,,,,,,,
346,blank_separator,Empty visual separator row.,,,,,,,,,,,,,,,,,,,,,,
347,item,Item candidate indicated by ownership status and/or legacy tempid.,Transcription Series Books,The Path to Spiritual Advancement: How to Transcend the Ego and Experience the Presence of God,book,2024,,,,True,,,,The Path to Spiritual Advancement: How to Transcend the Ego and Experience the Presence of God,✅,veritas,,,,,,,,
348,item,Item candidate indicated by ownership status and/or legacy tempid.,Transcription Series Books,The Evolution of Consciousness: Navigating the Levels of Awareness and Unlocking Spiritual Potential,book,2024,,,,True,,,,The Evolution of Consciousness: Navigating the Levels of Awareness and Unlocking Spiritual Potential,✅,veritas,,,,,,,,
349,item,Item candidate indicated by ownership status and/or legacy tempid.,Transcription Series Books,"Beyond Illusion: Exploring Perception, Ego, and Meditation on the Path to Truth",book,2025,,,,True,,,,"Beyond Illusion: Exploring Perception, Ego, and Meditation on the Path to Truth",✅,veritas,,,,,,,,
350,item,Item candidate indicated by ownership status and/or legacy tempid.,Transcription Series Books,"Spiritual Power and Integrity: Uncovering Spiritual Reality and Realizing Peace, Love, and Divinity",book,2025,,,,True,,,,"Spiritual Power and Integrity: Uncovering Spiritual Reality and Realizing Peace, Love, and Divinity",✅,veritas,,,,,,,,
351,item,Item candidate indicated by ownership status and/or legacy tempid.,Transcription Series Books,Karma and Devotion: The Sacred Path to God through the Heart,book,2025,,,,True,,,,Karma and Devotion: The Sacred Path to God through the Heart,✅,veritas,,,,,,,,
352,item,Item candidate indicated by ownership status and/or legacy tempid.,Transcription Series Books,"The Final Doorway to Enlightenment: Prayer, Transcendence and Realization of the Self",book,2026,,,,True,,,,"The Final Doorway to Enlightenment: Prayer, Transcendence and Realization of the Self",✅,veritas,,,,,,,,
353,blank_separator,Empty visual separator row.,,,,,,,,,,,,,,,,,,,,,,
354,series_context,Collection/category heading.,,,,,,,,,,,,Scott Jeffrey edited books,,,,,,,,,,
355,blank_separator,Empty visual separator row.,,,,,,,,,,,,,,,,,,,,,,
356,blank_separator,Empty visual separator row.,,,,,,,,,,,,,,,,,,,,,,
357,blank_separator,Empty visual separator row.,,,,,,,,,,,,,,,,,,,,,,
358,research_note,Editorial gap/research note; item identity needs confirmation.,,,,,,,,,,,,Missing books? ❌❌ ,,,,,,,,,,
359,blank_separator,Empty visual separator row.,,,,,,,,,,,,,,,,,,,,,,
360,series_context,Collection/category heading.,,,,,,,,,,,,Lecture Highlights https://veritaspub.com/highlights/,❌,veritas,,,,,,,,
361,blank_separator,Empty visual separator row.,,,,,,,,,,,,,,,,,,,,,,
362,source_context,Landing page or source URL stored in title.,,,,,,,,,,,,https://veritaspub.com/map-of-consciousness/,❌,veritas,,,,,,,,
363,blank_separator,Empty visual separator row.,,,,,,,,,,,,,,,,,,,,,,
364,blank_separator,Empty visual separator row.,,,,,,,,,,,,,,,,,,,,,,
365,research_note,Editorial gap/research note; item identity needs confirmation.,,,,,,,,,,,,"more stuff missing, non-veritas stuff. check: https://github.com/56eli/bookbot/blob/temp/hawkins.md",,,,,,,,,,
366,blank_separator,Empty visual separator row.,,,,,,,,,,,,,,,,,,,,,,
367,blank_separator,Empty visual separator row.,,,,,,,,,,,,,,,,,,,,,,
368,research_note,Editorial gap/research note; item identity needs confirmation.,,,,,,,,,,,,DISSERTATION ❌❌❌,,,,,,,,,,
369,source_context,Landing page or source URL stored in title.,,,,,,,,,,,,https://www.goodreads.com/book/show/6645749-qualitative-and-quantitative-analysis-and-calibration-of-the-level-of-hu,,,,,,,,,,
370,blank_separator,Empty visual separator row.,,,,,,,,,,,,,,,,,,,,,,
371,needs_review,Non-empty row without item ID or ownership status.,,,,,,,,,,,,Dialogues on Consciousness and Spirituality: WHAT IS THIS ⚠️⚠️⚠️,,,,,,,,,,
372,source_context,Landing page or source URL stored in title.,,,,,,,,,,,,https://www.goodreads.com/book/show/23323.Dialogues_on_Consciousness_and_Spirituality,,,,,,,,,,
373,source_context,Landing page or source URL stored in title.,,,,,,,,,,,,SETH HAS IT https://discord.com/channels/1194598173742731284/1194598173742731287/1529890680824926259,,,,,,,,,,
374,blank_separator,Empty visual separator row.,,,,,,,,,,,,,,,,,,,,,,
375,research_note,Editorial gap/research note; item identity needs confirmation.,,,,,,,,,,,,scorpion book,,,,,,,,,,
376,research_note,Editorial gap/research note; item identity needs confirmation.,,,,,,,,,,,,orthomolecular book,✅,,,,,,,,,
