uuid,work_id,catalog_code,legacy_tempid,title,proposed_filename,legacy_title,title_source,item_type,series,year,month,year_source,format,format_detail,owned,location_physical,location_digital,location_streaming,source_url_veritas,source_url_hay_house,source_url_nightingale_conant,source_url_audible,source_url_amazon,reference_url_1,reference_url_2,notes,raw_row_number,candidate_key
1,w-causality-the-ego-s-foundation,LECTURE-2002-001,LS200201_1,Causality: The Ego's Foundation,2002-01 - Causality The Ego's Foundation [1-3].mp4,Causality: The Ego's Foundation (Jan 2002) DVD01,Causality: The Ego's Foundation (Jan 2002) DVD01,lecture,The Way to God,2002,01,Ledger: recording date 2002,DVD,DVD01,true,,,,https://veritaspub.com/product/2002-01-causality-the-egos-foundation-jan-2002/,,,,,https://veritaspub.com/causality-the-egos-foundation-jan-2002-streaming/,,,7,
2,w-causality-the-ego-s-foundation,LECTURE-2002-002,LS200201_2,Causality: The Ego's Foundation,2002-01 - Causality The Ego's Foundation [2-3].mp4,Causality: The Ego's Foundation (Jan 2002) DVD02,Causality: The Ego's Foundation (Jan 2002) DVD02,lecture,The Way to God,2002,01,Ledger: recording date 2002,DVD,DVD02,true,,,,https://veritaspub.com/product/2002-01-causality-the-egos-foundation-jan-2002/,,,,,https://veritaspub.com/causality-the-egos-foundation-jan-2002-streaming/,,,8,
3,w-causality-the-ego-s-foundation,LECTURE-2002-003,LS200201_3,Causality: The Ego's Foundation,2002-01 - Causality The Ego's Foundation [3-3].mp4,Causality: The Ego's Foundation (Jan 2002) DVD03,Causality: The Ego's Foundation (Jan 2002) DVD03,lecture,The Way to God,2002,01,Ledger: recording date 2002,DVD,DVD03,true,,,,https://veritaspub.com/product/2002-01-causality-the-egos-foundation-jan-2002/,,,,,https://veritaspub.com/causality-the-egos-foundation-jan-2002-streaming/,,,9,
4,w-radical-subjectivity-the-i-of-self,LECTURE-2002-004,LS200202_1,Radical Subjectivity: The 'I' of Self,2002-02 - Radical Subjectivity The 'I' of Self [1-3].mp4,Radical Subjectivity: The 'I' of Self (Feb 2002) DVD01,Radical Subjectivity: The 'I' of Self (Feb 2002) DVD01,lecture,The Way to God,2002,02,Ledger: recording date 2002,DVD,DVD01,true,,,,https://veritaspub.com/product/radical-subjectivity-the-i-of-self-feb-2002/,,,,,,,,10,
5,w-radical-subjectivity-the-i-of-self,LECTURE-2002-005,LS200202_2,Radical Subjectivity: The 'I' of Self,2002-02 - Radical Subjectivity The 'I' of Self [2-3].mp4,Radical Subjectivity: The 'I' of Self (Feb 2002) DVD02,Radical Subjectivity: The 'I' of Self (Feb 2002) DVD02,lecture,The Way to God,2002,02,Ledger: recording date 2002,DVD,DVD02,true,,,,https://veritaspub.com/product/radical-subjectivity-the-i-of-self-feb-2002/,,,,,,,,11,
6,w-radical-subjectivity-the-i-of-self,LECTURE-2002-006,LS200202_3,Radical Subjectivity: The 'I' of Self,2002-02 - Radical Subjectivity The 'I' of Self [3-3].mp4,Radical Subjectivity: The 'I' of Self (Feb 2002) DVD03,Radical Subjectivity: The 'I' of Self (Feb 2002) DVD03,lecture,The Way to God,2002,02,Ledger: recording date 2002,DVD,DVD03,true,,,,https://veritaspub.com/product/radical-subjectivity-the-i-of-self-feb-2002/,,,,,,,,12,
7,w-the-levels-of-consciousness-subjective-s,LECTURE-2002-007,LS200203_1,The Levels of Consciousness: Subjective & Social Consequences,2002-03 - The Levels of Consciousness Subjective & Social Consequences [1-3].mp4,The Levels of Consciousness: Subjective & Social Consequences (Mar 2002) DVD01,The Levels of Consciousness: Subjective & Social Consequences (Mar 2002) DVD01,lecture,The Way to God,2002,03,Ledger: recording date 2002,DVD,DVD01,true,,,,https://veritaspub.com/product/2002-03-the-levels-of-consciousness-subjective-social-consequences-mar-2002/,,,,,https://veritaspub.com/the-levels-of-consciousness-subjective-social-consequences-mar-2002-streaming/,,,13,
8,w-the-levels-of-consciousness-subjective-s,LECTURE-2002-008,LS200203_2,The Levels of Consciousness: Subjective & Social Consequences,2002-03 - The Levels of Consciousness Subjective & Social Consequences [2-3].mp4,The Levels of Consciousness: Subjective & Social Consequences (Mar 2002) DVD02,The Levels of Consciousness: Subjective & Social Consequences (Mar 2002) DVD02,lecture,The Way to God,2002,03,Ledger: recording date 2002,DVD,DVD02,true,,,,https://veritaspub.com/product/2002-03-the-levels-of-consciousness-subjective-social-consequences-mar-2002/,,,,,https://veritaspub.com/the-levels-of-consciousness-subjective-social-consequences-mar-2002-streaming/,,,14,
9,w-the-levels-of-consciousness-subjective-s,LECTURE-2002-009,LS200203_3,The Levels of Consciousness: Subjective & Social Consequences,2002-03 - The Levels of Consciousness Subjective & Social Consequences [3-3].mp4,The Levels of Consciousness: Subjective & Social Consequences (Mar 2002) DVD03,The Levels of Consciousness: Subjective & Social Consequences (Mar 2002) DVD03,lecture,The Way to God,2002,03,Ledger: recording date 2002,DVD,DVD03,true,,,,https://veritaspub.com/product/2002-03-the-levels-of-consciousness-subjective-social-consequences-mar-2002/,,,,,https://veritaspub.com/the-levels-of-consciousness-subjective-social-consequences-mar-2002-streaming/,,,15,
10,w-positionality-and-duality-transcending-t,LECTURE-2002-010,LS200204_1,Positionality and Duality: Transcending the Opposites,2002-04 - Positionality and Duality Transcending the Opposites [1-3].mp4,Positionality and Duality: Transcending the Opposites (Apr 2002) DVD01,Positionality and Duality: Transcending the Opposites (Apr 2002) DVD01,lecture,The Way to God,2002,04,Ledger: recording date 2002,DVD,DVD01,true,,,,https://veritaspub.com/product/2002-04-positionality-and-duality-transcending-the-opposites-apr-2002/,,,,,,,,16,
11,w-positionality-and-duality-transcending-t,LECTURE-2002-011,LS200204_2,Positionality and Duality: Transcending the Opposites,2002-04 - Positionality and Duality Transcending the Opposites [2-3].mp4,Positionality and Duality: Transcending the Opposites (Apr 2002) DVD02,Positionality and Duality: Transcending the Opposites (Apr 2002) DVD02,lecture,The Way to God,2002,04,Ledger: recording date 2002,DVD,DVD02,true,,,,https://veritaspub.com/product/2002-04-positionality-and-duality-transcending-the-opposites-apr-2002/,,,,,,,,17,
12,w-positionality-and-duality-transcending-t,LECTURE-2002-012,LS200204_3,Positionality and Duality: Transcending the Opposites,2002-04 - Positionality and Duality Transcending the Opposites [3-3].mp4,Positionality and Duality: Transcending the Opposites (Apr 2002) DVD03,Positionality and Duality: Transcending the Opposites (Apr 2002) DVD03,lecture,The Way to God,2002,04,Ledger: recording date 2002,DVD,DVD03,true,,,,https://veritaspub.com/product/2002-04-positionality-and-duality-transcending-the-opposites-apr-2002/,,,,,,,,18,
13,w-perception-and-illusion-distortions-of-r,LECTURE-2002-013,LS200205_1,Perception and Illusion: Distortions of Reality,2002-05 - Perception and Illusion Distortions of Reality [1-3].mp4,Perception and Illusion: Distortions of Reality (May 2002) DVD01,Perception and Illusion: Distortions of Reality (May 2002) DVD01,lecture,The Way to God,2002,05,Ledger: recording date 2002,DVD,DVD01,true,,,,https://veritaspub.com/product/2002-05-perception-and-illusion-distortions-of-reality-may-2002/,,,,,,,,19,
14,w-perception-and-illusion-distortions-of-r,LECTURE-2002-014,LS200205_2,Perception and Illusion: Distortions of Reality,2002-05 - Perception and Illusion Distortions of Reality [2-3].mp4,Perception and Illusion: Distortions of Reality (May 2002) DVD02,Perception and Illusion: Distortions of Reality (May 2002) DVD02,lecture,The Way to God,2002,05,Ledger: recording date 2002,DVD,DVD02,true,,,,https://veritaspub.com/product/2002-05-perception-and-illusion-distortions-of-reality-may-2002/,,,,,,,,20,
15,w-perception-and-illusion-distortions-of-r,LECTURE-2002-015,LS200205_3,Perception and Illusion: Distortions of Reality,2002-05 - Perception and Illusion Distortions of Reality [3-3].mp4,Perception and Illusion: Distortions of Reality (May 2002) DVD03,Perception and Illusion: Distortions of Reality (May 2002) DVD03,lecture,The Way to God,2002,05,Ledger: recording date 2002,DVD,DVD03,true,,,,https://veritaspub.com/product/2002-05-perception-and-illusion-distortions-of-reality-may-2002/,,,,,,,,21,
16,w-realizing-root,LECTURE-2002-016,LS200206_1,Realizing the Root of Consciousness: Meditative and Contemplative Techniques,2002-06 - Realizing the Root of Consciousness Meditative and Contemplative Techniques [1-3].mp4,Realizing the Root of Consciousness: Meditative and Contemplative Techniques (Jun 2002) DVD01,Realizing the Root of Consciousness: Meditative and Contemplative Techniques (Jun 2002) DVD01,lecture,The Way to God,2002,06,Ledger: recording date 2002,DVD,DVD01,true,,,,https://veritaspub.com/product/2002-06-realizing-the-root-of-consciousness-meditative-and-contemplative-techniques-jun-2002/,,,,,,,,22,
17,w-realizing-root,LECTURE-2002-017,LS200206_2,Realizing the Root of Consciousness: Meditative and Contemplative Techniques,2002-06 - Realizing the Root of Consciousness Meditative and Contemplative Techniques [2-3].mp4,Realizing the Root of Consciousness: Meditative and Contemplative Techniques (Jun 2002) DVD02,Realizing the Root of Consciousness: Meditative and Contemplative Techniques (Jun 2002) DVD02,lecture,The Way to God,2002,06,Ledger: recording date 2002,DVD,DVD02,true,,,,https://veritaspub.com/product/2002-06-realizing-the-root-of-consciousness-meditative-and-contemplative-techniques-jun-2002/,,,,,,,,23,
18,w-realizing-root,LECTURE-2002-018,LS200206_3,Realizing the Root of Consciousness: Meditative and Contemplative Techniques,2002-06 - Realizing the Root of Consciousness Meditative and Contemplative Techniques [3-3].mp4,Realizing the Root of Consciousness: Meditative and Contemplative Techniques (Jun 2002) DVD03,Realizing the Root of Consciousness: Meditative and Contemplative Techniques (Jun 2002) DVD03,lecture,The Way to God,2002,06,Ledger: recording date 2002,DVD,DVD03,true,,,,https://veritaspub.com/product/2002-06-realizing-the-root-of-consciousness-meditative-and-contemplative-techniques-jun-2002/,,,,,,,,24,
19,w-nature-of-divinity,LECTURE-2002-019,LS200207_1,The Nature of Divinity vs Religious Fallacy,2002-07 - The Nature of Divinity vs Religious Fallacy [1-3].mp4,The Nature of Divinity vs Religious Fallacy (Jul 2002) DVD01,The Nature of Divinity vs Religious Fallacy (Jul 2002) DVD01,lecture,The Way to God,2002,07,Ledger: recording date 2002,DVD,DVD01,true,,,,https://veritaspub.com/product/2002-07-the-nature-of-divinity-vs-religious-fallacy-jul-2002/,,,,,,,,25,
20,w-nature-of-divinity,LECTURE-2002-020,LS200207_2,The Nature of Divinity vs Religious Fallacy,2002-07 - The Nature of Divinity vs Religious Fallacy [2-3].mp4,The Nature of Divinity vs Religious Fallacy (Jul 2002) DVD02,The Nature of Divinity vs Religious Fallacy (Jul 2002) DVD02,lecture,The Way to God,2002,07,Ledger: recording date 2002,DVD,DVD02,true,,,,https://veritaspub.com/product/2002-07-the-nature-of-divinity-vs-religious-fallacy-jul-2002/,,,,,,,,26,
21,w-nature-of-divinity,LECTURE-2002-021,LS200207_3,The Nature of Divinity vs Religious Fallacy,2002-07 - The Nature of Divinity vs Religious Fallacy [3-3].mp4,The Nature of Divinity vs Religious Fallacy (Jul 2002) DVD03,The Nature of Divinity vs Religious Fallacy (Jul 2002) DVD03,lecture,The Way to God,2002,07,Ledger: recording date 2002,DVD,DVD03,true,,,,https://veritaspub.com/product/2002-07-the-nature-of-divinity-vs-religious-fallacy-jul-2002/,,,,,,,,27,
22,w-advaita,LECTURE-2002-022,LS200208_1,Advaita: The Way to God Through Mind,2002-08 - Advaita The Way to God Through Mind [1-3].mp4,Advaita: The Way to God Through Mind (Aug 2002) DVD01,Advaita: The Way to God Through Mind (Aug 2002) DVD01,lecture,The Way to God,2002,08,Ledger: recording date 2002,DVD,DVD01,true,,,,https://veritaspub.com/product/2002-08-advaita-the-way-to-god-through-mind/,,,,,,,,28,
23,w-advaita,LECTURE-2002-023,LS200208_2,Advaita: The Way to God Through Mind,2002-08 - Advaita The Way to God Through Mind [2-3].mp4,Advaita: The Way to God Through Mind (Aug 2002) DVD02,Advaita: The Way to God Through Mind (Aug 2002) DVD02,lecture,The Way to God,2002,08,Ledger: recording date 2002,DVD,DVD02,true,,,,https://veritaspub.com/product/2002-08-advaita-the-way-to-god-through-mind/,,,,,,,,29,
24,w-advaita,LECTURE-2002-024,LS200208_3,Advaita: The Way to God Through Mind,2002-08 - Advaita The Way to God Through Mind [3-3].mp4,Advaita: The Way to God Through Mind (Aug 2002) DVD03,Advaita: The Way to God Through Mind (Aug 2002) DVD03,lecture,The Way to God,2002,08,Ledger: recording date 2002,DVD,DVD03,true,,,,https://veritaspub.com/product/2002-08-advaita-the-way-to-god-through-mind/,,,,,,,,30,
25,w-devotion-the-way-to-god-through-the-hear,LECTURE-2002-025,LS200209_1,Devotion: The Way to God Through the Heart,2002-09 - Devotion The Way to God Through the Heart [1-3].mp4,Devotion: The Way to God Through the Heart (Sep 2002) DVD01,Devotion: The Way to God Through the Heart (Sep 2002) DVD01,lecture,The Way to God,2002,09,Ledger: recording date 2002,DVD,DVD01,true,,,,https://veritaspub.com/product/2002-09-devotion-the-way-to-god-through-the-heart-sept-2002/,,,,,,,,31,
26,w-devotion-the-way-to-god-through-the-hear,LECTURE-2002-026,LS200209_2,Devotion: The Way to God Through the Heart,2002-09 - Devotion The Way to God Through the Heart [2-3].mp4,Devotion: The Way to God Through the Heart (Sep 2002) DVD02,Devotion: The Way to God Through the Heart (Sep 2002) DVD02,lecture,The Way to God,2002,09,Ledger: recording date 2002,DVD,DVD02,true,,,,https://veritaspub.com/product/2002-09-devotion-the-way-to-god-through-the-heart-sept-2002/,,,,,,,,32,
27,w-devotion-the-way-to-god-through-the-hear,LECTURE-2002-027,LS200209_3,Devotion: The Way to God Through the Heart,2002-09 - Devotion The Way to God Through the Heart [3-3].mp4,Devotion: The Way to God Through the Heart (Sep 2002) DVD03,Devotion: The Way to God Through the Heart (Sep 2002) DVD03,lecture,The Way to God,2002,09,Ledger: recording date 2002,DVD,DVD03,true,,,,https://veritaspub.com/product/2002-09-devotion-the-way-to-god-through-the-heart-sept-2002/,,,,,,,,33,
28,w-karma-and-the-afterlife,LECTURE-2002-028,LS200210_1,Karma and the Afterlife,2002-10 - Karma and the Afterlife [1-3].mp4,Karma and the Afterlife (Oct 2002) DVD01,Karma and the Afterlife (Oct 2002) DVD01,lecture,The Way to God,2002,10,Ledger: recording date 2002,DVD,DVD01,true,,,,https://veritaspub.com/product/2002-10-karma-and-the-afterlife-oct-2002-streaming/,,,,,,,,34,
29,w-karma-and-the-afterlife,LECTURE-2002-029,LS200210_2,Karma and the Afterlife,2002-10 - Karma and the Afterlife [2-3].mp4,Karma and the Afterlife (Oct 2002) DVD02,Karma and the Afterlife (Oct 2002) DVD02,lecture,The Way to God,2002,10,Ledger: recording date 2002,DVD,DVD02,true,,,,https://veritaspub.com/product/2002-10-karma-and-the-afterlife-oct-2002-streaming/,,,,,,,,35,
30,w-karma-and-the-afterlife,LECTURE-2002-030,LS200210_3,Karma and the Afterlife,2002-10 - Karma and the Afterlife [3-3].mp4,Karma and the Afterlife (Oct 2002) DVD03,Karma and the Afterlife (Oct 2002) DVD03,lecture,The Way to God,2002,10,Ledger: recording date 2002,DVD,DVD03,true,,,,https://veritaspub.com/product/2002-10-karma-and-the-afterlife-oct-2002-streaming/,,,,,,,,36,
31,w-god-transcendent-and-immanent,LECTURE-2002-031,LS200211_1,God: Transcendent and Immanent,2002-11 - God Transcendent and Immanent [1-3].mp4,God: Transcendent and Immanent (Nov 2002) DVD01,God: Transcendent and Immanent (Nov 2002) DVD01,lecture,The Way to God,2002,11,Ledger: recording date 2002,DVD,DVD01,true,,,,https://veritaspub.com/product/2002-11-god-transcendent-and-immanent-nov-2002/,,,,,,,,37,
32,w-god-transcendent-and-immanent,LECTURE-2002-032,LS200211_2,God: Transcendent and Immanent,2002-11 - God Transcendent and Immanent [2-3].mp4,God: Transcendent and Immanent (Nov 2002) DVD02,God: Transcendent and Immanent (Nov 2002) DVD02,lecture,The Way to God,2002,11,Ledger: recording date 2002,DVD,DVD02,true,,,,https://veritaspub.com/product/2002-11-god-transcendent-and-immanent-nov-2002/,,,,,,,,38,
33,w-god-transcendent-and-immanent,LECTURE-2002-033,LS200211_3,God: Transcendent and Immanent,2002-11 - God Transcendent and Immanent [3-3].mp4,God: Transcendent and Immanent (Nov 2002) DVD03,God: Transcendent and Immanent (Nov 2002) DVD03,lecture,The Way to God,2002,11,Ledger: recording date 2002,DVD,DVD03,true,,,,https://veritaspub.com/product/2002-11-god-transcendent-and-immanent-nov-2002/,,,,,,,,39,
34,w-realization-of-the-self-the-final-moment,LECTURE-2002-034,LS200212_1,Realization of the Self: The Final Moments,2002-12 - Realization of the Self The Final Moments [1-3].mp4,Realization of the Self: The Final Moments (Dec 2002) DVD01,Realization of the Self: The Final Moments (Dec 2002) DVD01,lecture,The Way to God,2002,12,Ledger: recording date 2002,DVD,DVD01,true,,,,https://veritaspub.com/product/2002-12-realization-of-the-self-the-final-moments-dec-2002/,,,,,,,,40,
35,w-realization-of-the-self-the-final-moment,LECTURE-2002-035,LS200212_2,Realization of the Self: The Final Moments,2002-12 - Realization of the Self The Final Moments [2-3].mp4,Realization of the Self: The Final Moments (Dec 2002) DVD02,Realization of the Self: The Final Moments (Dec 2002) DVD02,lecture,The Way to God,2002,12,Ledger: recording date 2002,DVD,DVD02,true,,,,https://veritaspub.com/product/2002-12-realization-of-the-self-the-final-moments-dec-2002/,,,,,,,,41,
36,w-realization-of-the-self-the-final-moment,LECTURE-2002-036,LS200212_3,Realization of the Self: The Final Moments,2002-12 - Realization of the Self The Final Moments [3-3].mp4,Realization of the Self: The Final Moments (Dec 2002) DVD03,Realization of the Self: The Final Moments (Dec 2002) DVD03,lecture,The Way to God,2002,12,Ledger: recording date 2002,DVD,DVD03,true,,,,https://veritaspub.com/product/2002-12-realization-of-the-self-the-final-moments-dec-2002/,,,,,,,,42,
37,w-integration-of-spirituality-and-personal,LECTURE-2003-001,LS200301_1,Integration of Spirituality and Personal Life,2003-02 - Integration of Spirituality and Personal Life [1-3].mp4,Integration of Spirituality and Personal Life (Feb 2003) DVD01,Integration of Spirituality and Personal Life (Feb 2003) DVD01,lecture,Devotional Nonduality,2003,02,Ledger: recording date 2003,DVD,DVD01,true,,,,https://veritaspub.com/product/2003-02-integration-of-spirituality-and-personal-life-feb-2003/,,,,,,,,46,
38,w-integration-of-spirituality-and-personal,LECTURE-2003-002,LS200301_2,Integration of Spirituality and Personal Life,2003-02 - Integration of Spirituality and Personal Life [2-3].mp4,Integration of Spirituality and Personal Life (Feb 2003) DVD02,Integration of Spirituality and Personal Life (Feb 2003) DVD02,lecture,Devotional Nonduality,2003,02,Ledger: recording date 2003,DVD,DVD02,true,,,,https://veritaspub.com/product/2003-02-integration-of-spirituality-and-personal-life-feb-2003/,,,,,,,,47,
39,w-integration-of-spirituality-and-personal,LECTURE-2003-003,LS200301_3,Integration of Spirituality and Personal Life,2003-02 - Integration of Spirituality and Personal Life [3-3].mp4,Integration of Spirituality and Personal Life (Feb 2003) DVD03,Integration of Spirituality and Personal Life (Feb 2003) DVD03,lecture,Devotional Nonduality,2003,02,Ledger: recording date 2003,DVD,DVD03,true,,,,https://veritaspub.com/product/2003-02-integration-of-spirituality-and-personal-life-feb-2003/,,,,,,,,48,
40,w-spirituality-and-the-world,LECTURE-2003-004,LS200302_1,Spirituality and the World,2003-04 - Spirituality and the World [1-3].mp4,Spirituality and the World (Apr 2003) DVD01,Spirituality and the World (Apr 2003) DVD01,lecture,Devotional Nonduality,2003,04,Ledger: recording date 2003,DVD,DVD01,true,,,,https://veritaspub.com/product/2003-04-spirituality-and-the-world-april-2003/,,,,,,,,49,
41,w-spirituality-and-the-world,LECTURE-2003-005,LS200302_2,Spirituality and the World,2003-04 - Spirituality and the World [2-3].mp4,Spirituality and the World (Apr 2003) DVD02,Spirituality and the World (Apr 2003) DVD02,lecture,Devotional Nonduality,2003,04,Ledger: recording date 2003,DVD,DVD02,true,,,,https://veritaspub.com/product/2003-04-spirituality-and-the-world-april-2003/,,,,,,,,50,
42,w-spirituality-and-the-world,LECTURE-2003-006,LS200302_3,Spirituality and the World,2003-04 - Spirituality and the World [3-3].mp4,Spirituality and the World (Apr 2003) DVD03,Spirituality and the World (Apr 2003) DVD03,lecture,Devotional Nonduality,2003,04,Ledger: recording date 2003,DVD,DVD03,true,,,,https://veritaspub.com/product/2003-04-spirituality-and-the-world-april-2003/,,,,,,,,51,
43,w-spiritual-community,LECTURE-2003-007,LS200303_1,Spiritual Community,2003-06 - Spiritual Community [1-3].mp4,Spiritual Community (Jun 2003) DVD01,Spiritual Community (Jun 2003) DVD01,lecture,Devotional Nonduality,2003,06,Ledger: recording date 2003,DVD,DVD01,true,,,,https://veritaspub.com/product/2003-06-spiritual-community-june-2003/,,,,,,,,52,
44,w-spiritual-community,LECTURE-2003-008,LS200303_2,Spiritual Community,2003-06 - Spiritual Community [2-3].mp4,Spiritual Community (Jun 2003) DVD02,Spiritual Community (Jun 2003) DVD02,lecture,Devotional Nonduality,2003,06,Ledger: recording date 2003,DVD,DVD02,true,,,,https://veritaspub.com/product/2003-06-spiritual-community-june-2003/,,,,,,,,53,
45,w-spiritual-community,LECTURE-2003-009,LS200303_3,Spiritual Community,2003-06 - Spiritual Community [3-3].mp4,Spiritual Community (Jun 2003) DVD03,Spiritual Community (Jun 2003) DVD03,lecture,Devotional Nonduality,2003,06,Ledger: recording date 2003,DVD,DVD03,true,,,,https://veritaspub.com/product/2003-06-spiritual-community-june-2003/,,,,,,,,54,
46,w-enlightenment,LECTURE-2003-010,LS200304_1,Enlightenment,2003-08 - Enlightenment [1-3].mp4,Enlightenment (Aug 2003) DVD01,Enlightenment (Aug 2003) DVD01,lecture,Devotional Nonduality,2003,08,Ledger: recording date 2003,DVD,DVD01,true,,,,https://veritaspub.com/product/2003-08-enlightenment-august-2003/,,,,,,,,55,
47,w-enlightenment,LECTURE-2003-011,LS200304_2,Enlightenment,2003-08 - Enlightenment [2-3].mp4,Enlightenment (Aug 2003) DVD02,Enlightenment (Aug 2003) DVD02,lecture,Devotional Nonduality,2003,08,Ledger: recording date 2003,DVD,DVD02,true,,,,https://veritaspub.com/product/2003-08-enlightenment-august-2003/,,,,,,,,56,
48,w-enlightenment,LECTURE-2003-012,LS200304_3,Enlightenment,2003-08 - Enlightenment [3-3].mp4,Enlightenment (Aug 2003) DVD03,Enlightenment (Aug 2003) DVD03,lecture,Devotional Nonduality,2003,08,Ledger: recording date 2003,DVD,DVD03,true,,,,https://veritaspub.com/product/2003-08-enlightenment-august-2003/,,,,,,,,57,
49,w-realization-of-the-self-as-the-i,LECTURE-2003-013,LS200305_1,Realization of the Self as the 'I',2003-11 - Realization of the Self as the 'I' [1-3].mp4,Realization of the Self as the 'I' (Nov 2003) DVD01,Realization of the Self as the 'I' (Nov 2003) DVD01,lecture,Devotional Nonduality,2003,11,Ledger: recording date 2003,DVD,DVD01,true,,,,https://veritaspub.com/product/2003-11-realization-of-the-self-as-the-i-nov-2003/,,,,,,,,58,
50,w-realization-of-the-self-as-the-i,LECTURE-2003-014,LS200305_2,Realization of the Self as the 'I',2003-11 - Realization of the Self as the 'I' [2-3].mp4,Realization of the Self as the 'I' (Nov 2003) DVD02,Realization of the Self as the 'I' (Nov 2003) DVD02,lecture,Devotional Nonduality,2003,11,Ledger: recording date 2003,DVD,DVD02,true,,,,https://veritaspub.com/product/2003-11-realization-of-the-self-as-the-i-nov-2003/,,,,,,,,59,
51,w-realization-of-the-self-as-the-i,LECTURE-2003-015,LS200305_3,Realization of the Self as the 'I',2003-11 - Realization of the Self as the 'I' [3-3].mp4,Realization of the Self as the 'I' (Nov 2003) DVD03,Realization of the Self as the 'I' (Nov 2003) DVD03,lecture,Devotional Nonduality,2003,11,Ledger: recording date 2003,DVD,DVD03,true,,,,https://veritaspub.com/product/2003-11-realization-of-the-self-as-the-i-nov-2003/,,,,,,,,60,
52,w-dialogue-questions-and-answers,LECTURE-2003-016,LS200306_1,"Dialogue, Questions, and Answers","2003-12 - Dialogue, Questions, and Answers [1-3].mp4","Dialogue, Questions, and Answers (Dec 2003) DVD01","Dialogue, Questions, and Answers (Dec 2003) DVD01",lecture,Devotional Nonduality,2003,12,Ledger: recording date 2003,DVD,DVD01,true,,,,https://veritaspub.com/product/dialogue-questions-and-answers-dec-2003/,,,,,,,,61,
53,w-dialogue-questions-and-answers,LECTURE-2003-017,LS200306_2,"Dialogue, Questions, and Answers","2003-12 - Dialogue, Questions, and Answers [2-3].mp4","Dialogue, Questions, and Answers (Dec 2003) DVD02","Dialogue, Questions, and Answers (Dec 2003) DVD02",lecture,Devotional Nonduality,2003,12,Ledger: recording date 2003,DVD,DVD02,true,,,,https://veritaspub.com/product/dialogue-questions-and-answers-dec-2003/,,,,,,,,62,
54,w-dialogue-questions-and-answers,LECTURE-2003-018,LS200306_3,"Dialogue, Questions, and Answers","2003-12 - Dialogue, Questions, and Answers [3-3].mp4","Dialogue, Questions, and Answers (Dec 2003) DVD03","Dialogue, Questions, and Answers (Dec 2003) DVD03",lecture,Devotional Nonduality,2003,12,Ledger: recording date 2003,DVD,DVD03,true,,,,https://veritaspub.com/product/dialogue-questions-and-answers-dec-2003/,,,,,,,,63,
55,w-thought-and-ideation,LECTURE-2004-001,LS200401_1,Thought and Ideation,2004-02 - Thought and Ideation [1-3].mp4,Thought and Ideation (Feb 2004) DVD01,Thought and Ideation (Feb 2004) DVD01,lecture,Transcending the Mind,2004,02,Ledger: recording date 2004,DVD,DVD01,true,,,,https://veritaspub.com/product/2004-02-thought-and-ideation-feb-2004/,,,,,https://veritaspub.com/thought-and-ideation-feb-2004/,,,66,
56,w-thought-and-ideation,LECTURE-2004-002,LS200401_2,Thought and Ideation,2004-02 - Thought and Ideation [2-3].mp4,Thought and Ideation (Feb 2004) DVD02,Thought and Ideation (Feb 2004) DVD02,lecture,Transcending the Mind,2004,02,Ledger: recording date 2004,DVD,DVD02,true,,,,https://veritaspub.com/product/2004-02-thought-and-ideation-feb-2004/,,,,,https://veritaspub.com/thought-and-ideation-feb-2004/,,,67,
57,w-thought-and-ideation,LECTURE-2004-003,LS200401_3,Thought and Ideation,2004-02 - Thought and Ideation [3-3].mp4,Thought and Ideation (Feb 2004) DVD03,Thought and Ideation (Feb 2004) DVD03,lecture,Transcending the Mind,2004,02,Ledger: recording date 2004,DVD,DVD03,true,,,,https://veritaspub.com/product/2004-02-thought-and-ideation-feb-2004/,,,,,https://veritaspub.com/thought-and-ideation-feb-2004/,,,68,
58,w-emotions-sensations,LECTURE-2004-004,LS200402_1,Emotions and Sensations,2004-04 - Emotions and Sensations [1-3].mp4,Emotions and Sensations (Apr 2004) DVD01,Emotions and Sensations (Apr 2004) DVD01,lecture,Transcending the Mind,2004,04,Ledger: recording date 2004,DVD,DVD01,true,,,,https://veritaspub.com/product/2004-04-emotions-and-sensations-april-2004/,,,,,,,,69,
59,w-emotions-sensations,LECTURE-2004-005,LS200402_2,Emotions and Sensations,2004-04 - Emotions and Sensations [2-3].mp4,Emotions and Sensations (Apr 2004) DVD02,Emotions and Sensations (Apr 2004) DVD02,lecture,Transcending the Mind,2004,04,Ledger: recording date 2004,DVD,DVD02,true,,,,https://veritaspub.com/product/2004-04-emotions-and-sensations-april-2004/,,,,,,,,70,
60,w-emotions-sensations,LECTURE-2004-006,LS200402_3,Emotions and Sensations,2004-04 - Emotions and Sensations [3-3].mp4,Emotions and Sensations (Apr 2004) DVD03,Emotions and Sensations (Apr 2004) DVD03,lecture,Transcending the Mind,2004,04,Ledger: recording date 2004,DVD,DVD03,true,,,,https://veritaspub.com/product/2004-04-emotions-and-sensations-april-2004/,,,,,,,,71,
61,w-perception-and-positionality,LECTURE-2004-007,LS200403_1,Perception and Positionality,2004-06 - Perception and Positionality [1-3].mp4,Perception and Positionality (Jun 2004) DVD01,Perception and Positionality (Jun 2004) DVD01,lecture,Transcending the Mind,2004,06,Ledger: recording date 2004,DVD,DVD01,true,,,,https://veritaspub.com/product/2004-06-perception-and-positionality-june-2004/,,,,,,,,72,
62,w-perception-and-positionality,LECTURE-2004-008,LS200403_2,Perception and Positionality,2004-06 - Perception and Positionality [2-3].mp4,Perception and Positionality (Jun 2004) DVD02,Perception and Positionality (Jun 2004) DVD02,lecture,Transcending the Mind,2004,06,Ledger: recording date 2004,DVD,DVD02,true,,,,https://veritaspub.com/product/2004-06-perception-and-positionality-june-2004/,,,,,,,,73,
63,w-perception-and-positionality,LECTURE-2004-009,LS200403_3,Perception and Positionality,2004-06 - Perception and Positionality [3-3].mp4,Perception and Positionality (Jun 2004) DVD03,Perception and Positionality (Jun 2004) DVD03,lecture,Transcending the Mind,2004,06,Ledger: recording date 2004,DVD,DVD03,true,,,,https://veritaspub.com/product/2004-06-perception-and-positionality-june-2004/,,,,,,,,74,
64,w-identification-illusion,LECTURE-2004-010,LS200404_1,Identification and Illusion,2004-08 - Identification and Illusion [1-3].mp4,Identification and Illusion (Aug 2004) DVD01,Identification and Illusion (Aug 2004) DVD01,lecture,Transcending the Mind,2004,08,Ledger: recording date 2004,DVD,DVD01,true,,,,https://veritaspub.com/product/2004-08-identification-and-illusion-aug-2004/,,,,,,,,75,
65,w-identification-illusion,LECTURE-2004-011,LS200404_2,Identification and Illusion,2004-08 - Identification and Illusion [2-3].mp4,Identification and Illusion (Aug 2004) DVD02,Identification and Illusion (Aug 2004) DVD02,lecture,Transcending the Mind,2004,08,Ledger: recording date 2004,DVD,DVD02,true,,,,https://veritaspub.com/product/2004-08-identification-and-illusion-aug-2004/,,,,,,,,76,
66,w-identification-illusion,LECTURE-2004-012,LS200404_3,Identification and Illusion,2004-08 - Identification and Illusion [3-3].mp4,Identification and Illusion (Aug 2004) DVD03,Identification and Illusion (Aug 2004) DVD03,lecture,Transcending the Mind,2004,08,Ledger: recording date 2004,DVD,DVD03,true,,,,https://veritaspub.com/product/2004-08-identification-and-illusion-aug-2004/,,,,,,,,77,
67,w-witnessing-and-observing,LECTURE-2004-013,LS200405_1,Witnessing and Observing,2004-10 - Witnessing and Observing [1-3].mp4,Witnessing and Observing (Oct 2004) DVD01,Witnessing and Observing (Oct 2004) DVD01,lecture,Transcending the Mind,2004,10,Ledger: recording date 2004,DVD,DVD01,true,,,,https://veritaspub.com/product/2004-10-witnessing-and-observing-october-2004/,,,,,,,,78,
68,w-witnessing-and-observing,LECTURE-2004-014,LS200405_2,Witnessing and Observing,2004-10 - Witnessing and Observing [2-3].mp4,Witnessing and Observing (Oct 2004) DVD02,Witnessing and Observing (Oct 2004) DVD02,lecture,Transcending the Mind,2004,10,Ledger: recording date 2004,DVD,DVD02,true,,,,https://veritaspub.com/product/2004-10-witnessing-and-observing-october-2004/,,,,,,,,79,
69,w-witnessing-and-observing,LECTURE-2004-015,LS200405_3,Witnessing and Observing,2004-10 - Witnessing and Observing [3-3].mp4,Witnessing and Observing (Oct 2004) DVD03,Witnessing and Observing (Oct 2004) DVD03,lecture,Transcending the Mind,2004,10,Ledger: recording date 2004,DVD,DVD03,true,,,,https://veritaspub.com/product/2004-10-witnessing-and-observing-october-2004/,,,,,,,,80,
70,w-the-ego-and-the-self,LECTURE-2004-016,LS200406_1,The Ego and The Self,2004-12 - The Ego and The Self [1-3].mp4,The Ego and The Self (Dec 2004) DVD01,The Ego and The Self (Dec 2004) DVD01,lecture,Transcending the Mind,2004,12,Ledger: recording date 2004,DVD,DVD01,true,,,,https://veritaspub.com/product/2004-12-the-ego-and-the-self-december-2004/,,,,,,,,81,
71,w-the-ego-and-the-self,LECTURE-2004-017,LS200406_2,The Ego and The Self,2004-12 - The Ego and The Self [2-3].mp4,The Ego and The Self (Dec 2004) DVD02,The Ego and The Self (Dec 2004) DVD02,lecture,Transcending the Mind,2004,12,Ledger: recording date 2004,DVD,DVD02,true,,,,https://veritaspub.com/product/2004-12-the-ego-and-the-self-december-2004/,,,,,,,,82,
72,w-the-ego-and-the-self,LECTURE-2004-018,LS200406_3,The Ego and The Self,2004-12 - The Ego and The Self [3-3].mp4,The Ego and The Self (Dec 2004) DVD03,The Ego and The Self (Dec 2004) DVD03,lecture,Transcending the Mind,2004,12,Ledger: recording date 2004,DVD,DVD03,true,,,,https://veritaspub.com/product/2004-12-the-ego-and-the-self-december-2004/,,,,,,,,83,
73,w-vision,LECTURE-2005-001,LS200501_1,Vision,2005-02 - Vision [1-3].mp4,Vision (Feb 2005) DVD01,Vision (Feb 2005) DVD01,lecture,Nonduality Intensive,2005,02,Ledger: recording date 2005,DVD,DVD01,true,,,,https://veritaspub.com/product/vision-feb-2005/,,,,,,,,85,
74,w-vision,LECTURE-2005-002,LS200501_2,Vision,2005-02 - Vision [2-3].mp4,Vision (Feb 2005) DVD02,Vision (Feb 2005) DVD02,lecture,Nonduality Intensive,2005,02,Ledger: recording date 2005,DVD,DVD02,true,,,,https://veritaspub.com/product/vision-feb-2005/,,,,,,,,86,
75,w-vision,LECTURE-2005-003,LS200501_3,Vision,2005-02 - Vision [3-3].mp4,Vision (Feb 2005) DVD03,Vision (Feb 2005) DVD03,lecture,Nonduality Intensive,2005,02,Ledger: recording date 2005,DVD,DVD03,true,,,,https://veritaspub.com/product/vision-feb-2005/,,,,,,,,87,
76,w-alignment,LECTURE-2005-004,LS200502_1,Alignment,2005-04 - Alignment [1-3].mp4,Alignment (Apr 2005) DVD01,Alignment (Apr 2005) DVD01,lecture,Nonduality Intensive,2005,04,Ledger: recording date 2005,DVD,DVD01,true,,,,https://veritaspub.com/product/2005-04-alignment-apr-2005/,,,,,,,,88,
77,w-alignment,LECTURE-2005-005,LS200502_2,Alignment,2005-04 - Alignment [2-3].mp4,Alignment (Apr 2005) DVD02,Alignment (Apr 2005) DVD02,lecture,Nonduality Intensive,2005,04,Ledger: recording date 2005,DVD,DVD02,true,,,,https://veritaspub.com/product/2005-04-alignment-apr-2005/,,,,,,,,89,
78,w-alignment,LECTURE-2005-006,LS200502_3,Alignment,2005-04 - Alignment [3-3].mp4,Alignment (Apr 2005) DVD03,Alignment (Apr 2005) DVD03,lecture,Nonduality Intensive,2005,04,Ledger: recording date 2005,DVD,DVD03,true,,,,https://veritaspub.com/product/2005-04-alignment-apr-2005/,,,,,,,,90,
79,w-intention,LECTURE-2005-007,LS200503_1,Intention,2005-05 - Intention [1-3].mp4,Intention (May 2005) DVD01,Intention (May 2005) DVD01,lecture,Nonduality Intensive,2005,05,Ledger: recording date 2005,DVD,DVD01,true,,,,https://veritaspub.com/product/2005-05-intention-may-2005/,,,,,,,,91,
80,w-intention,LECTURE-2005-008,LS200503_2,Intention,2005-05 - Intention [2-3].mp4,Intention (May 2005) DVD02,Intention (May 2005) DVD02,lecture,Nonduality Intensive,2005,05,Ledger: recording date 2005,DVD,DVD02,true,,,,https://veritaspub.com/product/2005-05-intention-may-2005/,,,,,,,,92,
81,w-intention,LECTURE-2005-009,LS200503_3,Intention,2005-05 - Intention [3-3].mp4,Intention (May 2005) DVD03,Intention (May 2005) DVD03,lecture,Nonduality Intensive,2005,05,Ledger: recording date 2005,DVD,DVD03,true,,,,https://veritaspub.com/product/2005-05-intention-may-2005/,,,,,,,,93,
82,w-transcending-barriers,LECTURE-2005-010,LS200504_1,Transcending Barriers,2005-06 - Transcending Barriers [1-3].mp4,Transcending Barriers (Jun 2005) DVD01,Transcending Barriers (Jun 2005) DVD01,lecture,Nonduality Intensive,2005,06,Ledger: recording date 2005,DVD,DVD01,true,,,,https://veritaspub.com/product/2005-06-transcending-barriers-june-2005/,,,,,,,,94,
83,w-transcending-barriers,LECTURE-2005-011,LS200504_2,Transcending Barriers,2005-06 - Transcending Barriers [2-3].mp4,Transcending Barriers (Jun 2005) DVD02,Transcending Barriers (Jun 2005) DVD02,lecture,Nonduality Intensive,2005,06,Ledger: recording date 2005,DVD,DVD02,true,,,,https://veritaspub.com/product/2005-06-transcending-barriers-june-2005/,,,,,,,,95,
84,w-transcending-barriers,LECTURE-2005-012,LS200504_3,Transcending Barriers,2005-06 - Transcending Barriers [3-3].mp4,Transcending Barriers (Jun 2005) DVD03,Transcending Barriers (Jun 2005) DVD03,lecture,Nonduality Intensive,2005,06,Ledger: recording date 2005,DVD,DVD03,true,,,,https://veritaspub.com/product/2005-06-transcending-barriers-june-2005/,,,,,,,,96,
85,w-conviction,LECTURE-2005-013,LS200505_1,Conviction,2005-07 - Conviction [1-3].mp4,Conviction (Jul 2005) DVD01,Conviction (Jul 2005) DVD01,lecture,Nonduality Intensive,2005,07,Ledger: recording date 2005,DVD,DVD01,true,,,,https://veritaspub.com/product/2005-07-conviction-july-2005/,,,,,,,,97,
86,w-conviction,LECTURE-2005-014,LS200505_2,Conviction,2005-07 - Conviction [2-3].mp4,Conviction (Jul 2005) DVD02,Conviction (Jul 2005) DVD02,lecture,Nonduality Intensive,2005,07,Ledger: recording date 2005,DVD,DVD02,true,,,,https://veritaspub.com/product/2005-07-conviction-july-2005/,,,,,,,,98,
87,w-conviction,LECTURE-2005-015,LS200505_3,Conviction,2005-07 - Conviction [3-3].mp4,Conviction (Jul 2005) DVD03,Conviction (Jul 2005) DVD03,lecture,Nonduality Intensive,2005,07,Ledger: recording date 2005,DVD,DVD03,true,,,,https://veritaspub.com/product/2005-07-conviction-july-2005/,,,,,,,,99,
88,w-serenity,LECTURE-2005-016,LS200506_1,Serenity,2005-08 - Serenity [1-3].mp4,Serenity (Aug 2005) DVD01,Serenity (Aug 2005) DVD01,lecture,Nonduality Intensive,2005,08,Ledger: recording date 2005,DVD,DVD01,true,,,,https://veritaspub.com/product/2005-08-serenity-august-2005/,,,,,,,,100,
89,w-serenity,LECTURE-2005-017,LS200506_2,Serenity,2005-08 - Serenity [2-3].mp4,Serenity (Aug 2005) DVD02,Serenity (Aug 2005) DVD02,lecture,Nonduality Intensive,2005,08,Ledger: recording date 2005,DVD,DVD02,true,,,,https://veritaspub.com/product/2005-08-serenity-august-2005/,,,,,,,,101,
90,w-serenity,LECTURE-2005-018,LS200506_3,Serenity,2005-08 - Serenity [3-3].mp4,Serenity (Aug 2005) DVD03,Serenity (Aug 2005) DVD03,lecture,Nonduality Intensive,2005,08,Ledger: recording date 2005,DVD,DVD03,true,,,,https://veritaspub.com/product/2005-08-serenity-august-2005/,,,,,,,,102,
91,w-transcending-obstacles,LECTURE-2005-019,LS200507_1,Transcending Obstacles,2005-09 - Transcending Obstacles [1-3].mp4,Transcending Obstacles (Sep 2005) DVD01,Transcending Obstacles (Sep 2005) DVD01,lecture,Nonduality Intensive,2005,09,Ledger: recording date 2005,DVD,DVD01,true,,,,https://veritaspub.com/product/2005-09-transcending-obstacles-sept-2005/,,,,,,,,103,
92,w-transcending-obstacles,LECTURE-2005-020,LS200507_2,Transcending Obstacles,2005-09 - Transcending Obstacles [2-3].mp4,Transcending Obstacles (Sep 2005) DVD02,Transcending Obstacles (Sep 2005) DVD02,lecture,Nonduality Intensive,2005,09,Ledger: recording date 2005,DVD,DVD02,true,,,,https://veritaspub.com/product/2005-09-transcending-obstacles-sept-2005/,,,,,,,,104,
93,w-transcending-obstacles,LECTURE-2005-021,LS200507_3,Transcending Obstacles,2005-09 - Transcending Obstacles [3-3].mp4,Transcending Obstacles (Sep 2005) DVD03,Transcending Obstacles (Sep 2005) DVD03,lecture,Nonduality Intensive,2005,09,Ledger: recording date 2005,DVD,DVD03,true,,,,https://veritaspub.com/product/2005-09-transcending-obstacles-sept-2005/,,,,,,,,105,
94,w-spiritual-traps,LECTURE-2005-022,LS200508_1,Spiritual Traps,2005-10 - Spiritual Traps [1-3].mp4,Spiritual Traps (Oct 2005) DVD01,Spiritual Traps (Oct 2005) DVD01,lecture,Nonduality Intensive,2005,10,Ledger: recording date 2005,DVD,DVD01,true,,,,https://veritaspub.com/product/2005-10-spiritual-traps-october-2005/,,,,,https://archive.org/download/Hawkins_Lectures_transcoded_actual_files/David%20R.%20Hawkins/Truth%20vs%20Falsehood/,,,106,
95,w-spiritual-traps,LECTURE-2005-023,LS200508_2,Spiritual Traps,2005-10 - Spiritual Traps [2-3].mp4,Spiritual Traps (Oct 2005) DVD02,Spiritual Traps (Oct 2005) DVD02,lecture,Nonduality Intensive,2005,10,Ledger: recording date 2005,DVD,DVD02,true,,,,https://veritaspub.com/product/2005-10-spiritual-traps-october-2005/,,,,,,,,107,
96,w-spiritual-traps,LECTURE-2005-024,LS200508_3,Spiritual Traps,2005-10 - Spiritual Traps [3-3].mp4,Spiritual Traps (Oct 2005) DVD03,Spiritual Traps (Oct 2005) DVD03,lecture,Nonduality Intensive,2005,10,Ledger: recording date 2005,DVD,DVD03,true,,,,https://veritaspub.com/product/2005-10-spiritual-traps-october-2005/,,,,,,,,108,
97,w-valid-teachers-and-teachings,LECTURE-2005-025,LS200509_1,Valid Teachers and Teachings,2005-11 - Valid Teachers and Teachings [1-3].mp4,Valid Teachers and Teachings (Nov 2005) DVD01,Valid Teachers and Teachings (Nov 2005) DVD01,lecture,Nonduality Intensive,2005,11,Ledger: recording date 2005,DVD,DVD01,true,,,,https://veritaspub.com/product/2005-11-valid-teachers-and-teachings-nov-2005/,,,,,,,,109,
98,w-valid-teachers-and-teachings,LECTURE-2005-026,LS200509_2,Valid Teachers and Teachings,2005-11 - Valid Teachers and Teachings [2-3].mp4,Valid Teachers and Teachings (Nov 2005) DVD02,Valid Teachers and Teachings (Nov 2005) DVD02,lecture,Nonduality Intensive,2005,11,Ledger: recording date 2005,DVD,DVD02,true,,,,https://veritaspub.com/product/2005-11-valid-teachers-and-teachings-nov-2005/,,,,,,,,110,
99,w-valid-teachers-and-teachings,LECTURE-2005-027,LS200509_3,Valid Teachers and Teachings,2005-11 - Valid Teachers and Teachings [3-3].mp4,Valid Teachers and Teachings (Nov 2005) DVD03,Valid Teachers and Teachings (Nov 2005) DVD03,lecture,Nonduality Intensive,2005,11,Ledger: recording date 2005,DVD,DVD03,true,,,,https://veritaspub.com/product/2005-11-valid-teachers-and-teachings-nov-2005/,,,,,,,,111,
100,w-god-religion-and-spirituality,LECTURE-2005-028,LS200510_1,"God, Religion, and Spirituality","2005-12 - God, Religion, and Spirituality [1-3].mp4","God, Religion, and Spirituality (Dec 2005) DVD01","God, Religion, and Spirituality (Dec 2005) DVD01",lecture,Nonduality Intensive,2005,12,Ledger: recording date 2005,DVD,DVD01,true,,,,https://veritaspub.com/product/2005-12-god-religion-and-spirituality-dec-2005/,,,,,,,,112,
101,w-god-religion-and-spirituality,LECTURE-2005-029,LS200510_2,"God, Religion, and Spirituality","2005-12 - God, Religion, and Spirituality [2-3].mp4","God, Religion, and Spirituality (Dec 2005) DVD02","God, Religion, and Spirituality (Dec 2005) DVD02",lecture,Nonduality Intensive,2005,12,Ledger: recording date 2005,DVD,DVD02,true,,,,https://veritaspub.com/product/2005-12-god-religion-and-spirituality-dec-2005/,,,,,,,,113,
102,w-god-religion-and-spirituality,LECTURE-2005-030,LS200510_3,"God, Religion, and Spirituality","2005-12 - God, Religion, and Spirituality [3-3].mp4","God, Religion, and Spirituality (Dec 2005) DVD03","God, Religion, and Spirituality (Dec 2005) DVD03",lecture,Nonduality Intensive,2005,12,Ledger: recording date 2005,DVD,DVD03,true,,,,https://veritaspub.com/product/2005-12-god-religion-and-spirituality-dec-2005/,,,,,,,,114,
103,w-experiential-reality,LECTURE-2006-001,LS200601_1,Experiential Reality,2006-02 - Experiential Reality [1-3].mp4,Experiential Reality (Feb 2006) DVD01,Experiential Reality (Feb 2006) DVD01,lecture,Transcending Levels of Consciousness,2006,02,Ledger: recording date 2006,DVD,DVD01,true,,,,https://veritaspub.com/product/2006-02-experiential-reality-feb-2006/,,,,,,,,116,
104,w-experiential-reality,LECTURE-2006-002,LS200601_2,Experiential Reality,2006-02 - Experiential Reality [2-3].mp4,Experiential Reality (Feb 2006) DVD02,Experiential Reality (Feb 2006) DVD02,lecture,Transcending Levels of Consciousness,2006,02,Ledger: recording date 2006,DVD,DVD02,true,,,,https://veritaspub.com/product/2006-02-experiential-reality-feb-2006/,,,,,,,,117,
105,w-experiential-reality,LECTURE-2006-003,LS200601_3,Experiential Reality,2006-02 - Experiential Reality [3-3].mp4,Experiential Reality (Feb 2006) DVD03,Experiential Reality (Feb 2006) DVD03,lecture,Transcending Levels of Consciousness,2006,02,Ledger: recording date 2006,DVD,DVD03,true,,,,https://veritaspub.com/product/2006-02-experiential-reality-feb-2006/,,,,,,,,118,
106,w-tlc-perception,LECTURE-2006-004,LS200602_1,Perception vs Essence,2006-04 - Perception vs Essence [1-3].mp4,Perception vs Essence (Apr 2006) DVD01,Perception vs Essence (Apr 2006) DVD01,lecture,Transcending Levels of Consciousness,2006,04,Ledger: recording date 2006,DVD,DVD01,true,,,,https://veritaspub.com/product/2006-04-perception-vs-essence-april-2006/,,,,,,,,119,
107,w-tlc-perception,LECTURE-2006-005,LS200602_2,Perception vs Essence,2006-04 - Perception vs Essence [2-3].mp4,Perception vs Essence (Apr 2006) DVD02,Perception vs Essence (Apr 2006) DVD02,lecture,Transcending Levels of Consciousness,2006,04,Ledger: recording date 2006,DVD,DVD02,true,,,,https://veritaspub.com/product/2006-04-perception-vs-essence-april-2006/,,,,,,,,120,
108,w-tlc-perception,LECTURE-2006-006,LS200602_3,Perception vs Essence,2006-04 - Perception vs Essence [3-3].mp4,Perception vs Essence (Apr 2006) DVD03,Perception vs Essence (Apr 2006) DVD03,lecture,Transcending Levels of Consciousness,2006,04,Ledger: recording date 2006,DVD,DVD03,true,,,,https://veritaspub.com/product/2006-04-perception-vs-essence-april-2006/,,,,,,,,121,
109,w-spiritual-truth-vs-spiritual-fantasy,LECTURE-2006-007,LS200603_1,Spiritual Truth vs. Spiritual Fantasy,2006-06 - Spiritual Truth vs. Spiritual Fantasy [1-3].mp4,Spiritual Truth vs. Spiritual Fantasy (Jun 2006) DVD01,Spiritual Truth vs. Spiritual Fantasy (Jun 2006) DVD01,lecture,Transcending Levels of Consciousness,2006,06,Ledger: recording date 2006,DVD,DVD01,true,,,,https://veritaspub.com/product/2006-06-spiritual-truth-vs-spiritual-fantasy-june-2006/,,,,,,,,122,
110,w-spiritual-truth-vs-spiritual-fantasy,LECTURE-2006-008,LS200603_2,Spiritual Truth vs. Spiritual Fantasy,2006-06 - Spiritual Truth vs. Spiritual Fantasy [2-3].mp4,Spiritual Truth vs. Spiritual Fantasy (Jun 2006) DVD02,Spiritual Truth vs. Spiritual Fantasy (Jun 2006) DVD02,lecture,Transcending Levels of Consciousness,2006,06,Ledger: recording date 2006,DVD,DVD02,true,,,,https://veritaspub.com/product/2006-06-spiritual-truth-vs-spiritual-fantasy-june-2006/,,,,,,,,123,
111,w-spiritual-truth-vs-spiritual-fantasy,LECTURE-2006-009,LS200603_3,Spiritual Truth vs. Spiritual Fantasy,2006-06 - Spiritual Truth vs. Spiritual Fantasy [3-3].mp4,Spiritual Truth vs. Spiritual Fantasy (Jun 2006) DVD03,Spiritual Truth vs. Spiritual Fantasy (Jun 2006) DVD03,lecture,Transcending Levels of Consciousness,2006,06,Ledger: recording date 2006,DVD,DVD03,true,,,,https://veritaspub.com/product/2006-06-spiritual-truth-vs-spiritual-fantasy-june-2006/,,,,,,,,124,
112,w-reason-vs-truth,LECTURE-2006-010,LS200604_1,Reason vs Truth,2006-08 - Reason vs Truth [1-3].mp4,Reason vs Truth (Aug 2006) DVD01,Reason vs Truth (Aug 2006) DVD01,lecture,Transcending Levels of Consciousness,2006,08,Ledger: recording date 2006,DVD,DVD01,true,,,,https://veritaspub.com/product/2006-08-reason-vs-truth-aug-2006/,,,,,,,,125,
113,w-reason-vs-truth,LECTURE-2006-011,LS200604_2,Reason vs Truth,2006-08 - Reason vs Truth [2-3].mp4,Reason vs Truth (Aug 2006) DVD02,Reason vs Truth (Aug 2006) DVD02,lecture,Transcending Levels of Consciousness,2006,08,Ledger: recording date 2006,DVD,DVD02,true,,,,https://veritaspub.com/product/2006-08-reason-vs-truth-aug-2006/,,,,,,,,126,
114,w-reason-vs-truth,LECTURE-2006-012,LS200604_3,Reason vs Truth,2006-08 - Reason vs Truth [3-3].mp4,Reason vs Truth (Aug 2006) DVD03,Reason vs Truth (Aug 2006) DVD03,lecture,Transcending Levels of Consciousness,2006,08,Ledger: recording date 2006,DVD,DVD03,true,,,,https://veritaspub.com/product/2006-08-reason-vs-truth-aug-2006/,,,,,,,,127,
115,w-a-review-of-the-work-2006,LECTURE-2006-013,LS200605_1,A Review of the Work,2006-09 - A Review of the Work [1-3].mp4,A Review of the Work (Sep 2006) DVD01,A Review of the Work (Sep 2006) DVD01,lecture,Transcending Levels of Consciousness,2006,09,Ledger: recording date 2006,DVD,DVD01,true,,,,https://veritaspub.com/product/2006-09-a-review-of-the-work-sept-2006/,,,,,,,,128,
116,w-a-review-of-the-work-2006,LECTURE-2006-014,LS200605_2,A Review of the Work,2006-09 - A Review of the Work [2-3].mp4,A Review of the Work (Sep 2006) DVD02,A Review of the Work (Sep 2006) DVD02,lecture,Transcending Levels of Consciousness,2006,09,Ledger: recording date 2006,DVD,DVD02,true,,,,https://veritaspub.com/product/2006-09-a-review-of-the-work-sept-2006/,,,,,,,,129,
117,w-a-review-of-the-work-2006,LECTURE-2006-015,LS200605_3,A Review of the Work,2006-09 - A Review of the Work [3-3].mp4,A Review of the Work (Sep 2006) DVD03,A Review of the Work (Sep 2006) DVD03,lecture,Transcending Levels of Consciousness,2006,09,Ledger: recording date 2006,DVD,DVD03,true,,,,https://veritaspub.com/product/2006-09-a-review-of-the-work-sept-2006/,,,,,,,,130,
118,w-spiritual-practice-and-daily-life,LECTURE-2006-016,LS200606_1,Spiritual Practice and Daily Life,2006-10 - Spiritual Practice and Daily Life [1-3].mp4,Spiritual Practice and Daily Life (Oct 2006) DVD01,Spiritual Practice and Daily Life (Oct 2006) DVD01,lecture,Transcending Levels of Consciousness,2006,10,Ledger: recording date 2006,DVD,DVD01,true,,,,https://veritaspub.com/product/2006-10-spiritual-practice-and-daily-life-oct-2006/,,,,,,,,131,
119,w-spiritual-practice-and-daily-life,LECTURE-2006-017,LS200606_2,Spiritual Practice and Daily Life,2006-10 - Spiritual Practice and Daily Life [2-3].mp4,Spiritual Practice and Daily Life (Oct 2006) DVD02,Spiritual Practice and Daily Life (Oct 2006) DVD02,lecture,Transcending Levels of Consciousness,2006,10,Ledger: recording date 2006,DVD,DVD02,true,,,,https://veritaspub.com/product/2006-10-spiritual-practice-and-daily-life-oct-2006/,,,,,,,,132,
120,w-spiritual-practice-and-daily-life,LECTURE-2006-018,LS200606_3,Spiritual Practice and Daily Life,2006-10 - Spiritual Practice and Daily Life [3-3].mp4,Spiritual Practice and Daily Life (Oct 2006) DVD03,Spiritual Practice and Daily Life (Oct 2006) DVD03,lecture,Transcending Levels of Consciousness,2006,10,Ledger: recording date 2006,DVD,DVD03,true,,,,https://veritaspub.com/product/2006-10-spiritual-practice-and-daily-life-oct-2006/,,,,,,,,133,
121,w-live-prayer,LECTURE-2006-019,LS200607_1,Live Your Life Like a Prayer,2006-11 - Live Your Life Like a Prayer [1-3].mp4,Live Your Life Like a Prayer (Nov 2006) DVD01,Live Your Life Like a Prayer (Nov 2006) DVD01,lecture,Transcending Levels of Consciousness,2006,11,Ledger: recording date 2006,DVD,DVD01,true,,,,https://veritaspub.com/product/2006-11-live-your-life-like-a-prayer-nov-2006/,,,,,,,,134,
122,w-live-prayer,LECTURE-2006-020,LS200607_2,Live Your Life Like a Prayer,2006-11 - Live Your Life Like a Prayer [2-3].mp4,Live Your Life Like a Prayer (Nov 2006) DVD02,Live Your Life Like a Prayer (Nov 2006) DVD02,lecture,Transcending Levels of Consciousness,2006,11,Ledger: recording date 2006,DVD,DVD02,true,,,,https://veritaspub.com/product/2006-11-live-your-life-like-a-prayer-nov-2006/,,,,,,,,135,
123,w-live-prayer,LECTURE-2006-021,LS200607_3,Live Your Life Like a Prayer,2006-11 - Live Your Life Like a Prayer [3-3].mp4,Live Your Life Like a Prayer (Nov 2006) DVD03,Live Your Life Like a Prayer (Nov 2006) DVD03,lecture,Transcending Levels of Consciousness,2006,11,Ledger: recording date 2006,DVD,DVD03,true,,,,https://veritaspub.com/product/2006-11-live-your-life-like-a-prayer-nov-2006/,,,,,,,,136,
124,w-is-the-miraculous-real,LECTURE-2006-022,LS200608_1,Is the Miraculous Real?,2006-12 - Is the Miraculous Real [1-3].mp4,Is the Miraculous Real? (Dec 2006) DVD01,Is the Miraculous Real? (Dec 2006) DVD01,lecture,Transcending Levels of Consciousness,2006,12,Ledger: recording date 2006,DVD,DVD01,true,,,,https://veritaspub.com/product/2006-12-is-the-miraculous-real-dec-2006/,,,,,,,,137,
125,w-is-the-miraculous-real,LECTURE-2006-023,LS200608_2,Is the Miraculous Real?,2006-12 - Is the Miraculous Real [2-3].mp4,Is the Miraculous Real? (Dec 2006) DVD02,Is the Miraculous Real? (Dec 2006) DVD02,lecture,Transcending Levels of Consciousness,2006,12,Ledger: recording date 2006,DVD,DVD02,true,,,,https://veritaspub.com/product/2006-12-is-the-miraculous-real-dec-2006/,,,,,,,,138,
126,w-is-the-miraculous-real,LECTURE-2006-024,LS200608_3,Is the Miraculous Real?,2006-12 - Is the Miraculous Real [3-3].mp4,Is the Miraculous Real? (Dec 2006) DVD03,Is the Miraculous Real? (Dec 2006) DVD03,lecture,Transcending Levels of Consciousness,2006,12,Ledger: recording date 2006,DVD,DVD03,true,,,,https://veritaspub.com/product/2006-12-is-the-miraculous-real-dec-2006/,,,,,,,,139,
127,w-god-vs-science,LECTURE-2007-001,LS200701_1,God vs Science: Limits of the Mind,2007-02 - God vs Science Limits of the Mind [1-3].mp4,God vs Science: Limits of the Mind (Feb 2007) DVD01,God vs Science: Limits of the Mind (Feb 2007) DVD01,lecture,Spiritual Reality & Modern Man,2007,02,Ledger: recording date 2007,DVD,DVD01,true,,,,https://veritaspub.com/product/2007-02-god-vs-science-limits-of-the-mind-feb-2007/,,,,,,,,141,
128,w-god-vs-science,LECTURE-2007-002,LS200701_2,God vs Science: Limits of the Mind,2007-02 - God vs Science Limits of the Mind [2-3].mp4,God vs Science: Limits of the Mind (Feb 2007) DVD02,God vs Science: Limits of the Mind (Feb 2007) DVD02,lecture,Spiritual Reality & Modern Man,2007,02,Ledger: recording date 2007,DVD,DVD02,true,,,,https://veritaspub.com/product/2007-02-god-vs-science-limits-of-the-mind-feb-2007/,,,,,,,,142,
129,w-god-vs-science,LECTURE-2007-003,LS200701_3,God vs Science: Limits of the Mind,2007-02 - God vs Science Limits of the Mind [3-3].mp4,God vs Science: Limits of the Mind (Feb 2007) DVD03,God vs Science: Limits of the Mind (Feb 2007) DVD03,lecture,Spiritual Reality & Modern Man,2007,02,Ledger: recording date 2007,DVD,DVD03,true,,,,https://veritaspub.com/product/2007-02-god-vs-science-limits-of-the-mind-feb-2007/,,,,,,,,143,
130,w-relativism-vs-reality,LECTURE-2007-004,LS200702_1,Relativism vs Reality,2007-04 - Relativism vs Reality [1-3].mp4,Relativism vs Reality (Apr 2007) DVD01,Relativism vs Reality (Apr 2007) DVD01,lecture,Spiritual Reality & Modern Man,2007,04,Ledger: recording date 2007,DVD,DVD01,true,,,,https://veritaspub.com/product/2007-04-relativism-vs-reality-april-2007/,,,,,,,,144,
131,w-relativism-vs-reality,LECTURE-2007-005,LS200702_2,Relativism vs Reality,2007-04 - Relativism vs Reality [2-3].mp4,Relativism vs Reality (Apr 2007) DVD02,Relativism vs Reality (Apr 2007) DVD02,lecture,Spiritual Reality & Modern Man,2007,04,Ledger: recording date 2007,DVD,DVD02,true,,,,https://veritaspub.com/product/2007-04-relativism-vs-reality-april-2007/,,,,,,,,145,
132,w-relativism-vs-reality,LECTURE-2007-006,LS200702_3,Relativism vs Reality,2007-04 - Relativism vs Reality [3-3].mp4,Relativism vs Reality (Apr 2007) DVD03,Relativism vs Reality (Apr 2007) DVD03,lecture,Spiritual Reality & Modern Man,2007,04,Ledger: recording date 2007,DVD,DVD03,true,,,,https://veritaspub.com/product/2007-04-relativism-vs-reality-april-2007/,,,,,,,,146,
133,w-what-is-real,LECTURE-2007-007,LS200703_1,What is 'Real'?,2007-06 - What is 'Real' [1-3].mp4,What is 'Real'? (Jun 2007) DVD01,What is 'Real'? (Jun 2007) DVD01,lecture,Spiritual Reality & Modern Man,2007,06,Ledger: recording date 2007,DVD,DVD01,true,,,,https://veritaspub.com/product/2007-06-what-is-real-june-2007/,,,,,,,,147,
134,w-what-is-real,LECTURE-2007-008,LS200703_2,What is 'Real'?,2007-06 - What is 'Real' [2-3].mp4,What is 'Real'? (Jun 2007) DVD02,What is 'Real'? (Jun 2007) DVD02,lecture,Spiritual Reality & Modern Man,2007,06,Ledger: recording date 2007,DVD,DVD02,true,,,,https://veritaspub.com/product/2007-06-what-is-real-june-2007/,,,,,,,,148,
135,w-what-is-real,LECTURE-2007-009,LS200703_3,What is 'Real'?,2007-06 - What is 'Real' [3-3].mp4,What is 'Real'? (Jun 2007) DVD03,What is 'Real'? (Jun 2007) DVD03,lecture,Spiritual Reality & Modern Man,2007,06,Ledger: recording date 2007,DVD,DVD03,true,,,,https://veritaspub.com/product/2007-06-what-is-real-june-2007/,,,,,,,,149,
136,w-what-is-truth-the-absolute,LECTURE-2007-010,LS200704_1,What is Truth? The Absolute,2007-07 - What is Truth The Absolute [1-3].mp4,What is Truth? The Absolute (Jul 2007) DVD01,What is Truth? The Absolute (Jul 2007) DVD01,lecture,Spiritual Reality & Modern Man,2007,07,Ledger: recording date 2007,DVD,DVD01,true,,,,https://veritaspub.com/product/2007-07-what-is-truth-the-absolute-july-2007/,,,,,,,,150,
137,w-what-is-truth-the-absolute,LECTURE-2007-011,LS200704_2,What is Truth? The Absolute,2007-07 - What is Truth The Absolute [2-3].mp4,What is Truth? The Absolute (Jul 2007) DVD02,What is Truth? The Absolute (Jul 2007) DVD02,lecture,Spiritual Reality & Modern Man,2007,07,Ledger: recording date 2007,DVD,DVD02,true,,,,https://veritaspub.com/product/2007-07-what-is-truth-the-absolute-july-2007/,,,,,,,,151,
138,w-what-is-truth-the-absolute,LECTURE-2007-012,LS200704_3,What is Truth? The Absolute,2007-07 - What is Truth The Absolute [3-3].mp4,What is Truth? The Absolute (Jul 2007) DVD03,What is Truth? The Absolute (Jul 2007) DVD03,lecture,Spiritual Reality & Modern Man,2007,07,Ledger: recording date 2007,DVD,DVD03,true,,,,https://veritaspub.com/product/2007-07-what-is-truth-the-absolute-july-2007/,,,,,,,,152,
139,w-the-human-dilemma,LECTURE-2007-013,LS200705_1,The Human Dilemma,2007-08 - The Human Dilemma [1-3].mp4,The Human Dilemma (Aug 2007) DVD01,The Human Dilemma (Aug 2007) DVD01,lecture,Spiritual Reality & Modern Man,2007,08,Ledger: recording date 2007,DVD,DVD01,true,,,,https://veritaspub.com/product/2007-08-the-human-dilemma-aug-2007/,,,,,,,,153,
140,w-the-human-dilemma,LECTURE-2007-014,LS200705_2,The Human Dilemma,2007-08 - The Human Dilemma [2-3].mp4,The Human Dilemma (Aug 2007) DVD02,The Human Dilemma (Aug 2007) DVD02,lecture,Spiritual Reality & Modern Man,2007,08,Ledger: recording date 2007,DVD,DVD02,true,,,,https://veritaspub.com/product/2007-08-the-human-dilemma-aug-2007/,,,,,,,,154,
141,w-the-human-dilemma,LECTURE-2007-015,LS200705_3,The Human Dilemma,2007-08 - The Human Dilemma [3-3].mp4,The Human Dilemma (Aug 2007) DVD03,The Human Dilemma (Aug 2007) DVD03,lecture,Spiritual Reality & Modern Man,2007,08,Ledger: recording date 2007,DVD,DVD03,true,,,,https://veritaspub.com/product/2007-08-the-human-dilemma-aug-2007/,,,,,,,,155,
142,w-a-review-of-the-work-2007,LECTURE-2007-016,LS200706_1,A Review of the Work,2007-09 - A Review of the Work [1-3].mp4,A Review of the Work (Sep 2007) DVD01,A Review of the Work (Sep 2007) DVD01,lecture,Spiritual Reality & Modern Man,2007,09,Ledger: recording date 2007,DVD,DVD01,true,,,,https://veritaspub.com/product/2007-09-a-review-of-the-work/,,,,,,,,156,
143,w-a-review-of-the-work-2007,LECTURE-2007-017,LS200706_2,A Review of the Work,2007-09 - A Review of the Work [2-3].mp4,A Review of the Work (Sep 2007) DVD02,A Review of the Work (Sep 2007) DVD02,lecture,Spiritual Reality & Modern Man,2007,09,Ledger: recording date 2007,DVD,DVD02,true,,,,https://veritaspub.com/product/2007-09-a-review-of-the-work/,,,,,,,,157,
144,w-a-review-of-the-work-2007,LECTURE-2007-018,LS200706_3,A Review of the Work,2007-09 - A Review of the Work [3-3].mp4,A Review of the Work (Sep 2007) DVD03,A Review of the Work (Sep 2007) DVD03,lecture,Spiritual Reality & Modern Man,2007,09,Ledger: recording date 2007,DVD,DVD03,true,,,,https://veritaspub.com/product/2007-09-a-review-of-the-work/,,,,,,,,158,
145,w-creation-vs-evolution,LECTURE-2007-019,LS200707_1,Creation vs Evolution,2007-10 - Creation vs Evolution [1-3].mp4,Creation vs Evolution (Oct 2007) DVD01,Creation vs Evolution (Oct 2007) DVD01,lecture,Spiritual Reality & Modern Man,2007,10,Ledger: recording date 2007,DVD,DVD01,true,,,,https://veritaspub.com/product/2007-10-creation-vs-evolution-2007-oct/,,,,,,,,159,
146,w-creation-vs-evolution,LECTURE-2007-020,LS200707_2,Creation vs Evolution,2007-10 - Creation vs Evolution [2-3].mp4,Creation vs Evolution (Oct 2007) DVD02,Creation vs Evolution (Oct 2007) DVD02,lecture,Spiritual Reality & Modern Man,2007,10,Ledger: recording date 2007,DVD,DVD02,true,,,,https://veritaspub.com/product/2007-10-creation-vs-evolution-2007-oct/,,,,,,,,160,
147,w-creation-vs-evolution,LECTURE-2007-021,LS200707_3,Creation vs Evolution,2007-10 - Creation vs Evolution [3-3].mp4,Creation vs Evolution (Oct 2007) DVD03,Creation vs Evolution (Oct 2007) DVD03,lecture,Spiritual Reality & Modern Man,2007,10,Ledger: recording date 2007,DVD,DVD03,true,,,,https://veritaspub.com/product/2007-10-creation-vs-evolution-2007-oct/,,,,,,,,161,
148,w-spiritual-survival-realization-of-realit,LECTURE-2007-022,LS200708_1,Spiritual Survival: Realization of Reality,2007-11 - Spiritual Survival Realization of Reality [1-3].mp4,Spiritual Survival: Realization of Reality (Nov 2007) DVD01,Spiritual Survival: Realization of Reality (Nov 2007) DVD01,lecture,Spiritual Reality & Modern Man,2007,11,Ledger: recording date 2007,DVD,DVD01,true,,,,https://veritaspub.com/product/2007-11-spiritual-survival-realization-of-reality-nov-2007/,,,,,,,,162,
149,w-spiritual-survival-realization-of-realit,LECTURE-2007-023,LS200708_2,Spiritual Survival: Realization of Reality,2007-11 - Spiritual Survival Realization of Reality [2-3].mp4,Spiritual Survival: Realization of Reality (Nov 2007) DVD02,Spiritual Survival: Realization of Reality (Nov 2007) DVD02,lecture,Spiritual Reality & Modern Man,2007,11,Ledger: recording date 2007,DVD,DVD02,true,,,,https://veritaspub.com/product/2007-11-spiritual-survival-realization-of-reality-nov-2007/,,,,,,,,163,
150,w-spiritual-survival-realization-of-realit,LECTURE-2007-024,LS200708_3,Spiritual Survival: Realization of Reality,2007-11 - Spiritual Survival Realization of Reality [3-3].mp4,Spiritual Survival: Realization of Reality (Nov 2007) DVD03,Spiritual Survival: Realization of Reality (Nov 2007) DVD03,lecture,Spiritual Reality & Modern Man,2007,11,Ledger: recording date 2007,DVD,DVD03,true,,,,https://veritaspub.com/product/2007-11-spiritual-survival-realization-of-reality-nov-2007/,,,,,,,,164,
151,w-experiential-reality-the-mystic,LECTURE-2007-025,LS200709_1,Experiential Reality: The Mystic,2007-12 - Experiential Reality The Mystic [1-3].mp4,Experiential Reality: The Mystic (Dec 2007) DVD01,Experiential Reality: The Mystic (Dec 2007) DVD01,lecture,Spiritual Reality & Modern Man,2007,12,Ledger: recording date 2007,DVD,DVD01,true,,,,https://veritaspub.com/product/2007-12-experiential-reality-the-mystic-dec-2007/,,,,,,,,165,
152,w-experiential-reality-the-mystic,LECTURE-2007-026,LS200709_2,Experiential Reality: The Mystic,2007-12 - Experiential Reality The Mystic [2-3].mp4,Experiential Reality: The Mystic (Dec 2007) DVD02,Experiential Reality: The Mystic (Dec 2007) DVD02,lecture,Spiritual Reality & Modern Man,2007,12,Ledger: recording date 2007,DVD,DVD02,true,,,,https://veritaspub.com/product/2007-12-experiential-reality-the-mystic-dec-2007/,,,,,,,,166,
153,w-experiential-reality-the-mystic,LECTURE-2007-027,LS200709_3,Experiential Reality: The Mystic,2007-12 - Experiential Reality The Mystic [3-3].mp4,Experiential Reality: The Mystic (Dec 2007) DVD03,Experiential Reality: The Mystic (Dec 2007) DVD03,lecture,Spiritual Reality & Modern Man,2007,12,Ledger: recording date 2007,DVD,DVD03,true,,,,https://veritaspub.com/product/2007-12-experiential-reality-the-mystic-dec-2007/,,,,,,,,167,
154,w-spirituality-reason-and-faith,LECTURE-2008-001,LS200801_1,Spirituality: Reason and Faith,2008-01 - Spirituality Reason and Faith [1-3].mp4,Spirituality: Reason and Faith (Jan 2008) DVD01,Spirituality: Reason and Faith (Jan 2008) DVD01,lecture,Advanced Spiritual Awareness,2008,01,Ledger: recording date 2008,DVD,DVD01,true,,,,https://veritaspub.com/product/2008-01-spirituality-reason-and-faith-jan-2008/,,,,,,,,169,
155,w-spirituality-reason-and-faith,LECTURE-2008-002,LS200801_2,Spirituality: Reason and Faith,2008-01 - Spirituality Reason and Faith [2-3].mp4,Spirituality: Reason and Faith (Jan 2008) DVD02,Spirituality: Reason and Faith (Jan 2008) DVD02,lecture,Advanced Spiritual Awareness,2008,01,Ledger: recording date 2008,DVD,DVD02,true,,,,https://veritaspub.com/product/2008-01-spirituality-reason-and-faith-jan-2008/,,,,,,,,170,
156,w-spirituality-reason-and-faith,LECTURE-2008-003,LS200801_3,Spirituality: Reason and Faith,2008-01 - Spirituality Reason and Faith [3-3].mp4,Spirituality: Reason and Faith (Jan 2008) DVD03,Spirituality: Reason and Faith (Jan 2008) DVD03,lecture,Advanced Spiritual Awareness,2008,01,Ledger: recording date 2008,DVD,DVD03,true,,,,https://veritaspub.com/product/2008-01-spirituality-reason-and-faith-jan-2008/,,,,,,,,171,
157,w-the-clear-pathway-to-enlightenment,LECTURE-2008-004,LS200802_1,The Clear Pathway to Enlightenment,2008-03 - The Clear Pathway to Enlightenment [1-3].mp4,The Clear Pathway to Enlightenment (Mar 2008) DVD01,The Clear Pathway to Enlightenment (Mar 2008) DVD01,lecture,Advanced Spiritual Awareness,2008,03,Ledger: recording date 2008,DVD,DVD01,true,,,,https://veritaspub.com/product/2008-03-the-clear-pathway-to-enlightenment-march-2008/,,,,,,,,172,
158,w-the-clear-pathway-to-enlightenment,LECTURE-2008-005,LS200802_2,The Clear Pathway to Enlightenment,2008-03 - The Clear Pathway to Enlightenment [2-3].mp4,The Clear Pathway to Enlightenment (Mar 2008) DVD02,The Clear Pathway to Enlightenment (Mar 2008) DVD02,lecture,Advanced Spiritual Awareness,2008,03,Ledger: recording date 2008,DVD,DVD02,true,,,,https://veritaspub.com/product/2008-03-the-clear-pathway-to-enlightenment-march-2008/,,,,,,,,173,
159,w-the-clear-pathway-to-enlightenment,LECTURE-2008-006,LS200802_3,The Clear Pathway to Enlightenment,2008-03 - The Clear Pathway to Enlightenment [3-3].mp4,The Clear Pathway to Enlightenment (Mar 2008) DVD03,The Clear Pathway to Enlightenment (Mar 2008) DVD03,lecture,Advanced Spiritual Awareness,2008,03,Ledger: recording date 2008,DVD,DVD03,true,,,,https://veritaspub.com/product/2008-03-the-clear-pathway-to-enlightenment-march-2008/,,,,,,,,174,
160,w-belief-trust-and-credibility,LECTURE-2008-007,LS200803_1,"Belief, Trust and Credibility","2008-06 - Belief, Trust and Credibility [1-3].mp4","Belief, Trust and Credibility (Jun 2008) DVD01","Belief, Trust and Credibility (Jun 2008) DVD01",lecture,Advanced Spiritual Awareness,2008,06,Ledger: recording date 2008,DVD,DVD01,true,,,,https://veritaspub.com/product/2008-06-belief-trust-and-credibility-june-2008/,,,,,,,,175,
161,w-belief-trust-and-credibility,LECTURE-2008-008,LS200803_2,"Belief, Trust and Credibility","2008-06 - Belief, Trust and Credibility [2-3].mp4","Belief, Trust and Credibility (Jun 2008) DVD02","Belief, Trust and Credibility (Jun 2008) DVD02",lecture,Advanced Spiritual Awareness,2008,06,Ledger: recording date 2008,DVD,DVD02,true,,,,https://veritaspub.com/product/2008-06-belief-trust-and-credibility-june-2008/,,,,,,,,176,
162,w-belief-trust-and-credibility,LECTURE-2008-009,LS200803_3,"Belief, Trust and Credibility","2008-06 - Belief, Trust and Credibility [3-3].mp4","Belief, Trust and Credibility (Jun 2008) DVD03","Belief, Trust and Credibility (Jun 2008) DVD03",lecture,Advanced Spiritual Awareness,2008,06,Ledger: recording date 2008,DVD,DVD03,true,,,,https://veritaspub.com/product/2008-06-belief-trust-and-credibility-june-2008/,,,,,,,,177,
163,w-overcoming-doubt-skepticism-disbelief,LECTURE-2008-010,LS200804_1,"Overcoming Doubt, Skepticism & Disbelief","2008-08 - Overcoming Doubt, Skepticism & Disbelief [1-3].mp4","Overcoming Doubt, Skepticism & Disbelief (Aug 2008) DVD01","Overcoming Doubt, Skepticism & Disbelief (Aug 2008) DVD01",lecture,Advanced Spiritual Awareness,2008,08,Ledger: recording date 2008,DVD,DVD01,true,,,,https://veritaspub.com/product/2008-08-overcoming-doubt-skepticism-disbelief-aug-2008/,,,,,,,,178,
164,w-overcoming-doubt-skepticism-disbelief,LECTURE-2008-011,LS200804_2,"Overcoming Doubt, Skepticism & Disbelief","2008-08 - Overcoming Doubt, Skepticism & Disbelief [2-3].mp4","Overcoming Doubt, Skepticism & Disbelief (Aug 2008) DVD02","Overcoming Doubt, Skepticism & Disbelief (Aug 2008) DVD02",lecture,Advanced Spiritual Awareness,2008,08,Ledger: recording date 2008,DVD,DVD02,true,,,,https://veritaspub.com/product/2008-08-overcoming-doubt-skepticism-disbelief-aug-2008/,,,,,,,,179,
165,w-overcoming-doubt-skepticism-disbelief,LECTURE-2008-012,LS200804_3,"Overcoming Doubt, Skepticism & Disbelief","2008-08 - Overcoming Doubt, Skepticism & Disbelief [3-3].mp4","Overcoming Doubt, Skepticism & Disbelief (Aug 2008) DVD03","Overcoming Doubt, Skepticism & Disbelief (Aug 2008) DVD03",lecture,Advanced Spiritual Awareness,2008,08,Ledger: recording date 2008,DVD,DVD03,true,,,,https://veritaspub.com/product/2008-08-overcoming-doubt-skepticism-disbelief-aug-2008/,,,,,,,,180,
166,w-practical-spirituality,LECTURE-2008-013,LS200805_1,Practical Spirituality,2008-10 - Practical Spirituality [1-3].mp4,Practical Spirituality (Oct 2008) DVD01,Practical Spirituality (Oct 2008) DVD01,lecture,Advanced Spiritual Awareness,2008,10,Ledger: recording date 2008,DVD,DVD01,true,,,,https://veritaspub.com/product/2008-10-practical-spirituality-oct-2008/,,,,,,,,181,
167,w-practical-spirituality,LECTURE-2008-014,LS200805_2,Practical Spirituality,2008-10 - Practical Spirituality [2-3].mp4,Practical Spirituality (Oct 2008) DVD02,Practical Spirituality (Oct 2008) DVD02,lecture,Advanced Spiritual Awareness,2008,10,Ledger: recording date 2008,DVD,DVD02,true,,,,https://veritaspub.com/product/2008-10-practical-spirituality-oct-2008/,,,,,,,,182,
168,w-practical-spirituality,LECTURE-2008-015,LS200805_3,Practical Spirituality,2008-10 - Practical Spirituality [3-3].mp4,Practical Spirituality (Oct 2008) DVD03,Practical Spirituality (Oct 2008) DVD03,lecture,Advanced Spiritual Awareness,2008,10,Ledger: recording date 2008,DVD,DVD03,true,,,,https://veritaspub.com/product/2008-10-practical-spirituality-oct-2008/,,,,,,,,183,
169,w-freedom-morality-and-ethics,LECTURE-2008-016,LS200806_1,Freedom: Morality and Ethics,2008-11 - Freedom Morality and Ethics [1-3].mp4,Freedom: Morality and Ethics (Nov 2008) DVD01,Freedom: Morality and Ethics (Nov 2008) DVD01,lecture,Advanced Spiritual Awareness,2008,11,Ledger: recording date 2008,DVD,DVD01,true,,,,https://veritaspub.com/product/2008-11-freedom-morality-and-ethics-nov-2008/,,,,,,,,184,
170,w-freedom-morality-and-ethics,LECTURE-2008-017,LS200806_2,Freedom: Morality and Ethics,2008-11 - Freedom Morality and Ethics [2-3].mp4,Freedom: Morality and Ethics (Nov 2008) DVD02,Freedom: Morality and Ethics (Nov 2008) DVD02,lecture,Advanced Spiritual Awareness,2008,11,Ledger: recording date 2008,DVD,DVD02,true,,,,https://veritaspub.com/product/2008-11-freedom-morality-and-ethics-nov-2008/,,,,,,,,185,
171,w-freedom-morality-and-ethics,LECTURE-2008-018,LS200806_3,Freedom: Morality and Ethics,2008-11 - Freedom Morality and Ethics [3-3].mp4,Freedom: Morality and Ethics (Nov 2008) DVD03,Freedom: Morality and Ethics (Nov 2008) DVD03,lecture,Advanced Spiritual Awareness,2008,11,Ledger: recording date 2008,DVD,DVD03,true,,,,https://veritaspub.com/product/2008-11-freedom-morality-and-ethics-nov-2008/,,,,,,,,186,
172,w-a-unique-sedona-seminar,LECTURE-2008-019,LS200807_1,A Unique Sedona Seminar,2008-12 - A Unique Sedona Seminar [1-3].mp4,A Unique Sedona Seminar (Dec 2008) DVD01,A Unique Sedona Seminar (Dec 2008) DVD01,lecture,Advanced Spiritual Awareness,2008,12,Ledger: recording date 2008,DVD,DVD01,true,,,,https://veritaspub.com/product/2008-12-a-unique-sedona-seminar-dec-2008/,,,,,,,,187,
173,w-a-unique-sedona-seminar,LECTURE-2008-020,LS200807_2,A Unique Sedona Seminar,2008-12 - A Unique Sedona Seminar [2-3].mp4,A Unique Sedona Seminar (Dec 2008) DVD02,A Unique Sedona Seminar (Dec 2008) DVD02,lecture,Advanced Spiritual Awareness,2008,12,Ledger: recording date 2008,DVD,DVD02,true,,,,https://veritaspub.com/product/2008-12-a-unique-sedona-seminar-dec-2008/,,,,,,,,188,
174,w-a-unique-sedona-seminar,LECTURE-2008-021,LS200807_3,A Unique Sedona Seminar,2008-12 - A Unique Sedona Seminar [3-3].mp4,A Unique Sedona Seminar (Dec 2008) DVD03,A Unique Sedona Seminar (Dec 2008) DVD03,lecture,Advanced Spiritual Awareness,2008,12,Ledger: recording date 2008,DVD,DVD03,true,,,,https://veritaspub.com/product/2008-12-a-unique-sedona-seminar-dec-2008/,,,,,,,,189,
175,w-what-is-the-world,LECTURE-2009-001,LS200901_1,What is the World?,2009-02 - What is the World [1-3].mp4,What is the World? (Feb 2009) DVD01,What is the World? (Feb 2009) DVD01,lecture,In the World but Not of It,2009,02,Ledger: recording date 2009,DVD,DVD01,true,,,,https://veritaspub.com/product/2009-02-what-is-the-world-february-2009/,,,,,,,,191,
176,w-what-is-the-world,LECTURE-2009-002,LS200901_2,What is the World?,2009-02 - What is the World [2-3].mp4,What is the World? (Feb 2009) DVD02,What is the World? (Feb 2009) DVD02,lecture,In the World but Not of It,2009,02,Ledger: recording date 2009,DVD,DVD02,true,,,,https://veritaspub.com/product/2009-02-what-is-the-world-february-2009/,,,,,,,,192,
177,w-what-is-the-world,LECTURE-2009-003,LS200901_3,What is the World?,2009-02 - What is the World [3-3].mp4,What is the World? (Feb 2009) DVD03,What is the World? (Feb 2009) DVD03,lecture,In the World but Not of It,2009,02,Ledger: recording date 2009,DVD,DVD03,true,,,,https://veritaspub.com/product/2009-02-what-is-the-world-february-2009/,,,,,,,,193,
178,w-happiness,LECTURE-2009-004,LS200902_1,Happiness,2009-04 - Happiness [1-3].mp4,Happiness (Apr 2009) DVD01,Happiness (Apr 2009) DVD01,lecture,In the World but Not of It,2009,04,Ledger: recording date 2009,DVD,DVD01,true,,,,https://veritaspub.com/product/2009-04-happiness-april-2009/,,,,,,,,194,
179,w-happiness,LECTURE-2009-005,LS200902_2,Happiness,2009-04 - Happiness [2-3].mp4,Happiness (Apr 2009) DVD02,Happiness (Apr 2009) DVD02,lecture,In the World but Not of It,2009,04,Ledger: recording date 2009,DVD,DVD02,true,,,,https://veritaspub.com/product/2009-04-happiness-april-2009/,,,,,,,,195,
180,w-happiness,LECTURE-2009-006,LS200902_3,Happiness,2009-04 - Happiness [3-3].mp4,Happiness (Apr 2009) DVD03,Happiness (Apr 2009) DVD03,lecture,In the World but Not of It,2009,04,Ledger: recording date 2009,DVD,DVD03,true,,,,https://veritaspub.com/product/2009-04-happiness-april-2009/,,,,,,,,196,
181,w-peace,LECTURE-2009-007,LS200903_1,Peace,2009-08 - Peace [1-3].mp4,Peace (Aug 2009) DVD01,Peace (Aug 2009) DVD01,lecture,In the World but Not of It,2009,08,Ledger: recording date 2009,DVD,DVD01,true,,,,https://veritaspub.com/product/2009-08-peace-august-2009/,,,,,https://veritaspub.com/peace-august-2009/,,,197,
182,w-peace,LECTURE-2009-008,LS200903_2,Peace,2009-08 - Peace [2-3].mp4,Peace (Aug 2009) DVD02,Peace (Aug 2009) DVD02,lecture,In the World but Not of It,2009,08,Ledger: recording date 2009,DVD,DVD02,true,,,,https://veritaspub.com/product/2009-08-peace-august-2009/,,,,,https://veritaspub.com/peace-august-2009/,,,198,
183,w-peace,LECTURE-2009-009,LS200903_3,Peace,2009-08 - Peace [3-3].mp4,Peace (Aug 2009) DVD03,Peace (Aug 2009) DVD03,lecture,In the World but Not of It,2009,08,Ledger: recording date 2009,DVD,DVD03,true,,,,https://veritaspub.com/product/2009-08-peace-august-2009/,,,,,https://veritaspub.com/peace-august-2009/,,,199,
184,w-success,LECTURE-2009-010,LS200904_1,Success,2009-10 - Success [1-3].mp4,Success (Oct 2009) DVD01,Success (Oct 2009) DVD01,lecture,In the World but Not of It,2009,10,Ledger: recording date 2009,DVD,DVD01,true,,,,https://veritaspub.com/product/2009-10-success-october-2009/,,,,,https://veritaspub.com/success-october-2009/,,,200,
185,w-success,LECTURE-2009-011,LS200904_2,Success,2009-10 - Success [2-3].mp4,Success (Oct 2009) DVD02,Success (Oct 2009) DVD02,lecture,In the World but Not of It,2009,10,Ledger: recording date 2009,DVD,DVD02,true,,,,https://veritaspub.com/product/2009-10-success-october-2009/,,,,,https://veritaspub.com/success-october-2009/,,,201,
186,w-success,LECTURE-2009-012,LS200904_3,Success,2009-10 - Success [3-3].mp4,Success (Oct 2009) DVD03,Success (Oct 2009) DVD03,lecture,In the World but Not of It,2009,10,Ledger: recording date 2009,DVD,DVD03,true,,,,https://veritaspub.com/product/2009-10-success-october-2009/,,,,,https://veritaspub.com/success-october-2009/,,,202,
187,w-handling-spiritual-challenges,LECTURE-2010-001,LS201001_1,Handling Spiritual Challenges,2010-04 - Handling Spiritual Challenges [1-3].mp4,Handling Spiritual Challenges (Apr 2010) DVD01,Handling Spiritual Challenges (Apr 2010) DVD01,lecture,Practical Spirituality,2010,04,Ledger: recording date 2010,DVD,DVD01,true,,,,https://veritaspub.com/product/2010-04-handling-spiritual-challenges-april-2010/,,,,,,,,204,
188,w-handling-spiritual-challenges,LECTURE-2010-002,LS201001_2,Handling Spiritual Challenges,2010-04 - Handling Spiritual Challenges [2-3].mp4,Handling Spiritual Challenges (Apr 2010) DVD02,Handling Spiritual Challenges (Apr 2010) DVD02,lecture,Practical Spirituality,2010,04,Ledger: recording date 2010,DVD,DVD02,true,,,,https://veritaspub.com/product/2010-04-handling-spiritual-challenges-april-2010/,,,,,,,,205,
189,w-handling-spiritual-challenges,LECTURE-2010-003,LS201001_3,Handling Spiritual Challenges,2010-04 - Handling Spiritual Challenges [3-3].mp4,Handling Spiritual Challenges (Apr 2010) DVD03,Handling Spiritual Challenges (Apr 2010) DVD03,lecture,Practical Spirituality,2010,04,Ledger: recording date 2010,DVD,DVD03,true,,,,https://veritaspub.com/product/2010-04-handling-spiritual-challenges-april-2010/,,,,,,,,206,
190,w-spiritual-life-in-today-s-world,LECTURE-2010-004,LS201002_1,Spiritual Life In Today's World,2010-10 - Spiritual Life In Today's World [1-3].mp4,Spiritual Life In Today's World (Oct 2010) DVD01,Spiritual Life In Today's World (Oct 2010) DVD01,lecture,Practical Spirituality,2010,10,Ledger: recording date 2010,DVD,DVD01,true,,,,https://veritaspub.com/product/2010-10-spiritual-life-in-todays-world-oct-2010/,,,,,,,,207,
191,w-spiritual-life-in-today-s-world,LECTURE-2010-005,LS201002_2,Spiritual Life In Today's World,2010-10 - Spiritual Life In Today's World [2-3].mp4,Spiritual Life In Today's World (Oct 2010) DVD02,Spiritual Life In Today's World (Oct 2010) DVD02,lecture,Practical Spirituality,2010,10,Ledger: recording date 2010,DVD,DVD02,true,,,,https://veritaspub.com/product/2010-10-spiritual-life-in-todays-world-oct-2010/,,,,,,,,208,
192,w-spiritual-life-in-today-s-world,LECTURE-2010-006,LS201002_3,Spiritual Life In Today's World,2010-10 - Spiritual Life In Today's World [3-3].mp4,Spiritual Life In Today's World (Oct 2010) DVD03,Spiritual Life In Today's World (Oct 2010) DVD03,lecture,Practical Spirituality,2010,10,Ledger: recording date 2010,DVD,DVD03,true,,,,https://veritaspub.com/product/2010-10-spiritual-life-in-todays-world-oct-2010/,,,,,,,,209,
193,w-most-valuable-qualities-for-a-spiritual,LECTURE-2011-001,LS201101_1,Most Valuable Qualities for a Spiritual Seeker,2011-05 - Most Valuable Qualities for a Spiritual Seeker [1-3].mp4,Most Valuable Qualities for a Spiritual Seeker (May 2011) DVD01,Most Valuable Qualities for a Spiritual Seeker (May 2011) DVD01,lecture,Love & Spiritual Seeker Qualities,2011,05,Ledger: recording date 2011,DVD,DVD01,true,,,,https://veritaspub.com/product/2011-05-most-valuable-qualities-for-a-spiritual-seeker-may-2011/,,,,,,,,211,
194,w-most-valuable-qualities-for-a-spiritual,LECTURE-2011-002,LS201101_2,Most Valuable Qualities for a Spiritual Seeker,2011-05 - Most Valuable Qualities for a Spiritual Seeker [2-3].mp4,Most Valuable Qualities for a Spiritual Seeker (May 2011) DVD02,Most Valuable Qualities for a Spiritual Seeker (May 2011) DVD02,lecture,Love & Spiritual Seeker Qualities,2011,05,Ledger: recording date 2011,DVD,DVD02,true,,,,https://veritaspub.com/product/2011-05-most-valuable-qualities-for-a-spiritual-seeker-may-2011/,,,,,,,,212,
195,w-most-valuable-qualities-for-a-spiritual,LECTURE-2011-003,LS201101_3,Most Valuable Qualities for a Spiritual Seeker,2011-05 - Most Valuable Qualities for a Spiritual Seeker [3-3].mp4,Most Valuable Qualities for a Spiritual Seeker (May 2011) DVD03,Most Valuable Qualities for a Spiritual Seeker (May 2011) DVD03,lecture,Love & Spiritual Seeker Qualities,2011,05,Ledger: recording date 2011,DVD,DVD03,true,,,,https://veritaspub.com/product/2011-05-most-valuable-qualities-for-a-spiritual-seeker-may-2011/,,,,,,,,213,
196,w-love,LECTURE-2011-004,LS201102_1,Love,2011-09 - Love [1-3].mp4,Love (Sep 2011) DVD01,Love (Sep 2011) DVD01,lecture,Love & Spiritual Seeker Qualities,2011,09,Ledger: recording date 2011,DVD,DVD01,true,,,,https://veritaspub.com/product/2011-09-love-sept-2011/,,,,,,,,214,
197,w-love,LECTURE-2011-005,LS201102_2,Love,2011-09 - Love [2-3].mp4,Love (Sep 2011) DVD02,Love (Sep 2011) DVD02,lecture,Love & Spiritual Seeker Qualities,2011,09,Ledger: recording date 2011,DVD,DVD02,true,,,,https://veritaspub.com/product/2011-09-love-sept-2011/,,,,,,,,215,
198,w-love,LECTURE-2011-006,LS201102_3,Love,2011-09 - Love [3-3].mp4,Love (Sep 2011) DVD03,Love (Sep 2011) DVD03,lecture,Love & Spiritual Seeker Qualities,2011,09,Ledger: recording date 2011,DVD,DVD03,true,,,,https://veritaspub.com/product/2011-09-love-sept-2011/,,,,,,,,216,
199,w-q-a-session-jan-2011,LECTURE-2011-007,SAT2011Q01,Q&A Session (Jan 2011),2011-01 - Q&A Session.mp4,Q&A Session (Jan 2011),,lecture,Satsang Series,2011,01,Ledger: recording date 2011,streaming,,true,,,,https://veritaspub.com/product/2011-01-question-answer-session-jan-2011/,,,,,,,,218,
200,w-q-a-session-mar-2011,LECTURE-2011-008,SAT2011Q02,Q&A Session (Mar 2011),2011-03 - Q&A Session.mp4,Q&A Session (Mar 2011),,lecture,Satsang Series,2011,03,Ledger: recording date 2011,streaming,,true,,,,https://veritaspub.com/product/2011-03-question-and-answer-session-march-2011/,,,,,,,,219,
201,w-q-a-session-jul-2011,LECTURE-2011-009,SAT2011Q03,Q&A Session (Jul 2011),2011-07 - Q&A Session.mp4,Q&A Session (Jul 2011),,lecture,Satsang Series,2011,07,Ledger: recording date 2011,streaming,,true,,,,https://veritaspub.com/product/2011-07-question-and-answer-session-july-2011/,,,,,,,,220,
202,w-power-vs-force,,VOL101,Volume I-Power vs Force (Part 1),Volume I Power vs Force [1-2].mp4,101 Volume I-Power vs Force (Part 1).mp4,101 Volume I-Power vs Force (Part 1).mp4,lecture,Volume Series,,,Blank: intentional pre-2000 (Volume Series),DVD,,true,,,,https://veritaspub.com/product/volume-i-power-vs-force-muscle-testing-video/,,,,,,,,223,
203,w-volume-i-david-hawkins-applied-kinesiolo,,VOL102,Volume I-David Hawkins -Applied Kinesiology-Power vs Force - Part 2,Volume I Power vs Force [2-2].mp4,102 Volume II-David Hawkins -Applied Kinesiology-Power vs Force - Part 2.mp4,102 Volume II-David Hawkins -Applied Kinesiology-Power vs Force - Part 2.mp4,lecture,Volume Series,,,Blank: intentional pre-2000 (Volume Series),DVD,,true,,,,https://veritaspub.com/product/volume-i-power-vs-force-muscle-testing-video/,,,,,,,Display title corrects raw 'Volume II' to Volume I: official product 50432 is a two-disc Volume I set.,224,
204,w-volume-ii-consciousness-and-addiction-pa,,VOL201,Volume II-Consciousness and Addiction,Volume II Consciousness and Addiction [1-2].mp4,201 Volume II-Consciousness and Addiction (Part 1).mp4,Official listing: Volume II: Consciousness and Addiction,lecture,Volume Series,,,Blank: intentional pre-2000 (Volume Series),DVD,,true,,,,https://veritaspub.com/product/vol-ii-consciousness-and-addiction/,,,,,,,,225,
205,w-volume-ii-consciousness-and-addiction-pa-1,,VOL202,Volume II-Consciousness and Addiction,Volume II Consciousness and Addiction [2-2].mp4,202 Volume II-Consciousness and Addiction (Part 2).mp4,Official listing: Volume II: Consciousness and Addiction,lecture,Volume Series,,,Blank: intentional pre-2000 (Volume Series),DVD,,true,,,,https://veritaspub.com/product/vol-ii-consciousness-and-addiction/,,,,,,,,226,
206,w-volume-iii-advanced-states-of-consciousn,,VOL301,Volume III-Advanced States of Consciousness,Volume III Advanced States of Consciousness [1-2].mp4,301 Volume III-Advanced States of Consciousness (Part 1).mp4,Official listing: Volume III: Advanced States of Consciousness,lecture,Volume Series,,,Blank: intentional pre-2000 (Volume Series),DVD,,true,,,,https://veritaspub.com/product/volume-iii-advanced-states-of-consciousness/,,,,,,,,227,
207,w-volume-iii-advanced-states-of-consciousn-1,,VOL302,Volume III-Advanced States of Consciousness,Volume III Advanced States of Consciousness [2-2].mp4,302 Volume III-Advanced States of Consciousness (Part 2).mp4,Official listing: Volume III: Advanced States of Consciousness,lecture,Volume Series,,,Blank: intentional pre-2000 (Volume Series),DVD,,true,,,,https://veritaspub.com/product/volume-iii-advanced-states-of-consciousness/,,,,,,,,228,
208,w-volume-iv-how-to-tell-the-truth-about-an,,VOL401,Volume IV-How to Tell the Truth about Anything (Part 1),Volume IV How to Tell the Truth about Anything [1-2].mp4,401 Volume IV-How to Tell the Truth about Anything (Part 1).mp4,401 Volume IV-How to Tell the Truth about Anything (Part 1).mp4,lecture,Volume Series,,,Blank: intentional pre-2000 (Volume Series),DVD,,true,,,,https://veritaspub.com/product/volume-iv-consciousness-how-to-tell-the-truth-about-anything-video/,,,,,,,,229,
209,w-volume-iv-how-to-tell-the-truth-about-an-1,,VOL402,Volume IV-How to Tell the Truth about Anything (Part 2),Volume IV How to Tell the Truth about Anything [2-2].mp4,402 Volume IV-How to Tell the Truth about Anything (Part 2).mp4,402 Volume IV-How to Tell the Truth about Anything (Part 2).mp4,lecture,Volume Series,,,Blank: intentional pre-2000 (Volume Series),DVD,,true,,,,https://veritaspub.com/product/volume-iv-consciousness-how-to-tell-the-truth-about-anything-video/,,,,,,,,230,
210,w-volume-v-undoing-the-barriers-to-spiritu,,VOL501,Volume V-Undoing the Barriers to Spiritual Progress,Volume V Undoing the Barriers to Spiritual Progress [1-3].mp4,501 Volume V-Undoing the Barriers to Spiritual Progress (Part 1).mp4,Official listing: Volume V: Undoing the Barriers to Spiritual Progress,lecture,Volume Series,,,Blank: intentional pre-2000 (Volume Series),DVD,,true,,,,https://veritaspub.com/product/volume-v-undoing-the-barriers-to-spiritual-progress-video/,,,,,,,,231,
211,w-volume-v-undoing-the-barriers-to-spiritu-1,,VOL502,Volume V-Undoing the Barriers to Spiritual Progress,Volume V Undoing the Barriers to Spiritual Progress [2-3].mp4,502 Volume V-Undoing the Barriers to Spiritual Progress (Part 2)- converted.mp4,Official listing: Volume V: Undoing the Barriers to Spiritual Progress,lecture,Volume Series,,,Blank: intentional pre-2000 (Volume Series),DVD,,true,,,,https://veritaspub.com/product/volume-v-undoing-the-barriers-to-spiritual-progress-video/,,,,,,,,232,
212,w-volume-v-undoing-the-barriers-to-spiritu-2,,VOL503,Volume V-Undoing the Barriers to Spiritual Progress,Volume V Undoing the Barriers to Spiritual Progress [3-3].mp4,503 Volume V-Undoing the Barriers to Spiritual Progress (Part 3)- converted.mp4,Official listing: Volume V: Undoing the Barriers to Spiritual Progress,lecture,Volume Series,,,Blank: intentional pre-2000 (Volume Series),DVD,,true,,,,https://veritaspub.com/product/volume-v-undoing-the-barriers-to-spiritual-progress-video/,,,,,,,,233,
213,w-volume-vi-how-to-raise-your-level-of-con,,VOL601,Volume VI-How to Raise Your Level of Consciousness,Volume VI How to Raise Your Level of Consciousness.mp4,601 Volume VI-How to Raise Your Level of Consciousness-converted.mp4,601 Volume VI-How to Raise Your Level of Consciousness-converted.mp4,lecture,Volume Series,,,Blank: intentional pre-2000 (Volume Series),DVD,,true,,,,https://veritaspub.com/product/vol-vi-how-to-raise-your-level-of-consciousness/,,,,,,,,234,
214,w-volume-vii-a-conversation-with-knowingne,,VOL701,Volume VII A-Conversation with Knowingness,Volume VII A Conversation with Knowingness.mp4,701 Volume VII A-Conversation with Knowingness-converted.mp4,701 Volume VII A-Conversation with Knowingness-converted.mp4,lecture,Volume Series,,,Blank: intentional pre-2000 (Volume Series),DVD,,true,,,,https://veritaspub.com/product/vol-vii-a-conversation-with-knowingness/,,,,,,,,235,
215,w-become-that-which-you-are-june-2004-part,LECTURE-2004-019,,Become That Which You Are (June 2004) PART1,2004-06 - Become That Which You Are [1-3].mp4,Become That Which You Are (June 2004) PART1.mp4,Become That Which You Are (June 2004) PART1.mp4,lecture,On The Road Talk Series,2004,06,Ledger: recording date 2004,DVD,,true,,,,https://veritaspub.com/product/become-that-which-you-are-3/,,,,,https://veritaspub.com/become-that-which-you-are/,,,239,
216,w-become-that-which-you-are-june-2004-part-1,LECTURE-2004-020,,Become That Which You Are (June 2004) PART2,2004-06 - Become That Which You Are [2-3].mp4,Become That Which You Are (June 2004) PART2.mp4,Become That Which You Are (June 2004) PART2.mp4,lecture,On The Road Talk Series,2004,06,Ledger: recording date 2004,DVD,,true,,,,https://veritaspub.com/product/become-that-which-you-are-3/,,,,,https://veritaspub.com/become-that-which-you-are/,,,240,
217,w-become-that-which-you-are-june-2004-part-2,LECTURE-2004-021,,Become That Which You Are (June 2004) PART3,2004-06 - Become That Which You Are [3-3].mp4,Become That Which You Are (June 2004) PART3.mp4,Become That Which You Are (June 2004) PART3.mp4,lecture,On The Road Talk Series,2004,06,Ledger: recording date 2004,DVD,,true,,,,https://veritaspub.com/product/become-that-which-you-are-3/,,,,,https://veritaspub.com/become-that-which-you-are/,,,241,
218,w-love-is-a-way-of-being-january-2004-part,LECTURE-2004-022,,Love is a Way of Being (January 2004) PART1,2004-01 - Love is a Way of Being [1-3].mp4,Love is a Way of Being (January 2004) PART1.mp4,Love is a Way of Being (January 2004) PART1.mp4,lecture,On The Road Talk Series,2004,01,Ledger: recording date 2004,DVD,,true,,,,https://veritaspub.com/product/love-is-a-way-of-being/,,,,,https://veritaspub.com/love-is-a-way-of-being/,,,242,
219,w-love-is-a-way-of-being-january-2004-part-1,LECTURE-2004-023,,Love is a Way of Being (January 2004) PART2,2004-01 - Love is a Way of Being [2-3].mp4,Love is a Way of Being (January 2004) PART2.mp4,Love is a Way of Being (January 2004) PART2.mp4,lecture,On The Road Talk Series,2004,01,Ledger: recording date 2004,DVD,,true,,,,https://veritaspub.com/product/love-is-a-way-of-being/,,,,,https://veritaspub.com/love-is-a-way-of-being/,,,243,
220,w-love-is-a-way-of-being-january-2004-part-2,LECTURE-2004-024,,Love is a Way of Being (January 2004) PART3,2004-01 - Love is a Way of Being [3-3].mp4,Love is a Way of Being (January 2004) PART3.mp4,Love is a Way of Being (January 2004) PART3.mp4,lecture,On The Road Talk Series,2004,01,Ledger: recording date 2004,DVD,,true,,,,https://veritaspub.com/product/love-is-a-way-of-being/,,,,,https://veritaspub.com/love-is-a-way-of-being/,,,244,
221,w-progressive-levels-of-consciousness-a-sp,LECTURE-2003-019,,Progressive Levels of Consciousness - A Special Talk Presented in Oxford (2003),2003 - Progressive Levels of Consciousness - A Special Talk Presented in Oxford.mp4,Progressive Levels of Consciousness - A Special Talk Presented in Oxford (2003).mp4,Progressive Levels of Consciousness - A Special Talk Presented in Oxford (2003).mp4,lecture,On The Road Talk Series,2003,,Ledger: recording date 2003,streaming,,true,,,,,,,,,,,,245,
222,w-the-presence-of-spiritual-awareness-part,LECTURE-2004-025,,The Presence of Spiritual Awareness,2004 - The Presence of Spiritual Awareness [1-3].mp4,The Presence of Spiritual Awareness PART1.mp4,Official listing: The Presence of Spiritual Awareness,lecture,On The Road Talk Series,2004,,Ledger: recording date 2004,DVD,,true,,,,https://veritaspub.com/product/the-presence-of-spiritual-awareness/,,,,,,,,246,
223,w-the-presence-of-spiritual-awareness-part-1,LECTURE-2004-026,,The Presence of Spiritual Awareness,2004 - The Presence of Spiritual Awareness [2-3].mp4,The Presence of Spiritual Awareness PART2.mp4,Official listing: The Presence of Spiritual Awareness,lecture,On The Road Talk Series,2004,,Ledger: recording date 2004,DVD,,true,,,,https://veritaspub.com/product/the-presence-of-spiritual-awareness/,,,,,,,,247,
224,w-the-presence-of-spiritual-awareness-part-2,LECTURE-2004-027,,The Presence of Spiritual Awareness,2004 - The Presence of Spiritual Awareness [3-3].mp4,The Presence of Spiritual Awareness PART3.mp4,Official listing: The Presence of Spiritual Awareness,lecture,On The Road Talk Series,2004,,Ledger: recording date 2004,DVD,,true,,,,https://veritaspub.com/product/the-presence-of-spiritual-awareness/,,,,,,,,248,
225,w-devotion-to-truth,LECTURE-2003-020,,Devotion to Truth,2003 - Devotion to Truth.mp4,Devotion to Truth.mp4,Devotion to Truth.mp4,lecture,On The Road Talk Series,2003,,Ledger: recording date 2003,streaming,streaming video,true,,,,https://veritaspub.com/product/devotion-to-truth-talk/,,,,,https://veritaspub.com/devotion-to-truth-video/,,,249,
226,w-mind-heart-and-service-part1,LECTURE-2003-021,,"Mind, Heart, and Service PART1","2003 - Mind, Heart, and Service [1-2].mp4","Mind, Heart, and Service PART1.mp4","Mind, Heart, and Service PART1.mp4",lecture,On The Road Talk Series,2003,,Ledger: recording date 2003,streaming,streaming video,true,,,,https://veritaspub.com/product/mind-heart-and-service-the-pathway-of-devotional-non-duality/,,,,,https://veritaspub.com/mind-heart-and-service-the-pathway-of-devotional-non-duality-stream/,,,250,
227,w-mind-heart-and-service-part2,LECTURE-2003-022,,"Mind, Heart, and Service PART2","2003 - Mind, Heart, and Service [2-2].mp4","Mind, Heart, and Service PART2.mp4","Mind, Heart, and Service PART2.mp4",lecture,On The Road Talk Series,2003,,Ledger: recording date 2003,streaming,streaming video,true,,,,https://veritaspub.com/product/mind-heart-and-service-the-pathway-of-devotional-non-duality/,,,,,https://veritaspub.com/mind-heart-and-service-the-pathway-of-devotional-non-duality-stream/,,,251,
228,w-spiritual-will-part1,LECTURE-2004-028,,Spiritual Will PART1,2004 - Spiritual Will [1-2].mp4,Spiritual Will PART1.mp4,Spiritual Will PART1.mp4,lecture,On The Road Talk Series,2004,,Ledger: recording date 2004,DVD,,true,,,,https://veritaspub.com/product/spiritual-will-a-inspiring-q-a-session-with-dr-hawkins/,,,,,https://veritaspub.com/spiritual-will-a-inspiring-q-a-session-with-dr-hawkins/,,,252,
229,w-spiritual-will-part2,LECTURE-2004-029,,Spiritual Will PART2,2004 - Spiritual Will [2-2].mp4,Spiritual Will PART2.mp4,Spiritual Will PART2.mp4,lecture,On The Road Talk Series,2004,,Ledger: recording date 2004,DVD,,true,,,,https://veritaspub.com/product/spiritual-will-a-inspiring-q-a-session-with-dr-hawkins/,,,,,https://veritaspub.com/spiritual-will-a-inspiring-q-a-session-with-dr-hawkins/,,,253,
230,w-verification-of-spiritual-realities-part,,,Verification of Spiritual Realities,Verification of Spiritual Realities [1-3].mp4,Verification of Spiritual Realities PART1.mp4,Official listing: Verification of Spiritual Realities,lecture,On The Road Talk Series,,,Blank: under investigation,DVD,,true,,,,https://veritaspub.com/product/verification-of-spiritual-realities/,,,,,https://veritaspub.com/verification-of-spiritual-realities/,,,254,
231,w-verification-of-spiritual-realities-part-1,,,Verification of Spiritual Realities,Verification of Spiritual Realities [2-3].mp4,Verification of Spiritual Realities PART2.mp4,Official listing: Verification of Spiritual Realities,lecture,On The Road Talk Series,,,Blank: under investigation,DVD,,true,,,,https://veritaspub.com/product/verification-of-spiritual-realities/,,,,,https://veritaspub.com/verification-of-spiritual-realities/,,,255,
232,w-verification-of-spiritual-realities-part-2,,,Verification of Spiritual Realities,Verification of Spiritual Realities [3-3].mp4,Verification of Spiritual Realities PART3.mp4,Official listing: Verification of Spiritual Realities,lecture,On The Road Talk Series,,,Blank: under investigation,DVD,,true,,,,https://veritaspub.com/product/verification-of-spiritual-realities/,,,,,https://veritaspub.com/verification-of-spiritual-realities/,,,256,
233,w-a-01-office-series-stress,LECTURE-198X-001,OFF01,A-01 Office Series-Stress,198X - A-01 Office Series-Stress.mp4,A-01 Office Series-Stress.mp4,A-01 Office Series-Stress.mp4,lecture,Office Series,198X,,Ledger: recording date 198X,DVD,,true,,,,https://veritaspub.com/product/stress/,,,,https://www.amazon.com/Office-Visit-David-Hawkins-Ph-D/dp/1938033248,https://veritaspub.com/stress/,,,260,
234,w-a-02-office-series-health,LECTURE-198X-002,OFF02,A-02 Office Series-Health,198X - A-02 Office Series-Health.mp4,A-02 Office Series-Health.mp4,A-02 Office Series-Health.mp4,lecture,Office Series,198X,,Ledger: recording date 198X,DVD,,true,,,,https://veritaspub.com/product/health/,,,,,https://veritaspub.com/health/,,,261,
235,w-a-03-office-series-spiritual-first-aid,LECTURE-198X-003,OFF03,A-03 Office Series-Spiritual First Aid,198X - A-03 Office Series-Spiritual First Aid.mp4,A-03 Office Series-Spiritual First Aid.mp4,A-03 Office Series-Spiritual First Aid.mp4,lecture,Office Series,198X,,Ledger: recording date 198X,DVD,,true,,,,https://veritaspub.com/product/spiritual-first-aid-2/,,,,,https://veritaspub.com/spiritual-first-aid/,,,262,
236,w-a-04-office-series-sexuality,LECTURE-198X-004,OFF04,A-04 Office Series-Sexuality,198X - A-04 Office Series-Sexuality.mp4,A-04 Office Series-Sexuality.mp4,A-04 Office Series-Sexuality.mp4,lecture,Office Series,198X,,Ledger: recording date 198X,DVD,,true,,,,https://veritaspub.com/product/sexuality-2/,,,,https://www.amazon.com/Office-Visit-Sexuality-CD/dp/1938033302,https://veritaspub.com/sexuality/,,,263,
237,w-a-05-office-series-the-aging-process,LECTURE-198X-005,OFF05,A-05 Office Series-The Aging Process,198X - A-05 Office Series-The Aging Process.mp4,A-05 Office Series-The Aging Process.mp4,A-05 Office Series-The Aging Process.mp4,lecture,Office Series,198X,,Ledger: recording date 198X,DVD,,true,,,,https://veritaspub.com/product/the-aging-process/,,,,,https://veritaspub.com/the-aging-process/,,,264,
238,w-a-06-office-series-handling-major-crises,LECTURE-198X-006,OFF06,A-06 Office Series-Handling Major Crises,198X - A-06 Office Series-Handling Major Crises.mp4,A-06 Office Series-Handling Major Crises.mp4,A-06 Office Series-Handling Major Crises.mp4,lecture,Office Series,198X,,Ledger: recording date 198X,DVD,,true,,,,https://veritaspub.com/product/handling-major-crises-2/,,,,https://www.amazon.com/Office-Visit-Handling-Major-Crises/dp/1938033345,https://veritaspub.com/handling-major-crises/,,,265,
239,w-a-07-office-series-worry-fear-and-anxiet,LECTURE-198X-007,OFF07,A-07 Office Series-Worry Fear and Anxiety,198X - A-07 Office Series-Worry Fear and Anxiety.mp4,A-07 Office Series-Worry Fear and Anxiety.mp4,A-07 Office Series-Worry Fear and Anxiety.mp4,lecture,Office Series,198X,,Ledger: recording date 198X,DVD,,true,,,,https://veritaspub.com/product/worry-fear-and-anxiety-2/,,,,https://www.amazon.com/Office-Visit-Worry-Fear-Anxiety/dp/1938033361,https://veritaspub.com/worry-fear-and-anxiety/,,,266,
240,w-a-08-office-series-pain-and-suffering,LECTURE-198X-008,OFF08,A-08 Office Series-Pain and Suffering,198X - A-08 Office Series-Pain and Suffering.mp4,A-08 Office Series-Pain and Suffering.mp4,A-08 Office Series-Pain and Suffering.mp4,lecture,Office Series,198X,,Ledger: recording date 198X,DVD,,true,,,,https://veritaspub.com/product/pain-and-suffering/,,,,https://www.amazon.com/Office-Visit-Pain-Suffering-CD/dp/1938033388,https://veritaspub.com/pain-and-suffering/,,,267,
241,w-a-09-office-series-losing-weight,LECTURE-198X-009,OFF09,A-09 Office Series-Losing Weight,198X - A-09 Office Series-Losing Weight.mp4,A-09 Office Series-Losing Weight.mp4,A-09 Office Series-Losing Weight.mp4,lecture,Office Series,198X,,Ledger: recording date 198X,DVD,,true,,,,https://veritaspub.com/product/losing-weight/,,,,,https://veritaspub.com/losing-weight/,,,268,
242,w-a-10-office-series-depression,LECTURE-198X-010,OFF10,A-10 Office Series-Depression,198X - A-10 Office Series-Depression.mp4,A-10 Office Series-Depression.mp4,A-10 Office Series-Depression.mp4,lecture,Office Series,198X,,Ledger: recording date 198X,DVD,,true,,,,https://veritaspub.com/product/depression/,,,,,https://veritaspub.com/depression/,,,269,
243,w-a-11-office-series-illness-and-self-heal,LECTURE-198X-011,OFF11,A-11 Office Series-Illness and Self-Healing,198X - A-11 Office Series-Illness and Self-Healing.mp4,A-11 Office Series-Illness and Self-Healing.mp4,A-11 Office Series-Illness and Self-Healing.mp4,lecture,Office Series,198X,,Ledger: recording date 198X,DVD,,true,,,,https://veritaspub.com/product/illness-and-self-healing/,,,,https://www.amazon.com/Office-Visit-Illness-Self-Healing-CD/dp/1938033442,https://veritaspub.com/illness-and-self-healing/,,,270,
244,w-a-12-office-series-alcoholism,LECTURE-198X-012,OFF12,A-12 Office Series-Alcoholism,198X - A-12 Office Series-Alcoholism.mp4,A-12 Office Series-Alcoholism.mp4,A-12 Office Series-Alcoholism.mp4,lecture,Office Series,198X,,Ledger: recording date 198X,DVD,,true,,,,https://veritaspub.com/product/alcoholism/,,,,,https://veritaspub.com/alcoholism/,,,271,
245,w-b-01-office-series-drug-addiction-and-al,LECTURE-198X-013,OFF13,B-01 Office Series-Drug Addiction and Alcoholism...,198X - B-01 Office Series-Drug Addiction and Alcoholism....mp4,B-01 Office Series-Drug Addiction and Alcoholism....mp4,B-01 Office Series-Drug Addiction and Alcoholism....mp4,lecture,Office Series,198X,,Ledger: recording date 198X,DVD,,true,,,,https://veritaspub.com/product/drug-addiction-and-alcoholism/,,,,,https://veritaspub.com/drug-addiction-and-alcoholism/,,,272,
247,w-b-03-office-series-a-map-of-consciousnes,LECTURE-198X-014,OFF15,B-03 Office Series-A Map Of Consciousness,198X - B-03 Office Series-A Map Of Consciousness.mp4,B-03 Office Series-A Map Of Consciousness.mp4,B-03 Office Series-A Map Of Consciousness.mp4,lecture,Office Series,198X,,Ledger: recording date 198X,DVD,,true,,,,https://veritaspub.com/product/a-map-of-consciousness/,,,,,https://veritaspub.com/a-map-of-consciousness/,,,274,
248,w-b-04-office-series-cancer,LECTURE-198X-015,OFF16,B-04 Office Series-Cancer,198X - B-04 Office Series-Cancer.mp4,B-04 Office Series-Cancer.mp4,B-04 Office Series-Cancer.mp4,lecture,Office Series,198X,,Ledger: recording date 198X,DVD,,true,,,,https://veritaspub.com/product/cancer/,,,,,https://veritaspub.com/cancer/,,,275,
250,w-b-06-office-series-death-and-dying,LECTURE-198X-016,OFF18,B-06 Office Series-Death and Dying,198X - B-06 Office Series-Death and Dying.mp4,B-06 Office Series-Death and Dying.mp4,B-06 Office Series-Death and Dying.mp4,lecture,Office Series,198X,,Ledger: recording date 198X,DVD,,true,,,,https://veritaspub.com/product/death-and-dying/,,,,https://www.amazon.com/Office-Visit-Death-Dying-CD/dp/1938033485,https://veritaspub.com/death-and-dying/,,,277,
251,w-satsang-series-jan-2007,LECTURE-2007-028,2cds each?,Satsang Series (Jan 2007),2007-01 - Satsang Series.mp3,Satsang Series (Jan 2007),,lecture,Satsang Series,2007,01,Ledger: recording date 2007,CD,,false,,,,https://veritaspub.com/product/satsang-series-january-2007-cd/,,,,,,,Raw source note: veritas/only sold via audible,280,
252,w-satsang-series-mar-2007,LECTURE-2007-029,2cds each?,Satsang Series (Mar 2007),2007-03 - Satsang Series.mp3,Satsang Series (Mar 2007),,lecture,Satsang Series,2007,03,Ledger: recording date 2007,CD,,false,,,,https://veritaspub.com/product/satsang-series-march-2007-cd/,,,,,,,Raw source note: veritas/only sold via audible,281,
253,w-satsang-series-may-2007,LECTURE-2007-030,2cds each?,Satsang Series (May 2007),2007-05 - Satsang Series.mp3,Satsang Series (May 2007),,lecture,Satsang Series,2007,05,Ledger: recording date 2007,CD,,false,,,,https://veritaspub.com/product/satsang-series-may-2007-cd/,,,,,,,Raw source note: veritas/only sold via audible,282,
254,w-satsang-series-jul-2007,LECTURE-2007-031,2cds each?,Satsang Series (Jul 2007),2007-07 - Satsang Series.mp3,Satsang Series (Jul 2007),,lecture,Satsang Series,2007,07,Ledger: recording date 2007,CD,,false,,,,https://veritaspub.com/product/satsang-series-4-july-11-2007/,,,,,,,Raw source note: veritas/only sold via audible,283,
255,w-satsang-series-sep-2007,LECTURE-2007-032,2cds each?,Satsang Series (Sep 2007),2007-09 - Satsang Series.mp3,Satsang Series (Sep 2007),,lecture,Satsang Series,2007,09,Ledger: recording date 2007,CD,,false,,,,https://veritaspub.com/product/satsang-series-sept-2007-cd/,,,,,,,Raw source note: veritas/only sold via audible,284,
256,w-satsang-series-may-2008,LECTURE-2008-022,2cds each?,Satsang Series (May 2008),2008-06 - Satsang Series.mp3,Satsang Series (May 2008),,lecture,Satsang Series,2008,06,Ledger: recording date 2008,CD,,false,,,,https://veritaspub.com/product/satsang-series-may-2008-cd/,,,,,,,Raw source note: veritas/only sold via audible,285,
257,w-satsang-series-sep-2008,LECTURE-2008-023,2cds each?,Satsang Series (Sep 2008),2008-09 - Satsang Series.mp3,Satsang Series (Sep 2008),,lecture,Satsang Series,2008,09,Ledger: recording date 2008,CD,,false,,,,https://veritaspub.com/product/satsang-series-3-september-10-2008/,,,,,,,Raw source note: veritas/only sold via audible,286,
258,w-satsang-series-jan-2009,LECTURE-2009-013,2cds each?,Satsang Series (Jan 2009),2009-01 - Satsang Series.mp3,Satsang Series (Jan 2009),,lecture,Satsang Series,2009,01,Ledger: recording date 2009,CD,,false,,,,https://veritaspub.com/product/satsang-series-1-january-7-2009/,,,,,,,Raw source note: veritas/only sold via audible,287,
259,w-satsang-series-may-2009,LECTURE-2009-014,2cds each?,Satsang Series (May 2009),2009-06 - Satsang Series.mp3,Satsang Series (May 2009),,lecture,Satsang Series,2009,06,Ledger: recording date 2009,CD,,false,,,,https://veritaspub.com/product/satsang-series-2-may-13-2009/,,,,,,,Raw source note: veritas/only sold via audible,288,
260,w-satsang-series-sep-2009,LECTURE-2009-015,2cds each?,Satsang Series (Sep 2009),2009-09 - Satsang Series.mp3,Satsang Series (Sep 2009),,lecture,Satsang Series,2009,09,Ledger: recording date 2009,CD,,false,,,,https://veritaspub.com/product/satsang-series-september-2009-cd/,,,,,,,Raw source note: veritas/only sold via audible,289,
261,w-satsang-series-nov-2009,LECTURE-2009-016,2cds each?,Satsang Series (Nov 2009),2009-11 - Satsang Series.mp3,Satsang Series (Nov 2009),,lecture,Satsang Series,2009,11,Ledger: recording date 2009,CD,,false,,,,https://veritaspub.com/product/satsang-november-2009-cd/,,,,,,,Raw source note: veritas/only sold via audible,290,
262,w-satsang-series-feb-2010,LECTURE-2010-007,2cds each?,Satsang Series (Feb 2010),2010-03 - Satsang Series.mp3,Satsang Series (Feb 2010),,lecture,Satsang Series,2010,03,Ledger: recording date 2010,CD,,false,,,,https://veritaspub.com/product/satsang-series-february-2010/,,,,,,,Raw source note: veritas/only sold via audible,291,
263,w-satsang-series-nov-2010,LECTURE-2010-008,2cds each?,Satsang Series (Nov 2010),2010-11 - Satsang Series.mp3,Satsang Series (Nov 2010),,lecture,Satsang Series,2010,11,Ledger: recording date 2010,CD,,false,,,,https://veritaspub.com/product/2010-11-satsang-series-nov-2010/,,,,,,,Raw source note: veritas/only sold via audible,292,
265,w-golden-word-book-signing-audio,LECTURE-2007-033,,Golden Word Book Signing – Audio,2007-01 - Golden Word Book Signing.m4b,Audio 27. Golden Word Book Signing – Audio,Audio 27. Golden Word Book Signing – Audio,lecture,Media Miscellaneous,2007,01,Ledger: recording date 2007,audiobook,,true,,,,https://veritaspub.com/product/https-veritaspub-com-product-golden-word-book-signing-january-13-2007/,,,,,,,,297,
266,w-all-is-divinity,LECTURE-2004-030,,All is Divinity,2004 - All is Divinity.mp4,All is Divinity,,lecture,On The Road Talk Series,2004,,Ledger: recording date 2004,DVD,,false,,,,https://veritaspub.com/product/all-is-divinity/,,,,,,,,300,
267,w-compassion,LECTURE-2003-023,,Compassion: The Pathway of the Heart,2003 - Compassion The Pathway of the Heart.mp4,Compassion: The Pathway of the Heart,,lecture,On The Road Talk Series,2003,,Ledger: recording date 2003,DVD,,false,,,,https://veritaspub.com/product/compassion-the-pathway-of-the-heart/,,,,,,,,301,
268,w-god-is-hidden-within-the-beauty-of-the-m,,,God is Hidden Within the Beauty of the Music,God is Hidden Within the Beauty of the Music.mp4,God is Hidden Within the Beauty of the Music,,lecture,On The Road Talk Series,,,Blank: under investigation,DVD,,false,,,,https://veritaspub.com/product/god-is-hidden-within-the-beauty-of-the-music/,,,,,,,,302,
269,w-god-is-the-infinite-field,LECTURE-2003-024,,God is The Infinite Field,2003 - God is The Infinite Field.mp4,God is The Infinite Field,,lecture,On The Road Talk Series,2003,,Ledger: recording date 2003,DVD,,false,,,,https://veritaspub.com/product/god-is-the-infinite-field/,,,,,,,,303,
270,w-spiritual-reality,LECTURE-2004-031,,Spiritual Reality,2004 - Spiritual Reality.mp3,Spiritual Reality,,lecture,On The Road Talk Series,2004,,Ledger: recording date 2004,CD,,false,,,,https://veritaspub.com/product/spiritual-reality-3-cd-set/,,,,,,,,304,
271,w-the-ever-present-joy,LECTURE-2004-032,,The Ever-Present Joy,2004 - The Ever-Present Joy.mp4,The Ever-Present Joy,,lecture,On The Road Talk Series,2004,,Ledger: recording date 2004,DVD,,false,,,,https://veritaspub.com/product/the-ever-present-joy/,,,,,,,,305,
272,w-the-power-of-devotion,LECTURE-2003-025,,The Power of Devotion,2003 - The Power of Devotion.mp4,The Power of Devotion,,lecture,On The Road Talk Series,2003,,Ledger: recording date 2003,DVD,,false,,,,https://veritaspub.com/product/the-power-of-devotion/,,,,,,,,306,
273,w-the-prevailing-silence,LECTURE-2005-031,,The Prevailing Silence,2005 - The Prevailing Silence.mp3,The Prevailing Silence,,lecture,On The Road Talk Series,2005,,Ledger: recording date 2005,CD,,false,,,,https://veritaspub.com/product/prevailing-silence-3-cd-set/,,,,,,,,307,
274,w-transcending-the-ego,LECTURE-2004-033,,Transcending the Ego,2004 - Transcending the Ego.mp4,Transcending the Ego,,lecture,On The Road Talk Series,2004,,Ledger: recording date 2004,DVD,,false,,,,https://veritaspub.com/product/transcending-the-ego/,,,,,,,,308,
275,w-truth-shines-forth,LECTURE-2004-034,,Truth Shines Forth,2004 - Truth Shines Forth.mp3,Truth Shines Forth,,lecture,On The Road Talk Series,2004,,Ledger: recording date 2004,CD,,false,,,,https://veritaspub.com/product/truth-shines-forth-3-cd-set/,,,,,,,,309,
276,w-virtues-the-spiritual-foundation,LECTURE-2004-035,,Virtues: The Spiritual Foundation,2004 - Virtues The Spiritual Foundation.mp4,Virtues: The Spiritual Foundation,,lecture,On The Road Talk Series,2004,,Ledger: recording date 2004,DVD,,false,,,,https://veritaspub.com/product/virtues-the-spiritual-foundation/,,,,,,,,310,
277,w-you-are-the-light-of-consciousness,LECTURE-2003-026,,You Are the Light of Consciousness,2003 - You Are the Light of Consciousness.mp4,You Are the Light of Consciousness,,lecture,On The Road Talk Series,2003,,Ledger: recording date 2003,DVD,,false,,,,https://veritaspub.com/product/you-are-light-consciousness/,,,,,,,,311,
278,w-how-to-live-your-life-like-a-prayer,DISCUSSION-2012-001,,How to Live Your Life Like a Prayer,2012 - How to Live Your Life Like a Prayer.mp4,How to Live Your Life Like a Prayer.mp4,How to Live Your Life Like a Prayer.mp4,discussion,Discussion Series,2012,,Ledger: recording date 2012,streaming,,true,,,,,,,,,,,,315,
279,w-how-to-see-the-reality-of-life,DISCUSSION-2012-002,,How to See the Reality of Life,2012 - How to See the Reality of Life.mp4,How to See the Reality of Life.mp4,How to See the Reality of Life.mp4,discussion,Discussion Series,2012,,Ledger: recording date 2012,streaming,,true,,,,https://veritaspub.com/product/how-to-see-the-reality-of-life/,,,,,https://veritaspub.com/2013-how-to-see-the-reality-of-life/,,,316,
280,w-improving-your-relationships,DISCUSSION-2012-003,,Improving Your Relationships,2012 - Improving Your Relationships.mp4,Improving Your Relationships.mp4,Improving Your Relationships.mp4,discussion,Discussion Series,2012,,Ledger: recording date 2012,streaming,,true,,,,https://veritaspub.com/product/improving-your-relationships-2012/,,,,,https://veritaspub.com/2013-improving-your-relationships/,,,317,
282,w-the-importance-of-family,DISCUSSION-2012-004,,The Importance of Family,2012 - The Importance of Family.mp4,The Importance of Family.mp4,The Importance of Family.mp4,discussion,Discussion Series,2012,,Ledger: recording date 2012,streaming,,true,,,,https://veritaspub.com/product/the-importance-of-family-2014/,,,,,https://veritaspub.com/2014-the-importance-of-family/,,,319,
283,w-what-is-meant-by-spiritual,DISCUSSION-2012-005,,What is Meant by Spiritual,2012 - What is Meant by Spiritual.mp4,What is Meant by Spiritual.mp4,What is Meant by Spiritual.mp4,discussion,Discussion Series,2012,,Ledger: recording date 2012,streaming,,true,,,,https://veritaspub.com/product/what-is-meant-by-spiritual-2012/,,,,,https://veritaspub.com/2014-what-is-meant-by-spiritual/,,,320,
285,w-what-you-are-changes-the-world,DISCUSSION-2012-006,,What You are Changes the World,2012 - What You are Changes the World.mp4,What You are Changes the World.mp4,What You are Changes the World.mp4,discussion,Discussion Series,2012,,Ledger: recording date 2012,streaming,,true,,,,https://veritaspub.com/product/what-you-are-changes-the-world-2/,,,,,https://veritaspub.com/2012-what-you-are-changes-the-world/,,,322,
286,w-power-vs-force,,,Power vs Force,1995 - Power vs Force.pdf,Power vs Force,,book,Books,1995,,Ledger: first-publication 1995,book,,true,,,,https://veritaspub.com/product/power-vs-force-the-hidden-determinants-of-human-behavior-book/,https://www.hayhouse.com/power-vs-force-paperback,,,https://www.amazon.com/Power-Force-David-Hawkins-M-D/dp/1401945074,,,,325,
287,w-eye-of-the-i,,,The Eye of the I,2001 - The Eye of the I.pdf,The Eye of the I,,book,Books,2001,,Ledger: first-publication 2001,book,,true,,,,https://veritaspub.com/product/the-eye-of-the-i-book/,https://www.hayhouse.com/eye-of-the-i-paperback,,,https://www.amazon.com/Eye-Which-Nothing-Hidden/dp/140194504X,,,,326,
288,w-i-reality-and-subjectivity,,,I Reality and Subjectivity,2003 - I Reality and Subjectivity.pdf,I Reality and Subjectivity,,book,Books,2003,,Ledger: first-publication 2003,book,,true,,,,https://veritaspub.com/product/i-reality-and-subjectivity-book/,https://www.hayhouse.com/i-reality-and-subjectivity-1,,,https://www.amazon.com/Reality-Subjectivity-David-R-Hawkins/dp/0971500703,,,my pdfs are trash,327,
289,w-truth-vs-falsehood,,,Truth vs Falsehood,2005 - Truth vs Falsehood.pdf,Truth vs Falsehood,,book,Books,2005,,Ledger: first-publication 2005,book,,true,,,,https://veritaspub.com/product/truth-vs-falsehood-how-to-tell-the-difference-book/,https://www.hayhouse.com/catalog/product/view/id/23364/s/truth-vs-falsehood-parperback/,,,https://www.amazon.com/Truth-vs-Falsehood/dp/1401963285,,,,328,
290,w-letting-go,,,Letting Go,2012 - Letting Go.pdf,Letting Go,,book,Books,2012,,Ledger: first-publication 2012,book,,true,,,,https://veritaspub.com/product/letting-go-the-pathway-of-surrender-book/,https://www.hayhouse.com/letting-go-2,,,https://www.amazon.com/Letting-Surrender-David-Hawkins-PhD/dp/193388598X,,,,329,
291,w-healing-and-recovery,,,Healing and Recovery,2009 - Healing and Recovery.pdf,Healing and Recovery,,book,Books,2009,,Ledger: first-publication 2009,book,,true,,,,https://veritaspub.com/product/healing-and-recovery-copy/,https://www.hayhouse.com/healing-and-recovery-paperback,,,https://www.amazon.com/Healing-Recovery-David-R-Hawkins/dp/0971500789,,,,330,
292,w-discovery-of-the-presence-of-god,,,Discovery of the Presence of God,2007 - Discovery of the Presence of God.pdf,Discovery of the Presence of God,,book,Books,2007,,Ledger: first-publication 2007,book,,true,,,,https://veritaspub.com/product/discovery-of-the-presence-of-god-devotional-nonduality-sc/,https://www.hayhouse.com/discovery-of-the-presence-of-god-paperback,,,https://www.amazon.com/Discovery-Presence-God-Devotional-Nonduality/dp/1401944981,,,,331,
293,w-reality-spirituality-and-modern-man,,,"Reality, Spirituality and Modern Man","2008 - Reality, Spirituality and Modern Man.pdf","Reality, Spirituality and Modern Man",,book,Books,2008,,Ledger: first-publication 2008,book,,true,,,,https://veritaspub.com/product/reality-spirituality-and-modern-man-book/,https://www.hayhouse.com/reality-spirituality-and-modern-man-paperback,,,https://www.amazon.com/Reality-Spirituality-Modern-David-Hawkins/dp/193339188X,,,,332,
294,w-transcending-the-levels,,,Transcending the Levels of Consciousness,2006 - Transcending the Levels of Consciousness.pdf,Transcending the Levels of Consciousness,,book,Books,2006,,Ledger: first-publication 2006,book,,true,,,,https://veritaspub.com/product/transcending-the-levels-of-consciousness-book/,https://www.hayhouse.com/traqnscending-the-levels-of-consciousness-paperback,,,https://www.amazon.com/Transcending-Levels-Consciousness-Stairway-Enlightenment/dp/B088ZQCQ5S,,,,333,
295,w-the-map-of-consciousness-explained,,,The Map of Consciousness Explained,2020 - The Map of Consciousness Explained.pdf,The Map of Consciousness Explained,,book,Books,2020,,Ledger: first-publication 2020,book,,true,,,,https://veritaspub.com/product/the-map-of-consciousness-explained/,https://www.hayhouse.com/the-map-of-consciousness-explained-paperback,,,https://www.amazon.com/Map-Consciousness-Explained-Energy-Spiritual/dp/1401961450,,,,334,
296,w-success-is-for-you,,,Success Is for You,2016 - Success Is for You.pdf,Success Is for You,,book,Books,2016,,Ledger: first-publication 2016,book,,true,,,,https://veritaspub.com/product/success-is-for-you-using-heart-centered-power-principles-for-lasting-abundance-and-fulfillment/,https://www.hayhouse.com/success-is-for-you-ebook,,,https://www.amazon.com/Success-You-Heart-Centered-Principles-Fulfillment/dp/1401951511,,,,335,
297,w-daily-reflections,,,Daily Reflections,2022 - Daily Reflections.pdf,Daily Reflections,,book,Books,2022,,Ledger: first-publication 2022,book,,true,,,,https://veritaspub.com/product/daily-reflections-from-dr-david-r-hawkins-365-contemplations-on-surrender-healing-and-consciousness/,https://www.hayhouse.com/daily-reflections-from-dr-david-r-hawkins-paperback,,,,,,,337,
298,w-along-the-path-to-enlightenment,,,Along the Path to Enlightenment,2011 - Along the Path to Enlightenment.pdf,Along the Path to Enlightenment,,book,Books,2011,,Ledger: first-publication 2011,book,,true,,,,,https://www.hayhouse.com/along-the-path-to-enlightenment-1,,,,,,,339,
299,w-dissolving-the-ego,,,Dissolving the Ego,2011 - Dissolving the Ego.pdf,Dissolving the Ego,,book,Books,2011,,Ledger: first-publication 2011,book,,true,,,,,https://www.hayhouse.com/dissolving-the-ego-realizing-the-self-1,,,,,,,340,
300,w-in-the-world-but-not-of-it,,,"In the World, But Not of It","2023 - In the World, But Not of It.pdf","In the World, But Not of It",,book,Books,2023,,Ledger: first-publication 2023,book,,true,,,,https://veritaspub.com/product/in-the-world-but-not-of-it-transforming-everyday-experience-into-a-spiritual-path/,https://www.hayhouse.com/in-the-world-but-not-of-it-paperback,,,,,,,341,
301,w-highest-level-of-enlightenment,,,The Highest Level of Enlightenment,2024 - The Highest Level of Enlightenment.pdf,The Highest Level of Enlightenment,,book,Books,2024,,Ledger: first-publication 2024,book,,true,,,,,https://www.hayhouse.com/the-highest-level-of-enlightenment-paperback,,,,,,,342,
303,w-the-path-to-spiritual-advancement-how-to,,,The Path to Spiritual Advancement: How to Transcend the Ego and Experience the Presence of God,2024 - The Path to Spiritual Advancement How to Transcend the Ego and Experience the Presence of God.pdf,The Path to Spiritual Advancement: How to Transcend the Ego and Experience the Presence of God,,book,Transcription Series Books,2024,,Ledger: first-publication 2024,book,,true,,,,https://veritaspub.com/product/the-path-to-spiritual-advancement-how-to-transcend-the-ego-and-experience-the-presence-of-god/,https://www.hayhouse.com/the-path-to-spiritual-advancement-paperback,,,,,,,347,
304,w-the-evolution-of-consciousness-navigatin,,,The Evolution of Consciousness: Navigating the Levels of Awareness and Unlocking Spiritual Potential,2024 - The Evolution of Consciousness Navigating the Levels of Awareness and Unlocking Spiritual Potential.pdf,The Evolution of Consciousness: Navigating the Levels of Awareness and Unlocking Spiritual Potential,,book,Transcription Series Books,2024,,Ledger: first-publication 2024,book,,true,,,,https://veritaspub.com/product/the-evolution-of-consciousness-navigating-the-levels-of-awareness-and-unlocking-spiritual-potential-transcriptions-from-the-march-and-april-2002-lectures/,https://www.hayhouse.com/the-evolution-of-consciousness-ebook,,,,,,,348,
305,w-beyond-illusion-exploring-perception-ego,,,"Beyond Illusion: Exploring Perception, Ego, and Meditation on the Path to Truth","2025 - Beyond Illusion Exploring Perception, Ego, and Meditation on the Path to Truth.pdf","Beyond Illusion: Exploring Perception, Ego, and Meditation on the Path to Truth",,book,Transcription Series Books,2025,,Ledger: first-publication 2025,book,,true,,,,https://veritaspub.com/product/beyond-illusion-exploring-perception-ego-and-meditation-on-the-path-to-truth/,https://www.hayhouse.com/beyond-illusion-paperback,,,,,,,349,
306,w-spiritual-power-and-integrity-uncovering,,,"Spiritual Power and Integrity: Uncovering Spiritual Reality and Realizing Peace, Love, and Divinity","2025 - Spiritual Power and Integrity Uncovering Spiritual Reality and Realizing Peace, Love, and Divinity.pdf","Spiritual Power and Integrity: Uncovering Spiritual Reality and Realizing Peace, Love, and Divinity",,book,Transcription Series Books,2025,,Ledger: first-publication 2025,book,,true,,,,https://veritaspub.com/product/spiritual-power-and-integrity-uncovering-spiritual-reality-and-realizing-peace-love-and-divinity/,https://www.hayhouse.com/spiritual-power-and-integrity-paperback,,,,,,,350,
307,w-karma-and-devotion-the-sacred-path-to-go,,,Karma and Devotion: The Sacred Path to God through the Heart,2025 - Karma and Devotion The Sacred Path to God through the Heart.pdf,Karma and Devotion: The Sacred Path to God through the Heart,,book,Transcription Series Books,2025,,Ledger: first-publication 2025,book,,true,,,,https://veritaspub.com/product/karma-and-devotion-the-sacred-path-to-god-through-the-heart/,https://www.hayhouse.com/karma-and-devotion-paperback,,,,,,,351,
308,w-the-final-doorway-to-enlightenment-praye,,,"The Final Doorway to Enlightenment: Prayer, Transcendence and Realization of the Self","2026 - The Final Doorway to Enlightenment Prayer, Transcendence and Realization of the Self.pdf","The Final Doorway to Enlightenment: Prayer, Transcendence and Realization of the Self",,book,Transcription Series Books,2026,,Ledger: first-publication 2026,book,,true,,,,https://veritaspub.com/product/the-final-doorway-to-enlightenment-prayer-transcendence-and-realization-of-the-self/,https://www.hayhouse.com/the-final-doorway-to-enlightenment-paperback,,,,,,,352,
309,w-progressive-levels-of-consciousness,,,Progressive Levels of Consciousness,2023-09 - Progressive Levels of Consciousness.mp4,Progressive Levels of Consciousness,,lecture,On The Road Talk Series,2023,09,Manual candidate blank → 2023,DVD,streaming video,,,,,https://veritaspub.com/product/progressive-levels-of-consciousness/,,,,,https://veritaspub.com/progressive-levels-of-consciousness/,,Promoted from official candidate manual-veritas-53277: Official page identifies an On-the-Road UK talk available through streaming video.,,candidate:manual-veritas-53277
310,w-mind-heart-and-service-the-pathway-of-de,LECTURE-2003-027,,"Mind, Heart and Service: The Pathway of Devotional Non-Duality","2003 - Mind, Heart and Service The Pathway of Devotional Non-Duality.mp4","Mind, Heart and Service: The Pathway of Devotional Non-Duality",,lecture,On The Road Talk Series,2003,,Manual candidate: 2003 (manual-veritas-54219),DVD,streaming video,,,,,https://veritaspub.com/product/mind-heart-and-service-the-pathway-of-devotional-non-duality/,,,,,https://veritaspub.com/mind-heart-and-service-the-pathway-of-devotional-non-duality-stream/,,Promoted from official candidate manual-veritas-54219: Official page identifies a 2003 Science of Mind church lecture available through streaming video.,,candidate:manual-veritas-54219
311,w-devotion-to-truth-talk,LECTURE-2003-028,,Devotion to Truth Talk,2003 - Devotion to Truth Talk.mp4,Devotion to Truth Talk,,lecture,On The Road Talk Series,2003,,Manual candidate: 2003 (manual-veritas-55473),DVD,streaming video,,,,,https://veritaspub.com/product/devotion-to-truth-talk/,,,,,https://veritaspub.com/devotion-to-truth-video/,,Promoted from official candidate manual-veritas-55473: Official page identifies a 2003 On-the-Road talk and makes the full lecture available through streaming video.,,candidate:manual-veritas-55473
312,w-permanent-inner-peace-2012,DISCUSSION-2012-007,,Permanent Inner Peace (2012),2012 - Permanent Inner Peace.mp4,Permanent Inner Peace (2012),,discussion,Discussion Series,2012,,Manual candidate: 2012 (manual-veritas-50485),streaming,streaming discussion/interview,,,,,https://veritaspub.com/product/permanent-inner-peace-2012/,,,,,https://veritaspub.com/2012-permanent-inner-peace/,,Promoted from official candidate manual-veritas-50485: Official page identifies a 2012 discussion/interview product.,,candidate:manual-veritas-50485
313,w-what-is-real-success-2012,DISCUSSION-2012-008,,What is Real Success? (2012),2012 - What is Real Success.mp4,What is Real Success? (2012),,discussion,Discussion Series,2012,,Manual candidate: 2012 (manual-veritas-50488),streaming,one disc; ~60 min; streaming,,,,,https://veritaspub.com/product/what-is-real-success/,,,,,https://veritaspub.com/2012-what-is-real-success/,,Promoted from official candidate manual-veritas-50488: Official page identifies a 2012 one-disc discussion/interview of approximately 60 minutes.,,candidate:manual-veritas-50488
314,w-book-of-slides-the-complete-collection,,,Book of Slides (The Complete Collection),2018 - Book of Slides (The Complete Collection).pdf,Book of Slides (The Complete Collection),,book,Books,2018,,Manual candidate: 2018 (manual-veritas-38608),book,large softcover; 655 pages,,,,,https://veritaspub.com/product/book-of-slides-the-complete-collection/,,,,,,,Promoted from official candidate manual-veritas-38608: Official page identifies a 655-page book compendium of lecture slides from 2002–2011.,,candidate:manual-veritas-38608
315,w-the-power-of-love-a-transformed-heart-ch,,,The Power of Love: A Transformed Heart Changes the World,2020 - The Power of Love A Transformed Heart Changes the World.pdf,The Power of Love: A Transformed Heart Changes the World,,book,Books,2020,,Manual candidate: 2020 (manual-veritas-43146),book,softcover; 715 pages,,,,,https://veritaspub.com/product/the-power-of-love-a-transformed-heart-changes-the-world-sc/,https://www.hayhouse.com/power-of-love-hardcover,,,,,,"Promoted from official candidate manual-veritas-43146: Official page identifies Fran Grace’s book dedicated to Hawkins and Susan, with interview material.",,candidate:manual-veritas-43146
316,w-the-ego-is-not-the-real-you,,,The Ego is Not the Real You,2021 - The Ego is Not the Real You.pdf,The Ego is Not the Real You,,book,Books,2021,,Manual candidate: 2021 (manual-veritas-47979),book,paperback; 151 pages,,,,,https://veritaspub.com/product/the-ego-is-not-the-real-you/,https://www.hayhouse.com/the-ego-is-not-the-real-you-paperback-us,,,,,,Promoted from official candidate manual-veritas-47979: Official page identifies a paperback collection of selected Hawkins teachings and quotes.,,candidate:manual-veritas-47979
317,w-life-with-doc-my-husband-my-teacher-dr-d,,,"Life with “Doc” My Husband & My Teacher, Dr. David R. Hawkins","2022 - Life with “Doc” My Husband & My Teacher, Dr. David R. Hawkins.pdf","Life with “Doc” My Husband & My Teacher, Dr. David R. Hawkins",,book,Books,2022,,Manual candidate: 2022 (manual-veritas-53036),book,memoir / biography,,,,,https://veritaspub.com/product/life-with-doc-my-husband-my-teacher-dr-david-r-hawkins/,,,,,,,Promoted from official candidate manual-veritas-53036: Official page identifies Susan Hawkins’s memoir and inside account.,,candidate:manual-veritas-53036
318,w-the-wisdom-of-dr-david-r-hawkins-classic,,,The Wisdom of Dr. David R. Hawkins: Classic Teachings on Spiritual Truth and Enlightenment,2023 - The Wisdom of Dr. David R. Hawkins Classic Teachings on Spiritual Truth and Enlightenment.pdf,The Wisdom of Dr. David R. Hawkins: Classic Teachings on Spiritual Truth and Enlightenment,,book,Books,2023,,Manual candidate: 2023 (manual-veritas-53058),book,collection of ten core teachings,,,,,https://veritaspub.com/product/the-wisdom-of-dr-david-r-hawkins-classic-teachings-on-spiritual-truth-and-enlightenment/,https://www.hayhouse.com/wisdom-of-dr-david-r-hawkins-paperback,,,,,,Promoted from official candidate manual-veritas-53058: Official page identifies a book collecting ten core teachings and excerpts.,,candidate:manual-veritas-53058
319,w-the-man-who-mapped-consciousness-life-an,,,The Man Who Mapped Consciousness: Life and Legacy of Dr. David R. Hawkins,2025 - The Man Who Mapped Consciousness Life and Legacy of Dr. David R. Hawkins.pdf,The Man Who Mapped Consciousness: Life and Legacy of Dr. David R. Hawkins,,book,Books,2025,,Manual candidate: 2025 (manual-veritas-55425),book,biography,,,,,https://veritaspub.com/product/the-man-who-mapped-consciousness-life-and-legacy-of-dr-david-r-hawkins/,https://www.hayhouse.com/shop-by-topic/self-help/the-man-who-mapped-consciousness-paperback,,,,,,Promoted from official candidate manual-veritas-55425: Official page identifies a biography of Hawkins’s life and legacy.,,candidate:manual-veritas-55425
344,w-satsang-series-jan-2006,LECTURE-2006-025,,Satsang Series (Jan 2006),2006-01 - Satsang Series.mp3,Satsang Series (Jan 2006),,lecture,Satsang Series,2006,01,Manual candidate: 2006 (manual-veritas-satsang-1304),CD,,,,,,https://veritaspub.com/product/satsang-series-1-january-11-2006-held-at-st-andrews-episcopal-church-in-sedona-arizona/,,,,,,,Promoted from official candidate manual-veritas-satsang-1304: New-work candidate per SATSANG_MAPPING_DECISIONS.md Addendum (2026-08-03): missing collection month; no master overlap; ownership unknown.,,candidate:manual-veritas-satsang-1304
345,w-satsang-series-mar-2006,LECTURE-2006-026,,Satsang Series (Mar 2006),2006-03 - Satsang Series.mp3,Satsang Series (Mar 2006),,lecture,Satsang Series,2006,03,Manual candidate: 2006 (manual-veritas-satsang-1306),CD,,,,,,https://veritaspub.com/product/satsang-series-mar-2006-cd/,,,,,,,Promoted from official candidate manual-veritas-satsang-1306: New-work candidate per SATSANG_MAPPING_DECISIONS.md Addendum (2026-08-03): missing collection month; no master overlap; ownership unknown.,,candidate:manual-veritas-satsang-1306
346,w-satsang-series-may-2006,LECTURE-2006-027,,Satsang Series (May 2006),2006-05 - Satsang Series.mp3,Satsang Series (May 2006),,lecture,Satsang Series,2006,05,Manual candidate: 2006 (manual-veritas-satsang-1308),CD,,,,,,https://veritaspub.com/product/satsang-series-3-may-10-2006-held-at-the-sedona-creative-life-center-in-sedona-arizona/,,,,,,,Promoted from official candidate manual-veritas-satsang-1308: New-work candidate per SATSANG_MAPPING_DECISIONS.md Addendum (2026-08-03): missing collection month; no master overlap; ownership unknown.,,candidate:manual-veritas-satsang-1308
347,w-satsang-series-jul-2006,LECTURE-2006-028,,Satsang Series (Jul 2006),2006-07 - Satsang Series.mp3,Satsang Series (Jul 2006),,lecture,Satsang Series,2006,07,Manual candidate: 2006 (manual-veritas-satsang-1310),CD,,,,,,https://veritaspub.com/product/satsang-series-jul-2006-cd/,,,,,,,Promoted from official candidate manual-veritas-satsang-1310: New-work candidate per SATSANG_MAPPING_DECISIONS.md Addendum (2026-08-03): missing collection month; no master overlap; ownership unknown.,,candidate:manual-veritas-satsang-1310
348,w-satsang-series-sep-2006,LECTURE-2006-029,,Satsang Series (Sep 2006),2006-09 - Satsang Series.mp3,Satsang Series (Sep 2006),,lecture,Satsang Series,2006,09,Manual candidate: 2006 (manual-veritas-satsang-1312),CD,,,,,,https://veritaspub.com/product/satsang-series-sept-2006-cd/,,,,,,,Promoted from official candidate manual-veritas-satsang-1312: New-work candidate per SATSANG_MAPPING_DECISIONS.md Addendum (2026-08-03): missing collection month; no master overlap; ownership unknown.,,candidate:manual-veritas-satsang-1312
349,w-satsang-series-nov-2006,LECTURE-2006-030,,Satsang Series (Nov 2006),2006-11 - Satsang Series.mp3,Satsang Series (Nov 2006),,lecture,Satsang Series,2006,11,Manual candidate: 2006 (manual-veritas-satsang-1314),CD,,,,,,https://veritaspub.com/product/satsang-series-nov-2006-cd/,,,,,,,Promoted from official candidate manual-veritas-satsang-1314: New-work candidate per SATSANG_MAPPING_DECISIONS.md Addendum (2026-08-03): missing collection month; no master overlap; ownership unknown.,,candidate:manual-veritas-satsang-1314
350,w-satsang-series-jul-2008,LECTURE-2008-024,,Satsang Series (Jul 2008),2008-07 - Satsang Series.mp3,Satsang Series (Jul 2008),,lecture,Satsang Series,2008,07,Manual candidate: 2008 (manual-veritas-satsang-1639),CD,,,,,,https://veritaspub.com/product/satsang-series-2-july-9-2008/,,,,,,,Promoted from official candidate manual-veritas-satsang-1639: New-work candidate per SATSANG_MAPPING_DECISIONS.md Addendum (2026-08-03): missing collection month; no master overlap; ownership unknown.,,candidate:manual-veritas-satsang-1639
351,w-satsang-series-jun-2010,LECTURE-2010-009,,Satsang Series (Jun 2010),2010-06 - Satsang Series.mp3,Satsang Series (Jun 2010),,lecture,Satsang Series,2010,06,Manual candidate: 2010 (manual-veritas-satsang-1697),CD,,,,,,https://veritaspub.com/product/satsang-series-june-2010-cd/,,,,,,,Promoted from official candidate manual-veritas-satsang-1697: New-work candidate per SATSANG_MAPPING_DECISIONS.md Addendum (2026-08-03): missing collection month; no master overlap; ownership unknown.,,candidate:manual-veritas-satsang-1697
352,w-satsang-series-sep-2010,LECTURE-2010-010,,Satsang Series (Sep 2010),2010-09 - Satsang Series.mp3,Satsang Series (Sep 2010),,lecture,Satsang Series,2010,09,Manual candidate: 2010 (manual-veritas-satsang-1699),CD,,,,,,https://veritaspub.com/product/satsang-series-3-september-1-2010/,,,,,,,Promoted from official candidate manual-veritas-satsang-1699: New-work candidate per SATSANG_MAPPING_DECISIONS.md Addendum (2026-08-03): missing collection month; no master overlap; ownership unknown.,,candidate:manual-veritas-satsang-1699
353,w-giving-up-illness,,,Giving Up Illness through A Course in Miracles© – Audio,2007-03 - Giving Up Illness through A Course in Miracles© – Audio.mp3,Giving Up Illness through A Course in Miracles© – Audio,,lecture,Media Miscellaneous,2007,03,Manual candidate blank → 2007,CD,three CD; 3h45m,,,,,https://veritaspub.com/product/giving-up-illness-through-a-course-in-miracles/,,,,,,,Promoted from official candidate manual-veritas-1544: Official page identifies a three-CD 3h45m audio presentation.,,candidate:manual-veritas-1544
354,w-unity-church-sedona-2005,LECTURE-2005-032,,Unity Church of Sedona 2005 March (CD),2005-03 - Unity Church of Sedona (CD).mp3,Unity Church of Sedona 2005 March (CD),,lecture,On The Road Talk Series,2005,,Manual candidate: 2005 (manual-veritas-1546),CD,one CD; 67 min,,,,,https://veritaspub.com/product/unity-church-of-sedona-march-6th-2005/,,,,,,,Promoted from official candidate manual-veritas-1546: Official page identifies a one-CD 67-minute March 2005 presentation.,,candidate:manual-veritas-1546
355,w-unity-church-sedona-2006,LECTURE-2006-031,,Unity Church of Sedona 2006 June (CD),2006-06 - Unity Church of Sedona (CD).mp3,Unity Church of Sedona 2006 June (CD),,lecture,On The Road Talk Series,2006,,Manual candidate: 2006 (manual-veritas-1548),CD,one CD; 60 min,,,,,https://veritaspub.com/product/unity-church-of-sedona-june-2006-cd/,,,,,,,Promoted from official candidate manual-veritas-1548: Official page identifies a one-CD 60-minute June 2006 presentation.,,candidate:manual-veritas-1548
356,w-dont-set-sail-without-a-compass,,,Don’t Set Sail Without A Compass – Audio,2014-05 - Don’t Set Sail Without A Compass – Audio.mp3,Don’t Set Sail Without A Compass – Audio,,lecture,Media Miscellaneous,2014,05,Manual candidate blank → 2014,CD,one CD; 67 min,,,,,https://veritaspub.com/product/dont-set-sail-without-a-compass/,,,,,,,Promoted from official candidate manual-veritas-1792: Official page identifies a one-CD 67-minute audio product.,,candidate:manual-veritas-1792
357,w-peace-is-the-natural-state,,,Peace is the Natural State,2014-01 - Peace is the Natural State.mp3,Peace is the Natural State,,lecture,On The Road Talk Series,2014,01,Manual candidate blank → 2014,CD,On-the-Road audio,,,,,https://veritaspub.com/product/peace-is-the-natural-state/,,,,,,,Promoted from official candidate manual-veritas-1814: Official page identifies an On-the-Road audio product.,,candidate:manual-veritas-1814
358,w-essence-of-letting-go,,,The Essence of Letting Go: A Living Transmission of Truth,2025-09 - The Essence of Letting Go A Living Transmission of Truth.m4b,The Essence of Letting Go: A Living Transmission of Truth,,lecture,Media Miscellaneous,2025,09,Manual candidate blank → 2025,audiobook,original 12-session audio program,,,,,https://veritaspub.com/product/the-essence-of-letting-go-a-living-transmission-of-truth/,,,,,,,Promoted from official candidate manual-veritas-55576: Official page identifies an original 12-session audio program drawing on multiple earlier teachings.,,candidate:manual-veritas-55576
359,w-orthomolecular-psychiatry,,,Orthomolecular Psychiatry: Treatment of Schizophrenia,1973 - Orthomolecular Psychiatry Treatment of Schizophrenia.pdf,Orthomolecular Psychiatry: Treatment of Schizophrenia,,book,Academic,1973,,Academic: 1973 first-publication,book,hardcover; 697 pages; W.H. Freeman; ISBN 0716708981,,,,,,,,,,https://www.amazon.com/Orthomolecular-Psychiatry-Schizophrenia-David-Hawkins/dp/0716708981,,"Promoted from official candidate manual-academic-orthomolecular-1973: Co-authored with Linus Pauling (double Nobel laureate), W.H. Freeman 1973, 697 pages, ISBN 0716708981, early psychiatric academic work pre-dating spiritual corpus; listed in BookNotification, EverybodyWiki, Wellcome Collection; part of completeness audit for all Hawkins material ever produced.",,candidate:manual-academic-orthomolecular-1973
360,w-qualitative-quantitative-analysis,,,Qualitative and Quantitative Analysis and Calibration of the Level of Human Consciousness,1998 - Qualitative and Quantitative Analysis and Calibration of the Level of Human Consciousness.pdf,Qualitative and Quantitative Analysis and Calibration of the Level of Human Consciousness,,book,Academic,1998,,Academic: 1998 first-publication,book,spiral-bound; 200 pages; Veritas Pub; ISBN 0964326183,,,,,,,,,,https://www.amazon.com/Qualitative-Quantitative-analysis-calibration-consciousness/dp/0964326183,,"Promoted from official candidate manual-academic-qualitative-1998: Doctoral dissertation published by Veritas Publishing 1998-01-31, 200 pages, spiral-bound, ISBN 0964326183; defines Scale of Consciousness; evidence: Amazon, Open Library OL11707875M, BooksRun; completeness audit.",,candidate:manual-academic-qualitative-1998
361,w-dialogues-on-consciousness,,,Dialogues on Consciousness and Spirituality,1998 - Dialogues on Consciousness and Spirituality.pdf,Dialogues on Consciousness and Spirituality,,book,Academic,1998,,Academic: 1998 first-publication,book,spiral-bound; 94 pages; Veritas Publishing; ISBN 0964326175,,,,,,,,,,https://www.amazon.com/Dialogues-Consciousness-Spirituality-David-Hawkins/dp/0964326175,,"Promoted from official candidate manual-academic-dialogues-1998: Veritas Publishing 1998-01-01, 94 pages, spiral-bound, ISBN 0964326175; early transcript collection; evidence: Amazon, AbeBooks, Goodreads, Open Library; completeness audit.",,candidate:manual-academic-dialogues-1998
362,w-highlights-2002-1-6,,,Highlights of the 2002 Lectures 1-6,Highlights of the 2002 Lectures 1-6.mp4,Highlights of the 2002 Lectures 1-6,,highlight,Lecture Highlights,2002,,Manual candidate: 2002 (manual-veritas-1800),streaming,,,,,,https://veritaspub.com/product/the-way-to-god-highlights-of-the-first-6-lectures-of-2002-dvd/,,,,,,,"Promoted from official candidate manual-veritas-1800: Official Veritas product 1800 (title 'Highlights of the 2002 Lectures 1-6'); product page lists it as a streaming compilation of the 2002 lectures. Owner ruling 2026-08-07: promote to curated master, series Lecture Highlights, year 2002.",,candidate:manual-veritas-1800
363,w-highlights-2002-7-12,,,Highlights of the 2002 Lectures 7-12,Highlights of the 2002 Lectures 7-12.mp4,Highlights of the 2002 Lectures 7-12,,highlight,Lecture Highlights,2002,,Manual candidate: 2002 (manual-veritas-1808),streaming,,,,,,https://veritaspub.com/product/highlights-of-the-last-6-lectures-of-2002/,,,,,,,"Promoted from official candidate manual-veritas-1808: Official Veritas product 1808 (title 'Highlights of the 2002 Lectures 7-12'); product page lists it as a streaming compilation of the 2002 lectures. Owner ruling 2026-08-07: promote to curated master, series Lecture Highlights, year 2002.",,candidate:manual-veritas-1808
364,w-highlights-2003,,,Highlights of the 2003 Lectures,Highlights of the 2003 Lectures.mp4,Highlights of the 2003 Lectures,,highlight,Lecture Highlights,2003,,Manual candidate: 2003 (manual-veritas-1824),streaming,,,,,,https://veritaspub.com/product/highlights-of-the-lectures-of-2003/,,,,,,,"Promoted from official candidate manual-veritas-1824: Official Veritas product 1824 (title 'Highlights of the 2003 Lectures'); product page lists it as a streaming compilation of the 2003 lectures. Owner ruling 2026-08-07: promote to curated master, series Lecture Highlights, year 2003.",,candidate:manual-veritas-1824
365,w-highlights-2004,,,Highlights of the 2004 Lectures,Highlights of the 2004 Lectures.mp4,Highlights of the 2004 Lectures,,highlight,Lecture Highlights,2004,,Manual candidate: 2004 (manual-veritas-36857),streaming,,,,,,https://veritaspub.com/product/highlights-of-the-lectures-of-2004/,,,,,,,"Promoted from official candidate manual-veritas-36857: Official Veritas product 36857 (title 'Highlights of the 2004 Lectures'); product page lists it as a streaming compilation of the 2004 lectures. Owner ruling 2026-08-07: promote to curated master, series Lecture Highlights, year 2004.",,candidate:manual-veritas-36857
366,w-highlights-2005,,,Highlights of the 2005 Lectures,Highlights of the 2005 Lectures.mp4,Highlights of the 2005 Lectures,,highlight,Lecture Highlights,2005,,Manual candidate: 2005 (manual-veritas-39238),streaming,,,,,,https://veritaspub.com/product/highlights-lectures-2005/,,,,,,,"Promoted from official candidate manual-veritas-39238: Official Veritas product 39238 (title 'Highlights of the 2005 Lectures'); product page lists it as a streaming compilation of the 2005 lectures. Owner ruling 2026-08-07: promote to curated master, series Lecture Highlights, year 2005.",,candidate:manual-veritas-39238
367,w-highlights-2006,,,Highlights of the 2006 Lectures,Highlights of the 2006 Lectures.mp4,Highlights of the 2006 Lectures,,highlight,Lecture Highlights,2006,,Manual candidate: 2006 (manual-veritas-40747),streaming,,,,,,https://veritaspub.com/product/highlights-of-the-lectures-of-2006/,,,,,,,"Promoted from official candidate manual-veritas-40747: Official Veritas product 40747 (title 'Highlights of the 2006 Lectures'); product page lists it as a streaming compilation of the 2006 lectures. Owner ruling 2026-08-07: promote to curated master, series Lecture Highlights, year 2006.",,candidate:manual-veritas-40747
368,w-highlights-2007,,,Highlights of the 2007 Lectures,Highlights of the 2007 Lectures.mp4,Highlights of the 2007 Lectures,,highlight,Lecture Highlights,2007,,Manual candidate: 2007 (manual-veritas-44429),streaming,,,,,,https://veritaspub.com/product/highlights-of-the-2007-lectures/,,,,,,,"Promoted from official candidate manual-veritas-44429: Official Veritas product 44429 (title 'Highlights of the 2007 Lectures'); product page lists it as a streaming compilation of the 2007 lectures. Owner ruling 2026-08-07: promote to curated master, series Lecture Highlights, year 2007.",,candidate:manual-veritas-44429
369,w-discovery,LECTURE-2007-034,,The Discovery,2007 - The Discovery.m4b,The Discovery,,lecture,Nightingale-Conant,2007,,Manual candidate: 2007 (manual-audible-discovery),audiobook,,,,,,,,https://www.nightingale.com/products/the-discovery,https://www.audible.com/pd/The-Discovery-Audiobook/B00NO7TMRI,,https://www.audible.com/pd/The-Discovery-Audiobook/B00NO7TMRI,,"Promoted from official candidate manual-audible-discovery: Official Nightingale-Conant program 'The Discovery: Revealing the Presence of God in Your Life' (7 sessions, 6h58m, by David Hawkins; live NC + Audible pages verified 2026-08-07). (c)2007 David Hawkins (P)2007 Nightingale Conant. No existing master matches; unique work promoted per owner ruling 2026-08-07.",,candidate:manual-audible-discovery
370,w-ultimate-library,LECTURE-2016-001,,The Ultimate David Hawkins Library,2016 - The Ultimate David Hawkins Library.m4b,The Ultimate David Hawkins Library,,lecture,Nightingale-Conant,2016,,Manual candidate: 2016 (manual-audible-ultimate-library),audiobook,,,,,,,,https://www.nightingale.com/products/the-ultimate-david-hawkins-library,https://www.audible.com/pd/The-Ultimate-David-Hawkins-Library-Audiobook/B01ENWKFOQ,,https://www.audible.com/pd/The-Ultimate-David-Hawkins-Library-Audiobook/B01ENWKFOQ,,Promoted from official candidate manual-audible-ultimate-library: Official Nightingale-Conant 'The Ultimate David Hawkins Library' (10 volumes of classic segments from Hawkins' five NC programs plus bonus; 10h17m; live NC + Audible pages verified 2026-08-07). (c)2016 Dr. David Hawkins (P)2016 Nightingale-Conant. No existing master matches; unique compilation promoted per owner ruling 2026-08-07.,,candidate:manual-audible-ultimate-library
371,w-om,,,OM,2017 - OM.m4b,OM,,other,Media Miscellaneous,2017,,Manual candidate: 2017 (manual-audible-om),audiobook,,,,,,,,,https://www.audible.com/pd/OM-Audiobook/B09YFZQ121,,https://www.audible.com/pd/OM-Audiobook/B09YFZQ121,,"Promoted from official candidate manual-audible-om: Audible listing of the mantra recording 'OM' by Dr. Hawkins with a 300-year-old Tibetan bell (59 min, meditation; publisher Veritas Publishing; (c)2017 Institute for Spiritual Research (P)2022; live Audible page verified 2026-08-07). No existing master matches; unique recording promoted per owner ruling 2026-08-07.",,candidate:manual-audible-om
372,w-how-to-surrender-to-god,LECTURE-2019-001,,How to Surrender to God,2019 - How to Surrender to God.m4b,How to Surrender to God,,lecture,Hay House,2019,,Manual candidate: 2019 (manual-hayhouse-how-to-surrender),audiobook,,,,,,,https://www.hayhouse.com/how-to-surrender-to-god-audiodownload,,,,https://www.hayhouse.com/how-to-surrender-to-god-audiodownload,,"Promoted from official candidate manual-hayhouse-how-to-surrender: Official Hay House audiobook 'How to Surrender to God: The Path to Enlightenment Through Letting Go' by Sir David R. Hawkins, M.D. Ph.D. (7 tracks + supplemental, 3h06m, ISBN 9781401960506, published 2019-12-19; live Hay House product page verified 2026-08-07). No existing master matches; unique program promoted per owner ruling 2026-08-07.",,candidate:manual-hayhouse-how-to-surrender
320,w-power-vs-force,,,Power vs. Force (Audiobook),1995 - Power vs. Force [1-2].m4b,Power vs. Force (Audiobook),,book,Books,1995,,Edition promotion: 1995,audiobook,Audiobook,true,,,,,,,https://www.audible.com/pd/Power-vs-Force-Audiobook/B002V5GOH0,,,,Promoted edition audio of work w-power-vs-force from candidate edition-audible-pvf: Audible audiobook edition of the Power vs Force work; Audible inventory row matched_by_title.,,candidate:edition-audible-pvf
321,w-eye-of-the-i,,,The Eye of the I (Audiobook),2001 - The Eye of the I.m4b,The Eye of the I (Audiobook),,book,Books,2001,,Edition promotion: 2001,audiobook,Audiobook,true,,,,,,,https://www.audible.com/pd/The-Eye-of-the-I-Audiobook/1401962459,,,,Promoted edition audio of work w-eye-of-the-i from candidate edition-audible-eye: Audible audiobook edition; Audible inventory row matched_by_title.,,candidate:edition-audible-eye
322,w-truth-vs-falsehood,,,Truth Vs Falsehood (Audiobook),2005 - Truth Vs Falsehood.m4b,Truth Vs Falsehood (Audiobook),,book,Books,2005,,Edition promotion: 2005,audiobook,Audiobook,true,,,,,,,https://www.audible.com/pd/Truths-vs-Falsehood-Audiobook/B00NWS4SQO,,,,Promoted edition audio of work w-truth-vs-falsehood from candidate edition-audible-tvf: Audible audiobook edition; Audible inventory row matched_by_title.,,candidate:edition-audible-tvf
323,w-letting-go,,,Letting Go (Audiobook),2012 - Letting Go.m4b,Letting Go (Audiobook),,book,Books,2012,,Edition promotion: 2012,audiobook,Audiobook,true,,,,,,,https://www.audible.com/pd/Letting-Go-Audiobook/B00ZJFQN9I,,,,Promoted edition audio of work w-letting-go from candidate edition-audible-lettinggo: Audible audiobook edition; Audible inventory row matched_by_title.,,candidate:edition-audible-lettinggo
324,w-healing-and-recovery,,,Healing and Recovery (Audiobook),2009 - Healing and Recovery.m4b,Healing and Recovery (Audiobook),,book,Books,2009,,Edition promotion: 2009,audiobook,Audiobook,true,,,,,,,https://www.audible.com/pd/Healing-and-Recovery-Audiobook/1401962440,,,,Promoted edition audio of work w-healing-and-recovery from candidate edition-audible-healing: Audible audiobook edition; Audible inventory row matched_by_title.,,candidate:edition-audible-healing
325,w-transcending-the-levels,,,Transcending the Levels of Consciousness (Audiobook),2006 - Transcending the Levels of Consciousness.m4b,Transcending the Levels of Consciousness (Audiobook),,book,Books,2006,,Edition promotion: 2006,audiobook,Audiobook,true,,,,,,,https://www.audible.com/pd/Transcending-the-Levels-of-Consciousness-Audiobook/1401961878,,,,Promoted edition audio of work w-transcending-the-levels from candidate edition-audible-transcending: Audible audiobook edition; Audible inventory row matched_by_title.,,candidate:edition-audible-transcending
326,w-in-the-world-but-not-of-it,,,In The World But Not Of It (Audiobook),2023 - In The World But Not Of It.m4b,In The World But Not Of It (Audiobook),,book,Books,2023,,Edition promotion: 2023,audiobook,Audiobook,true,,,,,,,https://www.audible.com/pd/In-the-World-but-Not-of-It-Audiobook/B00NMUQ8DS,,,,Promoted edition audio of work w-in-the-world-but-not-of-it from candidate edition-audible-itwbnoi: Audible audiobook edition; Audible inventory row matched_by_title.,,candidate:edition-audible-itwbnoi
327,w-truth-vs-falsehood,,,Truth vs. Falsehood: The Art of Spiritual Discernment (CD & DVD set),2011-11 - Truth vs. Falsehood The Art of Spiritual Discernment (CD & DVD set).mp4,Truth vs. Falsehood: The Art of Spiritual Discernment (CD & DVD set),,lecture,Books,2011,11,Veritas listing backfill (edition) product 1728 2011-11-03,DVD,CD & DVD set,,,,,https://veritaspub.com/product/truth-vs-falsehood-the-art-of-spiritual-discernment/,,https://www.nightingale.com/products/truth-vs-falsehood,,,,,Promoted edition video of work w-truth-vs-falsehood from candidate edition-veritas-tvf-cddvd: Veritas product 1728; video/audio set edition of the work; inventory status unreviewed_official_product.,,candidate:edition-veritas-tvf-cddvd
328,w-healing-and-recovery,,,Healing: Achieving Total Wellness Through Higher Levels of Consciousness,2010-07 - Healing Achieving Total Wellness Through Higher Levels of Consciousness.m4b,Healing: Achieving Total Wellness Through Higher Levels of Consciousness,,lecture,Books,2010,07,Veritas listing backfill (edition) product 1695 2010-07-12,audiobook,Audio program,,,,,https://veritaspub.com/product/healing-achieving-total-wellness-through-higher-levels-of-consciousness-by-david-r-hawkins-m-d-ph-d/,,https://www.nightingale.com/products/healing,,,,,Promoted edition audio of work w-healing-and-recovery from candidate edition-veritas-healing-audio: Veritas product 1695; audio edition of the work; inventory status unreviewed_official_product.,,candidate:edition-veritas-healing-audio
329,w-in-the-world-but-not-of-it,,,“In the World But Not of It” – Audio,2009-01 - “In the World But Not of It” – Audio.mp3,“In the World But Not of It” – Audio,,lecture,Books,2009,01,Veritas listing backfill (edition) product 1661 2009-01-28,CD,6-CD set (Nightingale-Conant),,,,,https://veritaspub.com/product/in-the-world-but-not-of-it-cd/,,https://www.nightingale.com/products/in-the-world-but-not-of-it,,,,,Promoted edition audio of work w-in-the-world-but-not-of-it from candidate edition-veritas-itwbnoi-audio: Veritas product 1661; Nightingale-Conant 6-CD audio edition; inventory status matched_by_normalized_title.,,candidate:edition-veritas-itwbnoi-audio
330,w-highest-level-of-enlightenment,,,The Highest Level of Enlightenment – Audio,2012-06 - The Highest Level of Enlightenment.m4b,The Highest Level of Enlightenment – Audio,,lecture,Books,2012,06,Veritas listing backfill (edition) product 1742 2012-06-15,audiobook,Audio program,,,,,https://veritaspub.com/product/the-highest-level-of-enlightenment/,,https://www.nightingale.com/products/the-highest-level-of-enlightenment,,,,,Promoted edition audio of work w-highest-level-of-enlightenment from candidate edition-veritas-hle-audio: Veritas product 1742; audio edition (Veritas sells this work audio-only); inventory status unreviewed_official_product.,,candidate:edition-veritas-hle-audio
331,w-power-vs-force,,,Power vs. Force Audio Book,1995 - Power vs. Force [2-2].m4b,Power vs. Force Audio Book,,book,Volume Series,1995,,Edition promotion: 1995,audiobook,Audiobook,,,,,https://veritaspub.com/product/power-vs-force-the-hidden-determinants-of-human-behavior-2/,,,,,,,Promoted edition audio of work w-power-vs-force from candidate edition-veritas-pvf-audiobook: Veritas product 1542; audiobook edition of the Power vs Force work; currently related_material on lecture 202 - REQUIRES RULING on family placement.,,candidate:edition-veritas-pvf-audiobook
332,w-highest-level-of-enlightenment,,,The Highest Level of Enlightenment (Audiobook),2024 - The Highest Level of Enlightenment.m4b,The Highest Level of Enlightenment (Audiobook),,book,Books,2024,,Edition promotion: 2024,audiobook,Audiobook,true,,,,,,,https://www.audible.com/pd/The-Highest-Level-of-Enlightenment-Audiobook/B00O3I950G,,,,Promoted edition audio of work w-highest-level-of-enlightenment from candidate edition-audible-hle: Audible audiobook edition of the book; Audible inventory row matched_by_title.,,candidate:edition-audible-hle
333,w-nature-of-divinity,,,The Way to God: The Nature of Divinity vs. Religious Fallacy (Audiobook),2002 - The Way to God The Nature of Divinity vs. Religious Fallacy.m4b,The Way to God: The Nature of Divinity vs. Religious Fallacy (Audiobook),,lecture,The Way to God,2002,,Edition inherited from matched master 19 (2002),audiobook,Audiobook,true,,,,,,,https://www.audible.com/pd/The-Way-to-God-The-Nature-of-Divinity-vs-Religious-Fallacy-Audiobook/B006ZBQNBS,,,,Promoted edition audio of work w-nature-of-divinity from candidate edition-audible-wtg-nature: Audible audiobook edition of the lecture part; Audible inventory row matched_by_title.,,candidate:edition-audible-wtg-nature
334,w-advaita,,,The Way to God: Advaita - The Way to God Through Mind (Audiobook),2002 - The Way to God Advaita - The Way to God Through Mind.m4b,The Way to God: Advaita - The Way to God Through Mind (Audiobook),,lecture,The Way to God,2002,,Edition inherited from matched master 22 (2002),audiobook,Audiobook,true,,,,,,,https://www.audible.com/pd/The-Way-to-God-Advaita-The-Way-to-God-Through-Mind-Audiobook/B006ZBQF8Y,,,,Promoted edition audio of work w-advaita from candidate edition-audible-wtg-advaita: Audible audiobook edition of the lecture part; Audible inventory row matched_by_title.,,candidate:edition-audible-wtg-advaita
335,w-realizing-root,,,The Way to God: Realizing the Root of Consciousness (Audiobook),2002 - The Way to God Realizing the Root of Consciousness.m4b,The Way to God: Realizing the Root of Consciousness (Audiobook),,lecture,The Way to God,2002,,Edition inherited from matched master 13 (2002),audiobook,Audiobook,true,,,,,,,https://www.audible.com/pd/The-Way-to-God-Realizing-the-Root-of-Consciousness-Meditative-Comtemplative-Techniques-Audiobook/B006W15XZI,,,,Promoted edition audio of work w-realizing-root from candidate edition-audible-wtg-root: Audible audiobook edition of the lecture part; Audible inventory row matched_by_title.,,candidate:edition-audible-wtg-root
336,w-intention,,,Devotional Nonduality Intensive: Intention (Audiobook),2005 - Devotional Nonduality Intensive Intention.m4b,Devotional Nonduality Intensive: Intention (Audiobook),,lecture,Nonduality Intensive,2005,,Edition inherited from matched master 79 (2005),audiobook,Audiobook,true,,,,,,,https://www.audible.com/pd/Devotional-Nonduality-Intensive-Intention-Audiobook/B009LKPYRY,,,,Promoted edition audio of work w-intention from candidate edition-audible-dni-intention: Audible audiobook edition of the lecture part; Audible inventory row matched_by_title.,,candidate:edition-audible-dni-intention
337,w-alignment,,,Devotional Nonduality Intensive: Alignment (Audiobook),2005 - Devotional Nonduality Intensive Alignment.m4b,Devotional Nonduality Intensive: Alignment (Audiobook),,lecture,Nonduality Intensive,2005,,Edition inherited from matched master 76 (2005),audiobook,Audiobook,true,,,,,,,https://www.audible.com/pd/Devotional-Nonduality-Intensive-Alignment-Audiobook/B009LLI07Y,,,,Promoted edition audio of work w-alignment from candidate edition-audible-dni-alignment: Audible audiobook edition of the lecture part; Audible inventory row matched_by_title.,,candidate:edition-audible-dni-alignment
338,w-identification-illusion,,,Transcending the Mind Series: Identification & Illusion (Audiobook),2004 - Transcending the Mind Series Identification & Illusion.m4b,Transcending the Mind Series: Identification & Illusion (Audiobook),,lecture,Transcending the Mind,2004,,Edition inherited from matched master 64 (2004),audiobook,Audiobook,true,,,,,,,https://www.audible.com/pd/Transcending-the-Mind-Series-Identification-Illusion-Audiobook/B008Y23T9U,,,,Promoted edition audio of work w-identification-illusion from candidate edition-audible-tms-id: Audible audiobook edition of the lecture part; Audible inventory row matched_by_title.,,candidate:edition-audible-tms-id
339,w-emotions-sensations,,,Transcending the Mind Series: Emotions & Sensations (Audiobook),2004 - Transcending the Mind Series Emotions & Sensations.m4b,Transcending the Mind Series: Emotions & Sensations (Audiobook),,lecture,Transcending the Mind,2004,,Edition inherited from matched master 61 (2004),audiobook,Audiobook,true,,,,,,,https://www.audible.com/pd/Transcending-the-Mind-Series-Emotions-Sensations-Audiobook/B008Y2962E,,,,Promoted edition audio of work w-emotions-sensations from candidate edition-audible-tms-emotions: Audible audiobook edition of the lecture part; Audible inventory row matched_by_title.,,candidate:edition-audible-tms-emotions
340,w-god-vs-science,,,Spiritual Reality and Modern Man: God vs. Science: Limits of the Mind (Audiobook),2007 - Spiritual Reality and Modern Man God vs. Science Limits of the Mind.m4b,Spiritual Reality and Modern Man: God vs. Science: Limits of the Mind (Audiobook),,lecture,Spiritual Reality & Modern Man,2007,,Edition inherited from matched master 127 (2007),audiobook,Audiobook,true,,,,,,,https://www.audible.com/pd/Spiritual-Reality-and-Modern-Man-God-vs-Science-Limits-of-the-Mind-Audiobook/B00AYHUMMA,,,,Promoted edition audio of work w-god-vs-science from candidate edition-audible-srmm-godvs: Audible audiobook edition of the lecture part; Audible inventory row matched_by_title.,,candidate:edition-audible-srmm-godvs
341,w-tlc-perception,,,Transcending the Levels of Consciousness Series: Perception (Audiobook),2006 - Transcending the Levels of Consciousness Series Perception.m4b,Transcending the Levels of Consciousness Series: Perception (Audiobook),,lecture,Transcending Levels of Consciousness,2006,,Edition inherited from matched master 106 (2006),audiobook,Audiobook,true,,,,,,,https://www.audible.com/pd/Transcending-the-Levels-of-Consciousness-Series-Perception-vs-Essence-Audiobook/B00APLSQJG,,,,Promoted edition audio of work w-tlc-perception from candidate edition-audible-tlc-perception: Audible audiobook edition; fuzzy title match to Perception vs Essence - VERIFY series part mapping.,,candidate:edition-audible-tlc-perception
342,w-compassion,,,Compassion (Audiobook),2003 - Compassion.m4b,Compassion (Audiobook),,lecture,On The Road Talk Series,2003,,Edition inherited from matched master 267 (2003),audiobook,Audiobook,true,,,,,,,https://www.audible.com/pd/Compassion-Audiobook/B09VYH9F59,,,,Promoted edition audio of work w-compassion from candidate edition-audible-compassion: Audible audiobook edition of the lecture work; Audible inventory row matched_by_title.,,candidate:edition-audible-compassion
343,w-live-prayer,,,Live Life As A Prayer (Audio),2006 - Live Life As A Prayer.m4b,Live Life As A Prayer (Audio),,lecture,Transcending Levels of Consciousness,2006,,Edition inherited from matched master 121 (2006),audiobook,Audio program (Hay House),true,,,,,https://www.hayhouse.com/live-life-as-a-prayer-audio-download,,,,,,Promoted edition audio of work w-live-prayer from candidate edition-hh-liveprayer: Hay House audio edition of the lecture work; Hay House inventory row unreviewed_official_product.,,candidate:edition-hh-liveprayer
