uuid,title,item_type,series,year,month,raw_row_number,candidate_key,source_url_veritas,year_source_type,year_source_detail
1,Causality: The Ego's Foundation,lecture,The Way to God,2002,01,7,,https://veritaspub.com/product/2002-01-causality-the-egos-foundation-jan-2002/,ledger_user_input,ledger raw_row 7 proposed_year=2002 proposed_month=01 reason: Item candidate indicated by ownership status and/or legacy tempid.
2,Causality: The Ego's Foundation,lecture,The Way to God,2002,01,8,,https://veritaspub.com/product/2002-01-causality-the-egos-foundation-jan-2002/,ledger_user_input,ledger raw_row 8 proposed_year=2002 proposed_month=01 reason: Item candidate indicated by ownership status and/or legacy tempid.
3,Causality: The Ego's Foundation,lecture,The Way to God,2002,01,9,,https://veritaspub.com/product/2002-01-causality-the-egos-foundation-jan-2002/,ledger_user_input,ledger raw_row 9 proposed_year=2002 proposed_month=01 reason: Item candidate indicated by ownership status and/or legacy tempid.
4,Radical Subjectivity: The 'I' of Self,lecture,The Way to God,2002,02,10,,https://veritaspub.com/product/radical-subjectivity-the-i-of-self-feb-2002/,ledger_user_input,ledger raw_row 10 proposed_year=2002 proposed_month=02 reason: Item candidate indicated by ownership status and/or legacy tempid.
5,Radical Subjectivity: The 'I' of Self,lecture,The Way to God,2002,02,11,,https://veritaspub.com/product/radical-subjectivity-the-i-of-self-feb-2002/,ledger_user_input,ledger raw_row 11 proposed_year=2002 proposed_month=02 reason: Item candidate indicated by ownership status and/or legacy tempid.
6,Radical Subjectivity: The 'I' of Self,lecture,The Way to God,2002,02,12,,https://veritaspub.com/product/radical-subjectivity-the-i-of-self-feb-2002/,ledger_user_input,ledger raw_row 12 proposed_year=2002 proposed_month=02 reason: Item candidate indicated by ownership status and/or legacy tempid.
7,The Levels of Consciousness: Subjective & Social Consequences,lecture,The Way to God,2002,03,13,,https://veritaspub.com/product/2002-03-the-levels-of-consciousness-subjective-social-consequences-mar-2002/,ledger_user_input,ledger raw_row 13 proposed_year=2002 proposed_month=03 reason: Item candidate indicated by ownership status and/or legacy tempid.
8,The Levels of Consciousness: Subjective & Social Consequences,lecture,The Way to God,2002,03,14,,https://veritaspub.com/product/2002-03-the-levels-of-consciousness-subjective-social-consequences-mar-2002/,ledger_user_input,ledger raw_row 14 proposed_year=2002 proposed_month=03 reason: Item candidate indicated by ownership status and/or legacy tempid.
9,The Levels of Consciousness: Subjective & Social Consequences,lecture,The Way to God,2002,03,15,,https://veritaspub.com/product/2002-03-the-levels-of-consciousness-subjective-social-consequences-mar-2002/,ledger_user_input,ledger raw_row 15 proposed_year=2002 proposed_month=03 reason: Item candidate indicated by ownership status and/or legacy tempid.
10,Positionality and Duality: Transcending the Opposites,lecture,The Way to God,2002,04,16,,https://veritaspub.com/product/2002-04-positionality-and-duality-transcending-the-opposites-apr-2002/,ledger_user_input,ledger raw_row 16 proposed_year=2002 proposed_month=04 reason: Item candidate indicated by ownership status and/or legacy tempid.
11,Positionality and Duality: Transcending the Opposites,lecture,The Way to God,2002,04,17,,https://veritaspub.com/product/2002-04-positionality-and-duality-transcending-the-opposites-apr-2002/,ledger_user_input,ledger raw_row 17 proposed_year=2002 proposed_month=04 reason: Item candidate indicated by ownership status and/or legacy tempid.
12,Positionality and Duality: Transcending the Opposites,lecture,The Way to God,2002,04,18,,https://veritaspub.com/product/2002-04-positionality-and-duality-transcending-the-opposites-apr-2002/,ledger_user_input,ledger raw_row 18 proposed_year=2002 proposed_month=04 reason: Item candidate indicated by ownership status and/or legacy tempid.
13,Perception and Illusion: Distortions of Reality,lecture,The Way to God,2002,05,19,,https://veritaspub.com/product/2002-05-perception-and-illusion-distortions-of-reality-may-2002/,ledger_user_input,ledger raw_row 19 proposed_year=2002 proposed_month=05 reason: Item candidate indicated by ownership status and/or legacy tempid.
14,Perception and Illusion: Distortions of Reality,lecture,The Way to God,2002,05,20,,https://veritaspub.com/product/2002-05-perception-and-illusion-distortions-of-reality-may-2002/,ledger_user_input,ledger raw_row 20 proposed_year=2002 proposed_month=05 reason: Item candidate indicated by ownership status and/or legacy tempid.
15,Perception and Illusion: Distortions of Reality,lecture,The Way to God,2002,05,21,,https://veritaspub.com/product/2002-05-perception-and-illusion-distortions-of-reality-may-2002/,ledger_user_input,ledger raw_row 21 proposed_year=2002 proposed_month=05 reason: Item candidate indicated by ownership status and/or legacy tempid.
16,Realizing the Root of Consciousness: Meditative and Contemplative Techniques,lecture,The Way to God,2002,06,22,,https://veritaspub.com/product/2002-06-realizing-the-root-of-consciousness-meditative-and-contemplative-techniques-jun-2002/,ledger_user_input,ledger raw_row 22 proposed_year=2002 proposed_month=06 reason: Item candidate indicated by ownership status and/or legacy tempid.
17,Realizing the Root of Consciousness: Meditative and Contemplative Techniques,lecture,The Way to God,2002,06,23,,https://veritaspub.com/product/2002-06-realizing-the-root-of-consciousness-meditative-and-contemplative-techniques-jun-2002/,ledger_user_input,ledger raw_row 23 proposed_year=2002 proposed_month=06 reason: Item candidate indicated by ownership status and/or legacy tempid.
18,Realizing the Root of Consciousness: Meditative and Contemplative Techniques,lecture,The Way to God,2002,06,24,,https://veritaspub.com/product/2002-06-realizing-the-root-of-consciousness-meditative-and-contemplative-techniques-jun-2002/,ledger_user_input,ledger raw_row 24 proposed_year=2002 proposed_month=06 reason: Item candidate indicated by ownership status and/or legacy tempid.
19,The Nature of Divinity vs Religious Fallacy,lecture,The Way to God,2002,07,25,,https://veritaspub.com/product/2002-07-the-nature-of-divinity-vs-religious-fallacy-jul-2002/,ledger_user_input,ledger raw_row 25 proposed_year=2002 proposed_month=07 reason: Item candidate indicated by ownership status and/or legacy tempid.
20,The Nature of Divinity vs Religious Fallacy,lecture,The Way to God,2002,07,26,,https://veritaspub.com/product/2002-07-the-nature-of-divinity-vs-religious-fallacy-jul-2002/,ledger_user_input,ledger raw_row 26 proposed_year=2002 proposed_month=07 reason: Item candidate indicated by ownership status and/or legacy tempid.
21,The Nature of Divinity vs Religious Fallacy,lecture,The Way to God,2002,07,27,,https://veritaspub.com/product/2002-07-the-nature-of-divinity-vs-religious-fallacy-jul-2002/,ledger_user_input,ledger raw_row 27 proposed_year=2002 proposed_month=07 reason: Item candidate indicated by ownership status and/or legacy tempid.
22,Advaita: The Way to God Through Mind,lecture,The Way to God,2002,08,28,,https://veritaspub.com/product/2002-08-advaita-the-way-to-god-through-mind/,ledger_user_input,ledger raw_row 28 proposed_year=2002 proposed_month= reason: Item candidate indicated by ownership status and/or legacy tempid. Product URL has duplicated prefix and is quarantined 
23,Advaita: The Way to God Through Mind,lecture,The Way to God,2002,08,29,,https://veritaspub.com/product/2002-08-advaita-the-way-to-god-through-mind/,ledger_user_input,ledger raw_row 29 proposed_year=2002 proposed_month= reason: Item candidate indicated by ownership status and/or legacy tempid. Product URL has duplicated prefix and is quarantined 
24,Advaita: The Way to God Through Mind,lecture,The Way to God,2002,08,30,,https://veritaspub.com/product/2002-08-advaita-the-way-to-god-through-mind/,ledger_user_input,ledger raw_row 30 proposed_year=2002 proposed_month= reason: Item candidate indicated by ownership status and/or legacy tempid. Product URL has duplicated prefix and is quarantined 
25,Devotion: The Way to God Through the Heart,lecture,The Way to God,2002,09,31,,https://veritaspub.com/product/2002-09-devotion-the-way-to-god-through-the-heart-sept-2002/,ledger_user_input,ledger raw_row 31 proposed_year=2002 proposed_month=09 reason: Item candidate indicated by ownership status and/or legacy tempid.
26,Devotion: The Way to God Through the Heart,lecture,The Way to God,2002,09,32,,https://veritaspub.com/product/2002-09-devotion-the-way-to-god-through-the-heart-sept-2002/,ledger_user_input,ledger raw_row 32 proposed_year=2002 proposed_month=09 reason: Item candidate indicated by ownership status and/or legacy tempid.
27,Devotion: The Way to God Through the Heart,lecture,The Way to God,2002,09,33,,https://veritaspub.com/product/2002-09-devotion-the-way-to-god-through-the-heart-sept-2002/,ledger_user_input,ledger raw_row 33 proposed_year=2002 proposed_month=09 reason: Item candidate indicated by ownership status and/or legacy tempid.
28,Karma and the Afterlife,lecture,The Way to God,2002,10,34,,https://veritaspub.com/product/2002-10-karma-and-the-afterlife-oct-2002-streaming/,ledger_user_input,ledger raw_row 34 proposed_year=2002 proposed_month=10 reason: Item candidate indicated by ownership status and/or legacy tempid.
29,Karma and the Afterlife,lecture,The Way to God,2002,10,35,,https://veritaspub.com/product/2002-10-karma-and-the-afterlife-oct-2002-streaming/,ledger_user_input,ledger raw_row 35 proposed_year=2002 proposed_month=10 reason: Item candidate indicated by ownership status and/or legacy tempid.
30,Karma and the Afterlife,lecture,The Way to God,2002,10,36,,https://veritaspub.com/product/2002-10-karma-and-the-afterlife-oct-2002-streaming/,ledger_user_input,ledger raw_row 36 proposed_year=2002 proposed_month=10 reason: Item candidate indicated by ownership status and/or legacy tempid.
31,God: Transcendent and Immanent,lecture,The Way to God,2002,11,37,,https://veritaspub.com/product/2002-11-god-transcendent-and-immanent-nov-2002/,ledger_user_input,ledger raw_row 37 proposed_year=2002 proposed_month=11 reason: Item candidate indicated by ownership status and/or legacy tempid.
32,God: Transcendent and Immanent,lecture,The Way to God,2002,11,38,,https://veritaspub.com/product/2002-11-god-transcendent-and-immanent-nov-2002/,ledger_user_input,ledger raw_row 38 proposed_year=2002 proposed_month=11 reason: Item candidate indicated by ownership status and/or legacy tempid.
33,God: Transcendent and Immanent,lecture,The Way to God,2002,11,39,,https://veritaspub.com/product/2002-11-god-transcendent-and-immanent-nov-2002/,ledger_user_input,ledger raw_row 39 proposed_year=2002 proposed_month=11 reason: Item candidate indicated by ownership status and/or legacy tempid.
34,Realization of the Self: The Final Moments,lecture,The Way to God,2002,12,40,,https://veritaspub.com/product/2002-12-realization-of-the-self-the-final-moments-dec-2002/,ledger_user_input,ledger raw_row 40 proposed_year=2002 proposed_month=12 reason: Item candidate indicated by ownership status and/or legacy tempid.
35,Realization of the Self: The Final Moments,lecture,The Way to God,2002,12,41,,https://veritaspub.com/product/2002-12-realization-of-the-self-the-final-moments-dec-2002/,ledger_user_input,ledger raw_row 41 proposed_year=2002 proposed_month=12 reason: Item candidate indicated by ownership status and/or legacy tempid.
36,Realization of the Self: The Final Moments,lecture,The Way to God,2002,12,42,,https://veritaspub.com/product/2002-12-realization-of-the-self-the-final-moments-dec-2002/,ledger_user_input,ledger raw_row 42 proposed_year=2002 proposed_month=12 reason: Item candidate indicated by ownership status and/or legacy tempid.
37,Integration of Spirituality and Personal Life,lecture,Devotional Nonduality,2003,02,46,,https://veritaspub.com/product/2003-02-integration-of-spirituality-and-personal-life-feb-2003/,ledger_user_input,ledger raw_row 46 proposed_year=2003 proposed_month=02 reason: Item candidate indicated by ownership status and/or legacy tempid.
38,Integration of Spirituality and Personal Life,lecture,Devotional Nonduality,2003,02,47,,https://veritaspub.com/product/2003-02-integration-of-spirituality-and-personal-life-feb-2003/,ledger_user_input,ledger raw_row 47 proposed_year=2003 proposed_month=02 reason: Item candidate indicated by ownership status and/or legacy tempid.
39,Integration of Spirituality and Personal Life,lecture,Devotional Nonduality,2003,02,48,,https://veritaspub.com/product/2003-02-integration-of-spirituality-and-personal-life-feb-2003/,ledger_user_input,ledger raw_row 48 proposed_year=2003 proposed_month=02 reason: Item candidate indicated by ownership status and/or legacy tempid.
40,Spirituality and the World,lecture,Devotional Nonduality,2003,04,49,,https://veritaspub.com/product/2003-04-spirituality-and-the-world-april-2003/,ledger_user_input,ledger raw_row 49 proposed_year=2003 proposed_month=04 reason: Item candidate indicated by ownership status and/or legacy tempid.
41,Spirituality and the World,lecture,Devotional Nonduality,2003,04,50,,https://veritaspub.com/product/2003-04-spirituality-and-the-world-april-2003/,ledger_user_input,ledger raw_row 50 proposed_year=2003 proposed_month=04 reason: Item candidate indicated by ownership status and/or legacy tempid.
42,Spirituality and the World,lecture,Devotional Nonduality,2003,04,51,,https://veritaspub.com/product/2003-04-spirituality-and-the-world-april-2003/,ledger_user_input,ledger raw_row 51 proposed_year=2003 proposed_month=04 reason: Item candidate indicated by ownership status and/or legacy tempid.
43,Spiritual Community,lecture,Devotional Nonduality,2003,06,52,,https://veritaspub.com/product/2003-06-spiritual-community-june-2003/,ledger_user_input,ledger raw_row 52 proposed_year=2003 proposed_month=06 reason: Item candidate indicated by ownership status and/or legacy tempid.
44,Spiritual Community,lecture,Devotional Nonduality,2003,06,53,,https://veritaspub.com/product/2003-06-spiritual-community-june-2003/,ledger_user_input,ledger raw_row 53 proposed_year=2003 proposed_month=06 reason: Item candidate indicated by ownership status and/or legacy tempid.
45,Spiritual Community,lecture,Devotional Nonduality,2003,06,54,,https://veritaspub.com/product/2003-06-spiritual-community-june-2003/,ledger_user_input,ledger raw_row 54 proposed_year=2003 proposed_month=06 reason: Item candidate indicated by ownership status and/or legacy tempid.
46,Enlightenment,lecture,Devotional Nonduality,2003,08,55,,https://veritaspub.com/product/2003-08-enlightenment-august-2003/,ledger_user_input,ledger raw_row 55 proposed_year=2003 proposed_month=08 reason: Item candidate indicated by ownership status and/or legacy tempid.
47,Enlightenment,lecture,Devotional Nonduality,2003,08,56,,https://veritaspub.com/product/2003-08-enlightenment-august-2003/,ledger_user_input,ledger raw_row 56 proposed_year=2003 proposed_month=08 reason: Item candidate indicated by ownership status and/or legacy tempid.
48,Enlightenment,lecture,Devotional Nonduality,2003,08,57,,https://veritaspub.com/product/2003-08-enlightenment-august-2003/,ledger_user_input,ledger raw_row 57 proposed_year=2003 proposed_month=08 reason: Item candidate indicated by ownership status and/or legacy tempid.
49,Realization of the Self as the 'I',lecture,Devotional Nonduality,2003,11,58,,https://veritaspub.com/product/2003-11-realization-of-the-self-as-the-i-nov-2003/,ledger_user_input,ledger raw_row 58 proposed_year=2003 proposed_month=11 reason: Item candidate indicated by ownership status and/or legacy tempid.
50,Realization of the Self as the 'I',lecture,Devotional Nonduality,2003,11,59,,https://veritaspub.com/product/2003-11-realization-of-the-self-as-the-i-nov-2003/,ledger_user_input,ledger raw_row 59 proposed_year=2003 proposed_month=11 reason: Item candidate indicated by ownership status and/or legacy tempid.
51,Realization of the Self as the 'I',lecture,Devotional Nonduality,2003,11,60,,https://veritaspub.com/product/2003-11-realization-of-the-self-as-the-i-nov-2003/,ledger_user_input,ledger raw_row 60 proposed_year=2003 proposed_month=11 reason: Item candidate indicated by ownership status and/or legacy tempid.
52,"Dialogue, Questions, and Answers",lecture,Devotional Nonduality,2003,12,61,,https://veritaspub.com/product/dialogue-questions-and-answers-dec-2003/,ledger_user_input,ledger raw_row 61 proposed_year=2003 proposed_month=12 reason: Item candidate indicated by ownership status and/or legacy tempid.
53,"Dialogue, Questions, and Answers",lecture,Devotional Nonduality,2003,12,62,,https://veritaspub.com/product/dialogue-questions-and-answers-dec-2003/,ledger_user_input,ledger raw_row 62 proposed_year=2003 proposed_month=12 reason: Item candidate indicated by ownership status and/or legacy tempid.
54,"Dialogue, Questions, and Answers",lecture,Devotional Nonduality,2003,12,63,,https://veritaspub.com/product/dialogue-questions-and-answers-dec-2003/,ledger_user_input,ledger raw_row 63 proposed_year=2003 proposed_month=12 reason: Item candidate indicated by ownership status and/or legacy tempid.
55,Thought and Ideation,lecture,Transcending the Mind,2004,02,66,,https://veritaspub.com/product/2004-02-thought-and-ideation-feb-2004/,ledger_user_input,ledger raw_row 66 proposed_year=2004 proposed_month=02 reason: Item candidate indicated by ownership status and/or legacy tempid.
56,Thought and Ideation,lecture,Transcending the Mind,2004,02,67,,https://veritaspub.com/product/2004-02-thought-and-ideation-feb-2004/,ledger_user_input,ledger raw_row 67 proposed_year=2004 proposed_month=02 reason: Item candidate indicated by ownership status and/or legacy tempid.
57,Thought and Ideation,lecture,Transcending the Mind,2004,02,68,,https://veritaspub.com/product/2004-02-thought-and-ideation-feb-2004/,ledger_user_input,ledger raw_row 68 proposed_year=2004 proposed_month=02 reason: Item candidate indicated by ownership status and/or legacy tempid.
58,Emotions and Sensations,lecture,Transcending the Mind,2004,04,69,,https://veritaspub.com/product/2004-04-emotions-and-sensations-april-2004/,ledger_user_input,ledger raw_row 69 proposed_year=2004 proposed_month=04 reason: Item candidate indicated by ownership status and/or legacy tempid.
59,Emotions and Sensations,lecture,Transcending the Mind,2004,04,70,,https://veritaspub.com/product/2004-04-emotions-and-sensations-april-2004/,ledger_user_input,ledger raw_row 70 proposed_year=2004 proposed_month=04 reason: Item candidate indicated by ownership status and/or legacy tempid.
60,Emotions and Sensations,lecture,Transcending the Mind,2004,04,71,,https://veritaspub.com/product/2004-04-emotions-and-sensations-april-2004/,ledger_user_input,ledger raw_row 71 proposed_year=2004 proposed_month=04 reason: Item candidate indicated by ownership status and/or legacy tempid.
61,Perception and Positionality,lecture,Transcending the Mind,2004,06,72,,https://veritaspub.com/product/2004-06-perception-and-positionality-june-2004/,ledger_user_input,ledger raw_row 72 proposed_year=2004 proposed_month=06 reason: Item candidate indicated by ownership status and/or legacy tempid.
62,Perception and Positionality,lecture,Transcending the Mind,2004,06,73,,https://veritaspub.com/product/2004-06-perception-and-positionality-june-2004/,ledger_user_input,ledger raw_row 73 proposed_year=2004 proposed_month=06 reason: Item candidate indicated by ownership status and/or legacy tempid.
63,Perception and Positionality,lecture,Transcending the Mind,2004,06,74,,https://veritaspub.com/product/2004-06-perception-and-positionality-june-2004/,ledger_user_input,ledger raw_row 74 proposed_year=2004 proposed_month=06 reason: Item candidate indicated by ownership status and/or legacy tempid.
64,Identification and Illusion,lecture,Transcending the Mind,2004,08,75,,https://veritaspub.com/product/2004-08-identification-and-illusion-aug-2004/,ledger_user_input,ledger raw_row 75 proposed_year=2004 proposed_month=08 reason: Item candidate indicated by ownership status and/or legacy tempid.
65,Identification and Illusion,lecture,Transcending the Mind,2004,08,76,,https://veritaspub.com/product/2004-08-identification-and-illusion-aug-2004/,ledger_user_input,ledger raw_row 76 proposed_year=2004 proposed_month=08 reason: Item candidate indicated by ownership status and/or legacy tempid.
66,Identification and Illusion,lecture,Transcending the Mind,2004,08,77,,https://veritaspub.com/product/2004-08-identification-and-illusion-aug-2004/,ledger_user_input,ledger raw_row 77 proposed_year=2004 proposed_month=08 reason: Item candidate indicated by ownership status and/or legacy tempid.
67,Witnessing and Observing,lecture,Transcending the Mind,2004,10,78,,https://veritaspub.com/product/2004-10-witnessing-and-observing-october-2004/,ledger_user_input,ledger raw_row 78 proposed_year=2004 proposed_month=10 reason: Item candidate indicated by ownership status and/or legacy tempid.
68,Witnessing and Observing,lecture,Transcending the Mind,2004,10,79,,https://veritaspub.com/product/2004-10-witnessing-and-observing-october-2004/,ledger_user_input,ledger raw_row 79 proposed_year=2004 proposed_month=10 reason: Item candidate indicated by ownership status and/or legacy tempid.
69,Witnessing and Observing,lecture,Transcending the Mind,2004,10,80,,https://veritaspub.com/product/2004-10-witnessing-and-observing-october-2004/,ledger_user_input,ledger raw_row 80 proposed_year=2004 proposed_month=10 reason: Item candidate indicated by ownership status and/or legacy tempid.
70,The Ego and The Self,lecture,Transcending the Mind,2004,12,81,,https://veritaspub.com/product/2004-12-the-ego-and-the-self-december-2004/,ledger_user_input,ledger raw_row 81 proposed_year=2004 proposed_month=12 reason: Item candidate indicated by ownership status and/or legacy tempid.
71,The Ego and The Self,lecture,Transcending the Mind,2004,12,82,,https://veritaspub.com/product/2004-12-the-ego-and-the-self-december-2004/,ledger_user_input,ledger raw_row 82 proposed_year=2004 proposed_month=12 reason: Item candidate indicated by ownership status and/or legacy tempid.
72,The Ego and The Self,lecture,Transcending the Mind,2004,12,83,,https://veritaspub.com/product/2004-12-the-ego-and-the-self-december-2004/,ledger_user_input,ledger raw_row 83 proposed_year=2004 proposed_month=12 reason: Item candidate indicated by ownership status and/or legacy tempid.
73,Vision,lecture,Nonduality Intensive,2005,02,85,,https://veritaspub.com/product/vision-feb-2005/,ledger_user_input,ledger raw_row 85 proposed_year=2005 proposed_month=02 reason: Item candidate indicated by ownership status and/or legacy tempid.
74,Vision,lecture,Nonduality Intensive,2005,02,86,,https://veritaspub.com/product/vision-feb-2005/,ledger_user_input,ledger raw_row 86 proposed_year=2005 proposed_month=02 reason: Item candidate indicated by ownership status and/or legacy tempid.
75,Vision,lecture,Nonduality Intensive,2005,02,87,,https://veritaspub.com/product/vision-feb-2005/,ledger_user_input,ledger raw_row 87 proposed_year=2005 proposed_month=02 reason: Item candidate indicated by ownership status and/or legacy tempid.
76,Alignment,lecture,Nonduality Intensive,2005,04,88,,https://veritaspub.com/product/2005-04-alignment-apr-2005/,ledger_user_input,ledger raw_row 88 proposed_year=2005 proposed_month=04 reason: Item candidate indicated by ownership status and/or legacy tempid.
77,Alignment,lecture,Nonduality Intensive,2005,04,89,,https://veritaspub.com/product/2005-04-alignment-apr-2005/,ledger_user_input,ledger raw_row 89 proposed_year=2005 proposed_month=04 reason: Item candidate indicated by ownership status and/or legacy tempid.
78,Alignment,lecture,Nonduality Intensive,2005,04,90,,https://veritaspub.com/product/2005-04-alignment-apr-2005/,ledger_user_input,ledger raw_row 90 proposed_year=2005 proposed_month=04 reason: Item candidate indicated by ownership status and/or legacy tempid.
79,Intention,lecture,Nonduality Intensive,2005,05,91,,https://veritaspub.com/product/2005-05-intention-may-2005/,ledger_user_input,ledger raw_row 91 proposed_year=2005 proposed_month=05 reason: Item candidate indicated by ownership status and/or legacy tempid.
80,Intention,lecture,Nonduality Intensive,2005,05,92,,https://veritaspub.com/product/2005-05-intention-may-2005/,ledger_user_input,ledger raw_row 92 proposed_year=2005 proposed_month=05 reason: Item candidate indicated by ownership status and/or legacy tempid.
81,Intention,lecture,Nonduality Intensive,2005,05,93,,https://veritaspub.com/product/2005-05-intention-may-2005/,ledger_user_input,ledger raw_row 93 proposed_year=2005 proposed_month=05 reason: Item candidate indicated by ownership status and/or legacy tempid.
82,Transcending Barriers,lecture,Nonduality Intensive,2005,06,94,,https://veritaspub.com/product/2005-06-transcending-barriers-june-2005/,ledger_user_input,ledger raw_row 94 proposed_year=2005 proposed_month=06 reason: Item candidate indicated by ownership status and/or legacy tempid.
83,Transcending Barriers,lecture,Nonduality Intensive,2005,06,95,,https://veritaspub.com/product/2005-06-transcending-barriers-june-2005/,ledger_user_input,ledger raw_row 95 proposed_year=2005 proposed_month=06 reason: Item candidate indicated by ownership status and/or legacy tempid.
84,Transcending Barriers,lecture,Nonduality Intensive,2005,06,96,,https://veritaspub.com/product/2005-06-transcending-barriers-june-2005/,ledger_user_input,ledger raw_row 96 proposed_year=2005 proposed_month=06 reason: Item candidate indicated by ownership status and/or legacy tempid.
85,Conviction,lecture,Nonduality Intensive,2005,07,97,,https://veritaspub.com/product/2005-07-conviction-july-2005/,ledger_user_input,ledger raw_row 97 proposed_year=2005 proposed_month=07 reason: Item candidate indicated by ownership status and/or legacy tempid.
86,Conviction,lecture,Nonduality Intensive,2005,07,98,,https://veritaspub.com/product/2005-07-conviction-july-2005/,ledger_user_input,ledger raw_row 98 proposed_year=2005 proposed_month=07 reason: Item candidate indicated by ownership status and/or legacy tempid.
87,Conviction,lecture,Nonduality Intensive,2005,07,99,,https://veritaspub.com/product/2005-07-conviction-july-2005/,ledger_user_input,ledger raw_row 99 proposed_year=2005 proposed_month=07 reason: Item candidate indicated by ownership status and/or legacy tempid.
88,Serenity,lecture,Nonduality Intensive,2005,08,100,,https://veritaspub.com/product/2005-08-serenity-august-2005/,ledger_user_input,ledger raw_row 100 proposed_year=2005 proposed_month=08 reason: Item candidate indicated by ownership status and/or legacy tempid.
89,Serenity,lecture,Nonduality Intensive,2005,08,101,,https://veritaspub.com/product/2005-08-serenity-august-2005/,ledger_user_input,ledger raw_row 101 proposed_year=2005 proposed_month=08 reason: Item candidate indicated by ownership status and/or legacy tempid.
90,Serenity,lecture,Nonduality Intensive,2005,08,102,,https://veritaspub.com/product/2005-08-serenity-august-2005/,ledger_user_input,ledger raw_row 102 proposed_year=2005 proposed_month=08 reason: Item candidate indicated by ownership status and/or legacy tempid.
91,Transcending Obstacles,lecture,Nonduality Intensive,2005,09,103,,https://veritaspub.com/product/2005-09-transcending-obstacles-sept-2005/,ledger_user_input,ledger raw_row 103 proposed_year=2005 proposed_month=09 reason: Item candidate indicated by ownership status and/or legacy tempid.
92,Transcending Obstacles,lecture,Nonduality Intensive,2005,09,104,,https://veritaspub.com/product/2005-09-transcending-obstacles-sept-2005/,ledger_user_input,ledger raw_row 104 proposed_year=2005 proposed_month=09 reason: Item candidate indicated by ownership status and/or legacy tempid.
93,Transcending Obstacles,lecture,Nonduality Intensive,2005,09,105,,https://veritaspub.com/product/2005-09-transcending-obstacles-sept-2005/,ledger_user_input,ledger raw_row 105 proposed_year=2005 proposed_month=09 reason: Item candidate indicated by ownership status and/or legacy tempid.
94,Spiritual Traps,lecture,Nonduality Intensive,2005,10,106,,https://veritaspub.com/product/2005-10-spiritual-traps-october-2005/,ledger_user_input,ledger raw_row 106 proposed_year=2005 proposed_month=10 reason: Item candidate indicated by ownership status and/or legacy tempid.
95,Spiritual Traps,lecture,Nonduality Intensive,2005,10,107,,https://veritaspub.com/product/2005-10-spiritual-traps-october-2005/,ledger_user_input,ledger raw_row 107 proposed_year=2005 proposed_month=10 reason: Item candidate indicated by ownership status and/or legacy tempid.
96,Spiritual Traps,lecture,Nonduality Intensive,2005,10,108,,https://veritaspub.com/product/2005-10-spiritual-traps-october-2005/,ledger_user_input,ledger raw_row 108 proposed_year=2005 proposed_month=10 reason: Item candidate indicated by ownership status and/or legacy tempid.
97,Valid Teachers and Teachings,lecture,Nonduality Intensive,2005,11,109,,https://veritaspub.com/product/2005-11-valid-teachers-and-teachings-nov-2005/,ledger_user_input,ledger raw_row 109 proposed_year=2005 proposed_month=11 reason: Item candidate indicated by ownership status and/or legacy tempid.
98,Valid Teachers and Teachings,lecture,Nonduality Intensive,2005,11,110,,https://veritaspub.com/product/2005-11-valid-teachers-and-teachings-nov-2005/,ledger_user_input,ledger raw_row 110 proposed_year=2005 proposed_month=11 reason: Item candidate indicated by ownership status and/or legacy tempid.
99,Valid Teachers and Teachings,lecture,Nonduality Intensive,2005,11,111,,https://veritaspub.com/product/2005-11-valid-teachers-and-teachings-nov-2005/,ledger_user_input,ledger raw_row 111 proposed_year=2005 proposed_month=11 reason: Item candidate indicated by ownership status and/or legacy tempid.
100,"God, Religion, and Spirituality",lecture,Nonduality Intensive,2005,12,112,,https://veritaspub.com/product/2005-12-god-religion-and-spirituality-dec-2005/,ledger_user_input,ledger raw_row 112 proposed_year=2005 proposed_month=12 reason: Item candidate indicated by ownership status and/or legacy tempid.
101,"God, Religion, and Spirituality",lecture,Nonduality Intensive,2005,12,113,,https://veritaspub.com/product/2005-12-god-religion-and-spirituality-dec-2005/,ledger_user_input,ledger raw_row 113 proposed_year=2005 proposed_month=12 reason: Item candidate indicated by ownership status and/or legacy tempid.
102,"God, Religion, and Spirituality",lecture,Nonduality Intensive,2005,12,114,,https://veritaspub.com/product/2005-12-god-religion-and-spirituality-dec-2005/,ledger_user_input,ledger raw_row 114 proposed_year=2005 proposed_month=12 reason: Item candidate indicated by ownership status and/or legacy tempid.
103,Experiential Reality,lecture,Transcending Levels of Consciousness,2006,02,116,,https://veritaspub.com/product/2006-02-experiential-reality-feb-2006/,ledger_user_input,ledger raw_row 116 proposed_year=2006 proposed_month=02 reason: Item candidate indicated by ownership status and/or legacy tempid.
104,Experiential Reality,lecture,Transcending Levels of Consciousness,2006,02,117,,https://veritaspub.com/product/2006-02-experiential-reality-feb-2006/,ledger_user_input,ledger raw_row 117 proposed_year=2006 proposed_month=02 reason: Item candidate indicated by ownership status and/or legacy tempid.
105,Experiential Reality,lecture,Transcending Levels of Consciousness,2006,02,118,,https://veritaspub.com/product/2006-02-experiential-reality-feb-2006/,ledger_user_input,ledger raw_row 118 proposed_year=2006 proposed_month=02 reason: Item candidate indicated by ownership status and/or legacy tempid.
106,Perception vs Essence,lecture,Transcending Levels of Consciousness,2006,04,119,,https://veritaspub.com/product/2006-04-perception-vs-essence-april-2006/,ledger_user_input,ledger raw_row 119 proposed_year=2006 proposed_month=04 reason: Item candidate indicated by ownership status and/or legacy tempid.
107,Perception vs Essence,lecture,Transcending Levels of Consciousness,2006,04,120,,https://veritaspub.com/product/2006-04-perception-vs-essence-april-2006/,ledger_user_input,ledger raw_row 120 proposed_year=2006 proposed_month=04 reason: Item candidate indicated by ownership status and/or legacy tempid.
108,Perception vs Essence,lecture,Transcending Levels of Consciousness,2006,04,121,,https://veritaspub.com/product/2006-04-perception-vs-essence-april-2006/,ledger_user_input,ledger raw_row 121 proposed_year=2006 proposed_month=04 reason: Item candidate indicated by ownership status and/or legacy tempid.
109,Spiritual Truth vs. Spiritual Fantasy,lecture,Transcending Levels of Consciousness,2006,06,122,,https://veritaspub.com/product/2006-06-spiritual-truth-vs-spiritual-fantasy-june-2006/,ledger_user_input,ledger raw_row 122 proposed_year=2006 proposed_month=06 reason: Item candidate indicated by ownership status and/or legacy tempid.
110,Spiritual Truth vs. Spiritual Fantasy,lecture,Transcending Levels of Consciousness,2006,06,123,,https://veritaspub.com/product/2006-06-spiritual-truth-vs-spiritual-fantasy-june-2006/,ledger_user_input,ledger raw_row 123 proposed_year=2006 proposed_month=06 reason: Item candidate indicated by ownership status and/or legacy tempid.
111,Spiritual Truth vs. Spiritual Fantasy,lecture,Transcending Levels of Consciousness,2006,06,124,,https://veritaspub.com/product/2006-06-spiritual-truth-vs-spiritual-fantasy-june-2006/,ledger_user_input,ledger raw_row 124 proposed_year=2006 proposed_month=06 reason: Item candidate indicated by ownership status and/or legacy tempid.
112,Reason vs Truth,lecture,Transcending Levels of Consciousness,2006,08,125,,https://veritaspub.com/product/2006-08-reason-vs-truth-aug-2006/,ledger_user_input,ledger raw_row 125 proposed_year=2006 proposed_month=08 reason: Item candidate indicated by ownership status and/or legacy tempid.
113,Reason vs Truth,lecture,Transcending Levels of Consciousness,2006,08,126,,https://veritaspub.com/product/2006-08-reason-vs-truth-aug-2006/,ledger_user_input,ledger raw_row 126 proposed_year=2006 proposed_month=08 reason: Item candidate indicated by ownership status and/or legacy tempid.
114,Reason vs Truth,lecture,Transcending Levels of Consciousness,2006,08,127,,https://veritaspub.com/product/2006-08-reason-vs-truth-aug-2006/,ledger_user_input,ledger raw_row 127 proposed_year=2006 proposed_month=08 reason: Item candidate indicated by ownership status and/or legacy tempid.
115,A Review of the Work,lecture,Transcending Levels of Consciousness,2006,09,128,,https://veritaspub.com/product/2006-09-a-review-of-the-work-sept-2006/,ledger_user_input,ledger raw_row 128 proposed_year=2006 proposed_month=09 reason: Item candidate indicated by ownership status and/or legacy tempid.
116,A Review of the Work,lecture,Transcending Levels of Consciousness,2006,09,129,,https://veritaspub.com/product/2006-09-a-review-of-the-work-sept-2006/,ledger_user_input,ledger raw_row 129 proposed_year=2006 proposed_month=09 reason: Item candidate indicated by ownership status and/or legacy tempid.
117,A Review of the Work,lecture,Transcending Levels of Consciousness,2006,09,130,,https://veritaspub.com/product/2006-09-a-review-of-the-work-sept-2006/,ledger_user_input,ledger raw_row 130 proposed_year=2006 proposed_month=09 reason: Item candidate indicated by ownership status and/or legacy tempid.
118,Spiritual Practice and Daily Life,lecture,Transcending Levels of Consciousness,2006,10,131,,https://veritaspub.com/product/2006-10-spiritual-practice-and-daily-life-oct-2006/,ledger_user_input,ledger raw_row 131 proposed_year=2006 proposed_month=10 reason: Item candidate indicated by ownership status and/or legacy tempid.
119,Spiritual Practice and Daily Life,lecture,Transcending Levels of Consciousness,2006,10,132,,https://veritaspub.com/product/2006-10-spiritual-practice-and-daily-life-oct-2006/,ledger_user_input,ledger raw_row 132 proposed_year=2006 proposed_month=10 reason: Item candidate indicated by ownership status and/or legacy tempid.
120,Spiritual Practice and Daily Life,lecture,Transcending Levels of Consciousness,2006,10,133,,https://veritaspub.com/product/2006-10-spiritual-practice-and-daily-life-oct-2006/,ledger_user_input,ledger raw_row 133 proposed_year=2006 proposed_month=10 reason: Item candidate indicated by ownership status and/or legacy tempid.
121,Live Your Life Like a Prayer,lecture,Transcending Levels of Consciousness,2006,11,134,,https://veritaspub.com/product/2006-11-live-your-life-like-a-prayer-nov-2006/,ledger_user_input,ledger raw_row 134 proposed_year=2006 proposed_month=11 reason: Item candidate indicated by ownership status and/or legacy tempid.
122,Live Your Life Like a Prayer,lecture,Transcending Levels of Consciousness,2006,11,135,,https://veritaspub.com/product/2006-11-live-your-life-like-a-prayer-nov-2006/,ledger_user_input,ledger raw_row 135 proposed_year=2006 proposed_month=11 reason: Item candidate indicated by ownership status and/or legacy tempid.
123,Live Your Life Like a Prayer,lecture,Transcending Levels of Consciousness,2006,11,136,,https://veritaspub.com/product/2006-11-live-your-life-like-a-prayer-nov-2006/,ledger_user_input,ledger raw_row 136 proposed_year=2006 proposed_month=11 reason: Item candidate indicated by ownership status and/or legacy tempid.
124,Is the Miraculous Real?,lecture,Transcending Levels of Consciousness,2006,12,137,,https://veritaspub.com/product/2006-12-is-the-miraculous-real-dec-2006/,ledger_user_input,ledger raw_row 137 proposed_year=2006 proposed_month=12 reason: Item candidate indicated by ownership status and/or legacy tempid.
125,Is the Miraculous Real?,lecture,Transcending Levels of Consciousness,2006,12,138,,https://veritaspub.com/product/2006-12-is-the-miraculous-real-dec-2006/,ledger_user_input,ledger raw_row 138 proposed_year=2006 proposed_month=12 reason: Item candidate indicated by ownership status and/or legacy tempid.
126,Is the Miraculous Real?,lecture,Transcending Levels of Consciousness,2006,12,139,,https://veritaspub.com/product/2006-12-is-the-miraculous-real-dec-2006/,ledger_user_input,ledger raw_row 139 proposed_year=2006 proposed_month=12 reason: Item candidate indicated by ownership status and/or legacy tempid.
127,God vs Science: Limits of the Mind,lecture,Spiritual Reality & Modern Man,2007,02,141,,https://veritaspub.com/product/2007-02-god-vs-science-limits-of-the-mind-feb-2007/,ledger_user_input,ledger raw_row 141 proposed_year=2007 proposed_month=02 reason: Item candidate indicated by ownership status and/or legacy tempid.
128,God vs Science: Limits of the Mind,lecture,Spiritual Reality & Modern Man,2007,02,142,,https://veritaspub.com/product/2007-02-god-vs-science-limits-of-the-mind-feb-2007/,ledger_user_input,ledger raw_row 142 proposed_year=2007 proposed_month=02 reason: Item candidate indicated by ownership status and/or legacy tempid.
129,God vs Science: Limits of the Mind,lecture,Spiritual Reality & Modern Man,2007,02,143,,https://veritaspub.com/product/2007-02-god-vs-science-limits-of-the-mind-feb-2007/,ledger_user_input,ledger raw_row 143 proposed_year=2007 proposed_month=02 reason: Item candidate indicated by ownership status and/or legacy tempid.
130,Relativism vs Reality,lecture,Spiritual Reality & Modern Man,2007,04,144,,https://veritaspub.com/product/2007-04-relativism-vs-reality-april-2007/,ledger_user_input,ledger raw_row 144 proposed_year=2007 proposed_month= reason: Item candidate indicated by ownership status and/or legacy tempid.
131,Relativism vs Reality,lecture,Spiritual Reality & Modern Man,2007,04,145,,https://veritaspub.com/product/2007-04-relativism-vs-reality-april-2007/,ledger_user_input,ledger raw_row 145 proposed_year=2007 proposed_month= reason: Item candidate indicated by ownership status and/or legacy tempid.
132,Relativism vs Reality,lecture,Spiritual Reality & Modern Man,2007,04,146,,https://veritaspub.com/product/2007-04-relativism-vs-reality-april-2007/,ledger_user_input,ledger raw_row 146 proposed_year=2007 proposed_month= reason: Item candidate indicated by ownership status and/or legacy tempid.
133,What is 'Real'?,lecture,Spiritual Reality & Modern Man,2007,06,147,,https://veritaspub.com/product/2007-06-what-is-real-june-2007/,ledger_user_input,ledger raw_row 147 proposed_year=2007 proposed_month=06 reason: Item candidate indicated by ownership status and/or legacy tempid.
134,What is 'Real'?,lecture,Spiritual Reality & Modern Man,2007,06,148,,https://veritaspub.com/product/2007-06-what-is-real-june-2007/,ledger_user_input,ledger raw_row 148 proposed_year=2007 proposed_month=06 reason: Item candidate indicated by ownership status and/or legacy tempid.
135,What is 'Real'?,lecture,Spiritual Reality & Modern Man,2007,06,149,,https://veritaspub.com/product/2007-06-what-is-real-june-2007/,ledger_user_input,ledger raw_row 149 proposed_year=2007 proposed_month=06 reason: Item candidate indicated by ownership status and/or legacy tempid.
136,What is Truth? The Absolute,lecture,Spiritual Reality & Modern Man,2007,07,150,,https://veritaspub.com/product/2007-07-what-is-truth-the-absolute-july-2007/,ledger_user_input,ledger raw_row 150 proposed_year=2007 proposed_month=07 reason: Item candidate indicated by ownership status and/or legacy tempid.
137,What is Truth? The Absolute,lecture,Spiritual Reality & Modern Man,2007,07,151,,https://veritaspub.com/product/2007-07-what-is-truth-the-absolute-july-2007/,ledger_user_input,ledger raw_row 151 proposed_year=2007 proposed_month=07 reason: Item candidate indicated by ownership status and/or legacy tempid.
138,What is Truth? The Absolute,lecture,Spiritual Reality & Modern Man,2007,07,152,,https://veritaspub.com/product/2007-07-what-is-truth-the-absolute-july-2007/,ledger_user_input,ledger raw_row 152 proposed_year=2007 proposed_month=07 reason: Item candidate indicated by ownership status and/or legacy tempid.
139,The Human Dilemma,lecture,Spiritual Reality & Modern Man,2007,08,153,,https://veritaspub.com/product/2007-08-the-human-dilemma-aug-2007/,ledger_user_input,ledger raw_row 153 proposed_year=2007 proposed_month=08 reason: Item candidate indicated by ownership status and/or legacy tempid.
140,The Human Dilemma,lecture,Spiritual Reality & Modern Man,2007,08,154,,https://veritaspub.com/product/2007-08-the-human-dilemma-aug-2007/,ledger_user_input,ledger raw_row 154 proposed_year=2007 proposed_month=08 reason: Item candidate indicated by ownership status and/or legacy tempid.
141,The Human Dilemma,lecture,Spiritual Reality & Modern Man,2007,08,155,,https://veritaspub.com/product/2007-08-the-human-dilemma-aug-2007/,ledger_user_input,ledger raw_row 155 proposed_year=2007 proposed_month=08 reason: Item candidate indicated by ownership status and/or legacy tempid.
142,A Review of the Work,lecture,Spiritual Reality & Modern Man,2007,09,156,,https://veritaspub.com/product/2007-09-a-review-of-the-work/,ledger_user_input,ledger raw_row 156 proposed_year=2007 proposed_month=09 reason: Item candidate indicated by ownership status and/or legacy tempid.
143,A Review of the Work,lecture,Spiritual Reality & Modern Man,2007,09,157,,https://veritaspub.com/product/2007-09-a-review-of-the-work/,ledger_user_input,ledger raw_row 157 proposed_year=2007 proposed_month=09 reason: Item candidate indicated by ownership status and/or legacy tempid.
144,A Review of the Work,lecture,Spiritual Reality & Modern Man,2007,09,158,,https://veritaspub.com/product/2007-09-a-review-of-the-work/,ledger_user_input,ledger raw_row 158 proposed_year=2007 proposed_month=09 reason: Item candidate indicated by ownership status and/or legacy tempid.
145,Creation vs Evolution,lecture,Spiritual Reality & Modern Man,2007,10,159,,https://veritaspub.com/product/2007-10-creation-vs-evolution-2007-oct/,ledger_user_input,ledger raw_row 159 proposed_year=2007 proposed_month=10 reason: Item candidate indicated by ownership status and/or legacy tempid.
146,Creation vs Evolution,lecture,Spiritual Reality & Modern Man,2007,10,160,,https://veritaspub.com/product/2007-10-creation-vs-evolution-2007-oct/,ledger_user_input,ledger raw_row 160 proposed_year=2007 proposed_month=10 reason: Item candidate indicated by ownership status and/or legacy tempid.
147,Creation vs Evolution,lecture,Spiritual Reality & Modern Man,2007,10,161,,https://veritaspub.com/product/2007-10-creation-vs-evolution-2007-oct/,ledger_user_input,ledger raw_row 161 proposed_year=2007 proposed_month=10 reason: Item candidate indicated by ownership status and/or legacy tempid.
148,Spiritual Survival: Realization of Reality,lecture,Spiritual Reality & Modern Man,2007,11,162,,https://veritaspub.com/product/2007-11-spiritual-survival-realization-of-reality-nov-2007/,ledger_user_input,ledger raw_row 162 proposed_year=2007 proposed_month=11 reason: Item candidate indicated by ownership status and/or legacy tempid.
149,Spiritual Survival: Realization of Reality,lecture,Spiritual Reality & Modern Man,2007,11,163,,https://veritaspub.com/product/2007-11-spiritual-survival-realization-of-reality-nov-2007/,ledger_user_input,ledger raw_row 163 proposed_year=2007 proposed_month=11 reason: Item candidate indicated by ownership status and/or legacy tempid.
150,Spiritual Survival: Realization of Reality,lecture,Spiritual Reality & Modern Man,2007,11,164,,https://veritaspub.com/product/2007-11-spiritual-survival-realization-of-reality-nov-2007/,ledger_user_input,ledger raw_row 164 proposed_year=2007 proposed_month=11 reason: Item candidate indicated by ownership status and/or legacy tempid.
151,Experiential Reality: The Mystic,lecture,Spiritual Reality & Modern Man,2007,12,165,,https://veritaspub.com/product/2007-12-experiential-reality-the-mystic-dec-2007/,ledger_user_input,ledger raw_row 165 proposed_year=2007 proposed_month=12 reason: Item candidate indicated by ownership status and/or legacy tempid.
152,Experiential Reality: The Mystic,lecture,Spiritual Reality & Modern Man,2007,12,166,,https://veritaspub.com/product/2007-12-experiential-reality-the-mystic-dec-2007/,ledger_user_input,ledger raw_row 166 proposed_year=2007 proposed_month=12 reason: Item candidate indicated by ownership status and/or legacy tempid.
153,Experiential Reality: The Mystic,lecture,Spiritual Reality & Modern Man,2007,12,167,,https://veritaspub.com/product/2007-12-experiential-reality-the-mystic-dec-2007/,ledger_user_input,ledger raw_row 167 proposed_year=2007 proposed_month=12 reason: Item candidate indicated by ownership status and/or legacy tempid.
154,Spirituality: Reason and Faith,lecture,Advanced Spiritual Awareness,2008,01,169,,https://veritaspub.com/product/2008-01-spirituality-reason-and-faith-jan-2008/,ledger_user_input,ledger raw_row 169 proposed_year=2008 proposed_month=01 reason: Item candidate indicated by ownership status and/or legacy tempid.
155,Spirituality: Reason and Faith,lecture,Advanced Spiritual Awareness,2008,01,170,,https://veritaspub.com/product/2008-01-spirituality-reason-and-faith-jan-2008/,ledger_user_input,ledger raw_row 170 proposed_year=2008 proposed_month=01 reason: Item candidate indicated by ownership status and/or legacy tempid.
156,Spirituality: Reason and Faith,lecture,Advanced Spiritual Awareness,2008,01,171,,https://veritaspub.com/product/2008-01-spirituality-reason-and-faith-jan-2008/,ledger_user_input,ledger raw_row 171 proposed_year=2008 proposed_month=01 reason: Item candidate indicated by ownership status and/or legacy tempid.
157,The Clear Pathway to Enlightenment,lecture,Advanced Spiritual Awareness,2008,03,172,,https://veritaspub.com/product/2008-03-the-clear-pathway-to-enlightenment-march-2008/,ledger_user_input,ledger raw_row 172 proposed_year=2008 proposed_month=03 reason: Item candidate indicated by ownership status and/or legacy tempid.
158,The Clear Pathway to Enlightenment,lecture,Advanced Spiritual Awareness,2008,03,173,,https://veritaspub.com/product/2008-03-the-clear-pathway-to-enlightenment-march-2008/,ledger_user_input,ledger raw_row 173 proposed_year=2008 proposed_month=03 reason: Item candidate indicated by ownership status and/or legacy tempid.
159,The Clear Pathway to Enlightenment,lecture,Advanced Spiritual Awareness,2008,03,174,,https://veritaspub.com/product/2008-03-the-clear-pathway-to-enlightenment-march-2008/,ledger_user_input,ledger raw_row 174 proposed_year=2008 proposed_month=03 reason: Item candidate indicated by ownership status and/or legacy tempid.
160,"Belief, Trust and Credibility",lecture,Advanced Spiritual Awareness,2008,06,175,,https://veritaspub.com/product/2008-06-belief-trust-and-credibility-june-2008/,ledger_user_input,ledger raw_row 175 proposed_year=2008 proposed_month=06 reason: Item candidate indicated by ownership status and/or legacy tempid.
161,"Belief, Trust and Credibility",lecture,Advanced Spiritual Awareness,2008,06,176,,https://veritaspub.com/product/2008-06-belief-trust-and-credibility-june-2008/,ledger_user_input,ledger raw_row 176 proposed_year=2008 proposed_month=06 reason: Item candidate indicated by ownership status and/or legacy tempid.
162,"Belief, Trust and Credibility",lecture,Advanced Spiritual Awareness,2008,06,177,,https://veritaspub.com/product/2008-06-belief-trust-and-credibility-june-2008/,ledger_user_input,ledger raw_row 177 proposed_year=2008 proposed_month=06 reason: Item candidate indicated by ownership status and/or legacy tempid.
163,"Overcoming Doubt, Skepticism & Disbelief",lecture,Advanced Spiritual Awareness,2008,08,178,,https://veritaspub.com/product/2008-08-overcoming-doubt-skepticism-disbelief-aug-2008/,ledger_user_input,ledger raw_row 178 proposed_year=2008 proposed_month=08 reason: Item candidate indicated by ownership status and/or legacy tempid.
164,"Overcoming Doubt, Skepticism & Disbelief",lecture,Advanced Spiritual Awareness,2008,08,179,,https://veritaspub.com/product/2008-08-overcoming-doubt-skepticism-disbelief-aug-2008/,ledger_user_input,ledger raw_row 179 proposed_year=2008 proposed_month=08 reason: Item candidate indicated by ownership status and/or legacy tempid.
165,"Overcoming Doubt, Skepticism & Disbelief",lecture,Advanced Spiritual Awareness,2008,08,180,,https://veritaspub.com/product/2008-08-overcoming-doubt-skepticism-disbelief-aug-2008/,ledger_user_input,ledger raw_row 180 proposed_year=2008 proposed_month=08 reason: Item candidate indicated by ownership status and/or legacy tempid.
166,Practical Spirituality,lecture,Advanced Spiritual Awareness,2008,10,181,,https://veritaspub.com/product/2008-10-practical-spirituality-oct-2008/,ledger_user_input,ledger raw_row 181 proposed_year=2008 proposed_month=10 reason: Item candidate indicated by ownership status and/or legacy tempid.
167,Practical Spirituality,lecture,Advanced Spiritual Awareness,2008,10,182,,https://veritaspub.com/product/2008-10-practical-spirituality-oct-2008/,ledger_user_input,ledger raw_row 182 proposed_year=2008 proposed_month=10 reason: Item candidate indicated by ownership status and/or legacy tempid.
168,Practical Spirituality,lecture,Advanced Spiritual Awareness,2008,10,183,,https://veritaspub.com/product/2008-10-practical-spirituality-oct-2008/,ledger_user_input,ledger raw_row 183 proposed_year=2008 proposed_month=10 reason: Item candidate indicated by ownership status and/or legacy tempid.
169,Freedom: Morality and Ethics,lecture,Advanced Spiritual Awareness,2008,11,184,,https://veritaspub.com/product/2008-11-freedom-morality-and-ethics-nov-2008/,ledger_user_input,ledger raw_row 184 proposed_year=2008 proposed_month=11 reason: Item candidate indicated by ownership status and/or legacy tempid.
170,Freedom: Morality and Ethics,lecture,Advanced Spiritual Awareness,2008,11,185,,https://veritaspub.com/product/2008-11-freedom-morality-and-ethics-nov-2008/,ledger_user_input,ledger raw_row 185 proposed_year=2008 proposed_month=11 reason: Item candidate indicated by ownership status and/or legacy tempid.
171,Freedom: Morality and Ethics,lecture,Advanced Spiritual Awareness,2008,11,186,,https://veritaspub.com/product/2008-11-freedom-morality-and-ethics-nov-2008/,ledger_user_input,ledger raw_row 186 proposed_year=2008 proposed_month=11 reason: Item candidate indicated by ownership status and/or legacy tempid.
172,A Unique Sedona Seminar,lecture,Advanced Spiritual Awareness,2008,12,187,,https://veritaspub.com/product/2008-12-a-unique-sedona-seminar-dec-2008/,ledger_user_input,ledger raw_row 187 proposed_year=2008 proposed_month=12 reason: Item candidate indicated by ownership status and/or legacy tempid.
173,A Unique Sedona Seminar,lecture,Advanced Spiritual Awareness,2008,12,188,,https://veritaspub.com/product/2008-12-a-unique-sedona-seminar-dec-2008/,ledger_user_input,ledger raw_row 188 proposed_year=2008 proposed_month=12 reason: Item candidate indicated by ownership status and/or legacy tempid.
174,A Unique Sedona Seminar,lecture,Advanced Spiritual Awareness,2008,12,189,,https://veritaspub.com/product/2008-12-a-unique-sedona-seminar-dec-2008/,ledger_user_input,ledger raw_row 189 proposed_year=2008 proposed_month=12 reason: Item candidate indicated by ownership status and/or legacy tempid.
175,What is the World?,lecture,In the World but Not of It,2009,02,191,,https://veritaspub.com/product/2009-02-what-is-the-world-february-2009/,ledger_user_input,ledger raw_row 191 proposed_year=2009 proposed_month=02 reason: Item candidate indicated by ownership status and/or legacy tempid.
176,What is the World?,lecture,In the World but Not of It,2009,02,192,,https://veritaspub.com/product/2009-02-what-is-the-world-february-2009/,ledger_user_input,ledger raw_row 192 proposed_year=2009 proposed_month=02 reason: Item candidate indicated by ownership status and/or legacy tempid.
177,What is the World?,lecture,In the World but Not of It,2009,02,193,,https://veritaspub.com/product/2009-02-what-is-the-world-february-2009/,ledger_user_input,ledger raw_row 193 proposed_year=2009 proposed_month=02 reason: Item candidate indicated by ownership status and/or legacy tempid.
178,Happiness,lecture,In the World but Not of It,2009,04,194,,https://veritaspub.com/product/2009-04-happiness-april-2009/,ledger_user_input,ledger raw_row 194 proposed_year=2009 proposed_month=04 reason: Item candidate indicated by ownership status and/or legacy tempid.
179,Happiness,lecture,In the World but Not of It,2009,04,195,,https://veritaspub.com/product/2009-04-happiness-april-2009/,ledger_user_input,ledger raw_row 195 proposed_year=2009 proposed_month=04 reason: Item candidate indicated by ownership status and/or legacy tempid.
180,Happiness,lecture,In the World but Not of It,2009,04,196,,https://veritaspub.com/product/2009-04-happiness-april-2009/,ledger_user_input,ledger raw_row 196 proposed_year=2009 proposed_month=04 reason: Item candidate indicated by ownership status and/or legacy tempid.
181,Peace,lecture,In the World but Not of It,2009,08,197,,https://veritaspub.com/product/2009-08-peace-august-2009/,ledger_user_input,ledger raw_row 197 proposed_year=2009 proposed_month=08 reason: Item candidate indicated by ownership status and/or legacy tempid.
182,Peace,lecture,In the World but Not of It,2009,08,198,,https://veritaspub.com/product/2009-08-peace-august-2009/,ledger_user_input,ledger raw_row 198 proposed_year=2009 proposed_month=08 reason: Item candidate indicated by ownership status and/or legacy tempid.
183,Peace,lecture,In the World but Not of It,2009,08,199,,https://veritaspub.com/product/2009-08-peace-august-2009/,ledger_user_input,ledger raw_row 199 proposed_year=2009 proposed_month=08 reason: Item candidate indicated by ownership status and/or legacy tempid.
184,Success,lecture,In the World but Not of It,2009,10,200,,https://veritaspub.com/product/2009-10-success-october-2009/,ledger_user_input,ledger raw_row 200 proposed_year=2009 proposed_month=10 reason: Item candidate indicated by ownership status and/or legacy tempid.
185,Success,lecture,In the World but Not of It,2009,10,201,,https://veritaspub.com/product/2009-10-success-october-2009/,ledger_user_input,ledger raw_row 201 proposed_year=2009 proposed_month=10 reason: Item candidate indicated by ownership status and/or legacy tempid.
186,Success,lecture,In the World but Not of It,2009,10,202,,https://veritaspub.com/product/2009-10-success-october-2009/,ledger_user_input,ledger raw_row 202 proposed_year=2009 proposed_month=10 reason: Item candidate indicated by ownership status and/or legacy tempid.
187,Handling Spiritual Challenges,lecture,Practical Spirituality,2010,04,204,,https://veritaspub.com/product/2010-04-handling-spiritual-challenges-april-2010/,ledger_user_input,ledger raw_row 204 proposed_year=2010 proposed_month=04 reason: Item candidate indicated by ownership status and/or legacy tempid.
188,Handling Spiritual Challenges,lecture,Practical Spirituality,2010,04,205,,https://veritaspub.com/product/2010-04-handling-spiritual-challenges-april-2010/,ledger_user_input,ledger raw_row 205 proposed_year=2010 proposed_month=04 reason: Item candidate indicated by ownership status and/or legacy tempid.
189,Handling Spiritual Challenges,lecture,Practical Spirituality,2010,04,206,,https://veritaspub.com/product/2010-04-handling-spiritual-challenges-april-2010/,ledger_user_input,ledger raw_row 206 proposed_year=2010 proposed_month=04 reason: Item candidate indicated by ownership status and/or legacy tempid.
190,Spiritual Life In Today's World,lecture,Practical Spirituality,2010,10,207,,https://veritaspub.com/product/2010-10-spiritual-life-in-todays-world-oct-2010/,ledger_user_input,ledger raw_row 207 proposed_year=2010 proposed_month=10 reason: Item candidate indicated by ownership status and/or legacy tempid.
191,Spiritual Life In Today's World,lecture,Practical Spirituality,2010,10,208,,https://veritaspub.com/product/2010-10-spiritual-life-in-todays-world-oct-2010/,ledger_user_input,ledger raw_row 208 proposed_year=2010 proposed_month=10 reason: Item candidate indicated by ownership status and/or legacy tempid.
192,Spiritual Life In Today's World,lecture,Practical Spirituality,2010,10,209,,https://veritaspub.com/product/2010-10-spiritual-life-in-todays-world-oct-2010/,ledger_user_input,ledger raw_row 209 proposed_year=2010 proposed_month=10 reason: Item candidate indicated by ownership status and/or legacy tempid.
193,Most Valuable Qualities for a Spiritual Seeker,lecture,Love & Spiritual Seeker Qualities,2011,05,211,,https://veritaspub.com/product/2011-05-most-valuable-qualities-for-a-spiritual-seeker-may-2011/,ledger_user_input,ledger raw_row 211 proposed_year=2011 proposed_month=05 reason: Item candidate indicated by ownership status and/or legacy tempid.
194,Most Valuable Qualities for a Spiritual Seeker,lecture,Love & Spiritual Seeker Qualities,2011,05,212,,https://veritaspub.com/product/2011-05-most-valuable-qualities-for-a-spiritual-seeker-may-2011/,ledger_user_input,ledger raw_row 212 proposed_year=2011 proposed_month=05 reason: Item candidate indicated by ownership status and/or legacy tempid.
195,Most Valuable Qualities for a Spiritual Seeker,lecture,Love & Spiritual Seeker Qualities,2011,05,213,,https://veritaspub.com/product/2011-05-most-valuable-qualities-for-a-spiritual-seeker-may-2011/,ledger_user_input,ledger raw_row 213 proposed_year=2011 proposed_month=05 reason: Item candidate indicated by ownership status and/or legacy tempid.
196,Love,lecture,Love & Spiritual Seeker Qualities,2011,09,214,,https://veritaspub.com/product/2011-09-love-sept-2011/,ledger_user_input,ledger raw_row 214 proposed_year=2011 proposed_month=09 reason: Item candidate indicated by ownership status and/or legacy tempid.
197,Love,lecture,Love & Spiritual Seeker Qualities,2011,09,215,,https://veritaspub.com/product/2011-09-love-sept-2011/,ledger_user_input,ledger raw_row 215 proposed_year=2011 proposed_month=09 reason: Item candidate indicated by ownership status and/or legacy tempid.
198,Love,lecture,Love & Spiritual Seeker Qualities,2011,09,216,,https://veritaspub.com/product/2011-09-love-sept-2011/,ledger_user_input,ledger raw_row 216 proposed_year=2011 proposed_month=09 reason: Item candidate indicated by ownership status and/or legacy tempid.
199,Q&A Session (Jan 2011),lecture,Satsang Series,2011,01,218,,https://veritaspub.com/product/2011-01-question-answer-session-jan-2011/,ledger_user_input,ledger raw_row 218 proposed_year=2011 proposed_month= reason: Item candidate indicated by ownership status and/or legacy tempid. Owner approved placement in Satsang Series on 2026-08
200,Q&A Session (Mar 2011),lecture,Satsang Series,2011,03,219,,https://veritaspub.com/product/2011-03-question-and-answer-session-march-2011/,ledger_user_input,ledger raw_row 219 proposed_year=2011 proposed_month= reason: Item candidate indicated by ownership status and/or legacy tempid. Owner approved placement in Satsang Series on 2026-08
201,Q&A Session (Jul 2011),lecture,Satsang Series,2011,07,220,,https://veritaspub.com/product/2011-07-question-and-answer-session-july-2011/,ledger_user_input,ledger raw_row 220 proposed_year=2011 proposed_month= reason: Item candidate indicated by ownership status and/or legacy tempid. Owner approved placement in Satsang Series on 2026-08
202,Volume I-Power vs Force (Part 1),lecture,Volume Series,,,223,,https://veritaspub.com/product/volume-i-power-vs-force-muscle-testing-video/,blank_intentional_pre2000,Volume Series year intentionally blank pre-2000 per owner ruling 'do not name any if cannot name all'; raw rows 223-235 stripped
203,Volume I-David Hawkins -Applied Kinesiology-Power vs Force - Part 2,lecture,Volume Series,,,224,,https://veritaspub.com/product/volume-i-power-vs-force-muscle-testing-video/,blank_intentional_pre2000,Volume Series year intentionally blank pre-2000 per owner ruling 'do not name any if cannot name all'; raw rows 223-235 stripped
204,Volume II-Consciousness and Addiction,lecture,Volume Series,,,225,,https://veritaspub.com/product/vol-ii-consciousness-and-addiction/,blank_intentional_pre2000,Volume Series year intentionally blank pre-2000 per owner ruling 'do not name any if cannot name all'; raw rows 223-235 stripped
205,Volume II-Consciousness and Addiction,lecture,Volume Series,,,226,,https://veritaspub.com/product/vol-ii-consciousness-and-addiction/,blank_intentional_pre2000,Volume Series year intentionally blank pre-2000 per owner ruling 'do not name any if cannot name all'; raw rows 223-235 stripped
206,Volume III-Advanced States of Consciousness,lecture,Volume Series,,,227,,https://veritaspub.com/product/volume-iii-advanced-states-of-consciousness/,blank_intentional_pre2000,Volume Series year intentionally blank pre-2000 per owner ruling 'do not name any if cannot name all'; raw rows 223-235 stripped
207,Volume III-Advanced States of Consciousness,lecture,Volume Series,,,228,,https://veritaspub.com/product/volume-iii-advanced-states-of-consciousness/,blank_intentional_pre2000,Volume Series year intentionally blank pre-2000 per owner ruling 'do not name any if cannot name all'; raw rows 223-235 stripped
208,Volume IV-How to Tell the Truth about Anything (Part 1),lecture,Volume Series,,,229,,https://veritaspub.com/product/volume-iv-consciousness-how-to-tell-the-truth-about-anything-video/,blank_intentional_pre2000,Volume Series year intentionally blank pre-2000 per owner ruling 'do not name any if cannot name all'; raw rows 223-235 stripped
209,Volume IV-How to Tell the Truth about Anything (Part 2),lecture,Volume Series,,,230,,https://veritaspub.com/product/volume-iv-consciousness-how-to-tell-the-truth-about-anything-video/,blank_intentional_pre2000,Volume Series year intentionally blank pre-2000 per owner ruling 'do not name any if cannot name all'; raw rows 223-235 stripped
210,Volume V-Undoing the Barriers to Spiritual Progress,lecture,Volume Series,,,231,,https://veritaspub.com/product/volume-v-undoing-the-barriers-to-spiritual-progress-video/,blank_intentional_pre2000,Volume Series year intentionally blank pre-2000 per owner ruling 'do not name any if cannot name all'; raw rows 223-235 stripped
211,Volume V-Undoing the Barriers to Spiritual Progress,lecture,Volume Series,,,232,,https://veritaspub.com/product/volume-v-undoing-the-barriers-to-spiritual-progress-video/,blank_intentional_pre2000,Volume Series year intentionally blank pre-2000 per owner ruling 'do not name any if cannot name all'; raw rows 223-235 stripped
212,Volume V-Undoing the Barriers to Spiritual Progress,lecture,Volume Series,,,233,,https://veritaspub.com/product/volume-v-undoing-the-barriers-to-spiritual-progress-video/,blank_intentional_pre2000,Volume Series year intentionally blank pre-2000 per owner ruling 'do not name any if cannot name all'; raw rows 223-235 stripped
213,Volume VI-How to Raise Your Level of Consciousness,lecture,Volume Series,,,234,,https://veritaspub.com/product/vol-vi-how-to-raise-your-level-of-consciousness/,blank_intentional_pre2000,Volume Series year intentionally blank pre-2000 per owner ruling 'do not name any if cannot name all'; raw rows 223-235 stripped
214,Volume VII A-Conversation with Knowingness,lecture,Volume Series,,,235,,https://veritaspub.com/product/vol-vii-a-conversation-with-knowingness/,blank_intentional_pre2000,Volume Series year intentionally blank pre-2000 per owner ruling 'do not name any if cannot name all'; raw rows 223-235 stripped
215,Become That Which You Are (June 2004) PART1,lecture,On The Road Talk Series,2004,06,239,,https://veritaspub.com/product/become-that-which-you-are-3/,ledger_user_input,ledger raw_row 239 proposed_year=2004 proposed_month=06 reason: Item candidate indicated by ownership status and/or legacy tempid.
216,Become That Which You Are (June 2004) PART2,lecture,On The Road Talk Series,2004,06,240,,https://veritaspub.com/product/become-that-which-you-are-3/,ledger_user_input,ledger raw_row 240 proposed_year=2004 proposed_month=06 reason: Item candidate indicated by ownership status and/or legacy tempid.
217,Become That Which You Are (June 2004) PART3,lecture,On The Road Talk Series,2004,06,241,,https://veritaspub.com/product/become-that-which-you-are-3/,ledger_user_input,ledger raw_row 241 proposed_year=2004 proposed_month=06 reason: Item candidate indicated by ownership status and/or legacy tempid.
218,Love is a Way of Being (January 2004) PART1,lecture,On The Road Talk Series,2004,01,242,,https://veritaspub.com/product/love-is-a-way-of-being/,ledger_user_input,ledger raw_row 242 proposed_year=2004 proposed_month=01 reason: Item candidate indicated by ownership status and/or legacy tempid.
219,Love is a Way of Being (January 2004) PART2,lecture,On The Road Talk Series,2004,01,243,,https://veritaspub.com/product/love-is-a-way-of-being/,ledger_user_input,ledger raw_row 243 proposed_year=2004 proposed_month=01 reason: Item candidate indicated by ownership status and/or legacy tempid.
220,Love is a Way of Being (January 2004) PART3,lecture,On The Road Talk Series,2004,01,244,,https://veritaspub.com/product/love-is-a-way-of-being/,ledger_user_input,ledger raw_row 244 proposed_year=2004 proposed_month=01 reason: Item candidate indicated by ownership status and/or legacy tempid.
221,Progressive Levels of Consciousness - A Special Talk Presented in Oxford (2003),lecture,On The Road Talk Series,2003,,245,,,ledger_user_input,ledger raw_row 245 proposed_year=2003 proposed_month= reason: Item candidate indicated by ownership status and/or legacy tempid.
222,The Presence of Spiritual Awareness,lecture,On The Road Talk Series,2004,,246,,https://veritaspub.com/product/the-presence-of-spiritual-awareness/,ledger_user_input,ledger raw_row 246 proposed_year=2004 proposed_month= reason: Item candidate indicated by ownership status and/or legacy tempid.
223,The Presence of Spiritual Awareness,lecture,On The Road Talk Series,2004,,247,,https://veritaspub.com/product/the-presence-of-spiritual-awareness/,ledger_user_input,ledger raw_row 247 proposed_year=2004 proposed_month= reason: Item candidate indicated by ownership status and/or legacy tempid.
224,The Presence of Spiritual Awareness,lecture,On The Road Talk Series,2004,,248,,https://veritaspub.com/product/the-presence-of-spiritual-awareness/,ledger_user_input,ledger raw_row 248 proposed_year=2004 proposed_month= reason: Item candidate indicated by ownership status and/or legacy tempid.
225,Devotion to Truth,lecture,On The Road Talk Series,,,249,,,blank_under_investigation,"ledger raw 249 proposed_year blank, remains blank; series=On The Road Talk Series"
226,"Mind, Heart, and Service PART1",lecture,On The Road Talk Series,,,250,,,blank_under_investigation,"ledger raw 250 proposed_year blank, remains blank; series=On The Road Talk Series"
227,"Mind, Heart, and Service PART2",lecture,On The Road Talk Series,,,251,,,blank_under_investigation,"ledger raw 251 proposed_year blank, remains blank; series=On The Road Talk Series"
228,Spiritual Will PART1,lecture,On The Road Talk Series,2023,02,252,,https://veritaspub.com/product/spiritual-will-a-inspiring-q-a-session-with-dr-hawkins/,veritas_published_date_backfill,"ledger blank, backfilled from Veritas product 52945 published_date 2023-02-11 (listing date, may be recording date if matches series year)"
229,Spiritual Will PART2,lecture,On The Road Talk Series,2023,02,253,,https://veritaspub.com/product/spiritual-will-a-inspiring-q-a-session-with-dr-hawkins/,veritas_published_date_backfill,"ledger blank, backfilled from Veritas product 52945 published_date 2023-02-11 (listing date, may be recording date if matches series year)"
230,Verification of Spiritual Realities,lecture,On The Road Talk Series,2014,01,254,,https://veritaspub.com/product/verification-of-spiritual-realities/,veritas_published_date_backfill,"ledger blank, backfilled from Veritas product 1830 published_date 2014-01-21 (listing date, may be recording date if matches series year)"
231,Verification of Spiritual Realities,lecture,On The Road Talk Series,2014,01,255,,https://veritaspub.com/product/verification-of-spiritual-realities/,veritas_published_date_backfill,"ledger blank, backfilled from Veritas product 1830 published_date 2014-01-21 (listing date, may be recording date if matches series year)"
232,Verification of Spiritual Realities,lecture,On The Road Talk Series,2014,01,256,,https://veritaspub.com/product/verification-of-spiritual-realities/,veritas_published_date_backfill,"ledger blank, backfilled from Veritas product 1830 published_date 2014-01-21 (listing date, may be recording date if matches series year)"
233,A-01 Office Series-Stress,lecture,Office Series,1982,,260,,https://veritaspub.com/product/stress/,ledger_user_input,ledger raw_row 260 proposed_year=1982 proposed_month= reason: Item candidate indicated by ownership status and/or legacy tempid.
234,A-02 Office Series-Health,lecture,Office Series,1982,,261,,https://veritaspub.com/product/health/,ledger_user_input,ledger raw_row 261 proposed_year=1982 proposed_month= reason: Item candidate indicated by ownership status and/or legacy tempid.
235,A-03 Office Series-Spiritual First Aid,lecture,Office Series,1982,,262,,https://veritaspub.com/product/spiritual-first-aid-2/,ledger_user_input,ledger raw_row 262 proposed_year=1982 proposed_month= reason: Item candidate indicated by ownership status and/or legacy tempid.
236,A-04 Office Series-Sexuality,lecture,Office Series,1982,,263,,https://veritaspub.com/product/sexuality-2/,ledger_user_input,ledger raw_row 263 proposed_year=1982 proposed_month= reason: Item candidate indicated by ownership status and/or legacy tempid.
237,A-05 Office Series-The Aging Process,lecture,Office Series,1982,,264,,https://veritaspub.com/product/the-aging-process/,ledger_user_input,ledger raw_row 264 proposed_year=1982 proposed_month= reason: Item candidate indicated by ownership status and/or legacy tempid.
238,A-06 Office Series-Handling Major Crises,lecture,Office Series,1982,,265,,https://veritaspub.com/product/handling-major-crises-2/,ledger_user_input,ledger raw_row 265 proposed_year=1982 proposed_month= reason: Item candidate indicated by ownership status and/or legacy tempid.
239,A-07 Office Series-Worry Fear and Anxiety,lecture,Office Series,1982,,266,,https://veritaspub.com/product/worry-fear-and-anxiety-2/,ledger_user_input,ledger raw_row 266 proposed_year=1982 proposed_month= reason: Item candidate indicated by ownership status and/or legacy tempid.
240,A-08 Office Series-Pain and Suffering,lecture,Office Series,1982,,267,,https://veritaspub.com/product/pain-and-suffering/,ledger_user_input,ledger raw_row 267 proposed_year=1982 proposed_month= reason: Item candidate indicated by ownership status and/or legacy tempid.
241,A-09 Office Series-Losing Weight,lecture,Office Series,1982,,268,,https://veritaspub.com/product/losing-weight/,ledger_user_input,ledger raw_row 268 proposed_year=1982 proposed_month= reason: Item candidate indicated by ownership status and/or legacy tempid.
242,A-10 Office Series-Depression,lecture,Office Series,1982,,269,,https://veritaspub.com/product/depression/,ledger_user_input,ledger raw_row 269 proposed_year=1982 proposed_month= reason: Item candidate indicated by ownership status and/or legacy tempid.
243,A-11 Office Series-Illness and Self-Healing,lecture,Office Series,1982,,270,,https://veritaspub.com/product/illness-and-self-healing/,ledger_user_input,ledger raw_row 270 proposed_year=1982 proposed_month= reason: Item candidate indicated by ownership status and/or legacy tempid.
244,A-12 Office Series-Alcoholism,lecture,Office Series,1982,,271,,https://veritaspub.com/product/alcoholism/,ledger_user_input,ledger raw_row 271 proposed_year=1982 proposed_month= reason: Item candidate indicated by ownership status and/or legacy tempid.
245,B-01 Office Series-Drug Addiction and Alcoholism...,lecture,Office Series,1982,,272,,https://veritaspub.com/product/drug-addiction-and-alcoholism/,ledger_user_input,ledger raw_row 272 proposed_year=1982 proposed_month= reason: Item candidate indicated by ownership status and/or legacy tempid.
247,B-03 Office Series-A Map Of Consciousness,lecture,Office Series,1982,,274,,https://veritaspub.com/product/a-map-of-consciousness/,ledger_user_input,ledger raw_row 274 proposed_year=1982 proposed_month= reason: Item candidate indicated by ownership status and/or legacy tempid.
248,B-04 Office Series-Cancer,lecture,Office Series,1982,,275,,https://veritaspub.com/product/cancer/,ledger_user_input,ledger raw_row 275 proposed_year=1982 proposed_month= reason: Item candidate indicated by ownership status and/or legacy tempid.
250,B-06 Office Series-Death and Dying,lecture,Office Series,1982,,277,,https://veritaspub.com/product/death-and-dying/,ledger_user_input,ledger raw_row 277 proposed_year=1982 proposed_month= reason: Item candidate indicated by ownership status and/or legacy tempid.
251,Satsang Series (Jan 2007),lecture,Satsang Series,2007,01,280,,https://veritaspub.com/product/satsang-series-january-2007-cd/,ledger_user_input,"ledger raw_row 280 proposed_year=2007 proposed_month= reason: Item candidate; legacy tempid is a repeated placeholder, not an ID."
252,Satsang Series (Mar 2007),lecture,Satsang Series,2007,03,281,,https://veritaspub.com/product/satsang-series-march-2007-cd/,ledger_user_input,"ledger raw_row 281 proposed_year=2007 proposed_month= reason: Item candidate; legacy tempid is a repeated placeholder, not an ID."
253,Satsang Series (May 2007),lecture,Satsang Series,2007,05,282,,https://veritaspub.com/product/satsang-series-may-2007-cd/,ledger_user_input,"ledger raw_row 282 proposed_year=2007 proposed_month= reason: Item candidate; legacy tempid is a repeated placeholder, not an ID."
254,Satsang Series (Jul 2007),lecture,Satsang Series,2007,07,283,,https://veritaspub.com/product/satsang-series-4-july-11-2007/,ledger_user_input,"ledger raw_row 283 proposed_year=2007 proposed_month= reason: Item candidate; legacy tempid is a repeated placeholder, not an ID."
255,Satsang Series (Sep 2007),lecture,Satsang Series,2007,09,284,,https://veritaspub.com/product/satsang-series-sept-2007-cd/,ledger_user_input,"ledger raw_row 284 proposed_year=2007 proposed_month= reason: Item candidate; legacy tempid is a repeated placeholder, not an ID."
256,Satsang Series (May 2008),lecture,Satsang Series,2008,06,285,,https://veritaspub.com/product/satsang-series-may-2008-cd/,ledger_user_input,"ledger raw_row 285 proposed_year=2008 proposed_month= reason: Item candidate; legacy tempid is a repeated placeholder, not an ID."
257,Satsang Series (Sep 2008),lecture,Satsang Series,2008,09,286,,https://veritaspub.com/product/satsang-series-3-september-10-2008/,ledger_user_input,"ledger raw_row 286 proposed_year=2008 proposed_month= reason: Item candidate; legacy tempid is a repeated placeholder, not an ID."
258,Satsang Series (Jan 2009),lecture,Satsang Series,2009,01,287,,https://veritaspub.com/product/satsang-series-1-january-7-2009/,ledger_user_input,"ledger raw_row 287 proposed_year=2009 proposed_month= reason: Item candidate; legacy tempid is a repeated placeholder, not an ID."
259,Satsang Series (May 2009),lecture,Satsang Series,2009,06,288,,https://veritaspub.com/product/satsang-series-2-may-13-2009/,ledger_user_input,"ledger raw_row 288 proposed_year=2009 proposed_month= reason: Item candidate; legacy tempid is a repeated placeholder, not an ID."
260,Satsang Series (Sep 2009),lecture,Satsang Series,2009,09,289,,https://veritaspub.com/product/satsang-series-september-2009-cd/,ledger_user_input,"ledger raw_row 289 proposed_year=2009 proposed_month= reason: Item candidate; legacy tempid is a repeated placeholder, not an ID."
261,Satsang Series (Nov 2009),lecture,Satsang Series,2009,11,290,,https://veritaspub.com/product/satsang-november-2009-cd/,ledger_user_input,"ledger raw_row 290 proposed_year=2009 proposed_month= reason: Item candidate; legacy tempid is a repeated placeholder, not an ID."
262,Satsang Series (Feb 2010),lecture,Satsang Series,2010,03,291,,https://veritaspub.com/product/satsang-series-february-2010/,ledger_user_input,"ledger raw_row 291 proposed_year=2010 proposed_month= reason: Item candidate; legacy tempid is a repeated placeholder, not an ID."
263,Satsang Series (Nov 2010),lecture,Satsang Series,2010,11,292,,https://veritaspub.com/product/2010-11-satsang-series-nov-2010/,ledger_user_input,"ledger raw_row 292 proposed_year=2010 proposed_month= reason: Item candidate; legacy tempid is a repeated placeholder, not an ID."
246,"""In the World But Not of It"" – Audio",,Media Miscellaneous,,,296,,,blank_under_investigation,"ledger raw 296 proposed_year blank, remains blank; series=Media Miscellaneous"
265,Golden Word Book Signing – Audio,lecture,Media Miscellaneous,2007,03,297,,https://veritaspub.com/product/https-veritaspub-com-product-golden-word-book-signing-january-13-2007/,veritas_published_date_backfill,"ledger blank, backfilled from Veritas product 1552 published_date 2007-03-16 (listing date, may be recording date if matches series year)"
266,All is Divinity,lecture,On The Road Talk Series,2004,,300,,https://veritaspub.com/product/all-is-divinity/,ledger_user_input,ledger raw_row 300 proposed_year=2004 proposed_month= reason: Item candidate indicated by ownership status and/or legacy tempid.
267,Compassion: The Pathway of the Heart,lecture,On The Road Talk Series,2003,,301,,https://veritaspub.com/product/compassion-the-pathway-of-the-heart/,ledger_user_input,ledger raw_row 301 proposed_year=2003 proposed_month= reason: Item candidate indicated by ownership status and/or legacy tempid.
268,God is Hidden Within the Beauty of the Music,lecture,On The Road Talk Series,2014,01,302,,https://veritaspub.com/product/god-is-hidden-within-the-beauty-of-the-music/,veritas_published_date_backfill,"ledger blank, backfilled from Veritas product 1810 published_date 2014-01-06 (listing date, may be recording date if matches series year)"
269,God is The Infinite Field,lecture,On The Road Talk Series,2003,,303,,https://veritaspub.com/product/god-is-the-infinite-field/,ledger_user_input,ledger raw_row 303 proposed_year=2003 proposed_month= reason: Item candidate indicated by ownership status and/or legacy tempid.
270,Spiritual Reality,lecture,On The Road Talk Series,2004,,304,,https://veritaspub.com/product/spiritual-reality-3-cd-set/,ledger_user_input,ledger raw_row 304 proposed_year=2004 proposed_month= reason: Item candidate indicated by ownership status and/or legacy tempid.
271,The Ever-Present Joy,lecture,On The Road Talk Series,2004,,305,,https://veritaspub.com/product/the-ever-present-joy/,ledger_user_input,ledger raw_row 305 proposed_year=2004 proposed_month= reason: Item candidate indicated by ownership status and/or legacy tempid.
272,The Power of Devotion,lecture,On The Road Talk Series,2003,,306,,https://veritaspub.com/product/the-power-of-devotion/,ledger_user_input,ledger raw_row 306 proposed_year=2003 proposed_month= reason: Item candidate indicated by ownership status and/or legacy tempid.
273,The Prevailing Silence,lecture,On The Road Talk Series,2005,,307,,https://veritaspub.com/product/prevailing-silence-3-cd-set/,ledger_user_input,ledger raw_row 307 proposed_year=2005 proposed_month= reason: Item candidate indicated by ownership status and/or legacy tempid.
274,Transcending the Ego,lecture,On The Road Talk Series,2004,,308,,https://veritaspub.com/product/transcending-the-ego/,ledger_user_input,ledger raw_row 308 proposed_year=2004 proposed_month= reason: Item candidate indicated by ownership status and/or legacy tempid.
275,Truth Shines Forth,lecture,On The Road Talk Series,2004,,309,,https://veritaspub.com/product/truth-shines-forth-3-cd-set/,ledger_user_input,ledger raw_row 309 proposed_year=2004 proposed_month= reason: Item candidate indicated by ownership status and/or legacy tempid.
276,Virtues: The Spiritual Foundation,lecture,On The Road Talk Series,2004,,310,,https://veritaspub.com/product/virtues-the-spiritual-foundation/,ledger_user_input,ledger raw_row 310 proposed_year=2004 proposed_month= reason: Item candidate indicated by ownership status and/or legacy tempid.
277,You Are the Light of Consciousness,lecture,On The Road Talk Series,2003,,311,,https://veritaspub.com/product/you-are-light-consciousness/,ledger_user_input,ledger raw_row 311 proposed_year=2003 proposed_month= reason: Item candidate indicated by ownership status and/or legacy tempid.
278,How to Live Your Life Like a Prayer,discussion,Discussion Series,,,315,,,blank_under_investigation,"ledger raw 315 proposed_year blank, remains blank; series=Discussion Series"
279,How to See the Reality of Life,discussion,Discussion Series,2012,,316,,https://veritaspub.com/product/how-to-see-the-reality-of-life/,ledger_user_input,ledger raw_row 316 proposed_year=2012 proposed_month= reason: Item candidate indicated by ownership status and/or legacy tempid.
280,Improving Your Relationships,discussion,Discussion Series,2012,,317,,https://veritaspub.com/product/improving-your-relationships-2012/,ledger_user_input,ledger raw_row 317 proposed_year=2012 proposed_month= reason: Item candidate indicated by ownership status and/or legacy tempid.
281,Permanent Inner Peace,discussion,Discussion Series,,,318,,,blank_under_investigation,"ledger raw 318 proposed_year blank, remains blank; series=Discussion Series"
282,The Importance of Family,discussion,Discussion Series,2012,,319,,https://veritaspub.com/product/the-importance-of-family-2014/,ledger_user_input,ledger raw_row 319 proposed_year=2012 proposed_month= reason: Item candidate indicated by ownership status and/or legacy tempid.
283,What is Meant by Spiritual,discussion,Discussion Series,2012,,320,,https://veritaspub.com/product/what-is-meant-by-spiritual-2012/,ledger_user_input,ledger raw_row 320 proposed_year=2012 proposed_month= reason: Item candidate indicated by ownership status and/or legacy tempid.
284,What is Real Success,discussion,Discussion Series,,,321,,,blank_under_investigation,"ledger raw 321 proposed_year blank, remains blank; series=Discussion Series"
285,What You are Changes the World,discussion,Discussion Series,2012,,322,,https://veritaspub.com/product/what-you-are-changes-the-world-2/,ledger_user_input,ledger raw_row 322 proposed_year=2012 proposed_month= reason: Item candidate indicated by ownership status and/or legacy tempid.
286,Power vs Force,book,Books,1995,,325,,https://veritaspub.com/product/power-vs-force-the-hidden-determinants-of-human-behavior-book/,ledger_user_input,ledger raw_row 325 proposed_year=1995 proposed_month= reason: Item candidate indicated by ownership status and/or legacy tempid.
287,The Eye of the I,book,Books,2001,,326,,https://veritaspub.com/product/the-eye-of-the-i-book/,ledger_user_input,ledger raw_row 326 proposed_year=2001 proposed_month= reason: Item candidate indicated by ownership status and/or legacy tempid.
288,I Reality and Subjectivity,book,Books,2003,,327,,https://veritaspub.com/product/i-reality-and-subjectivity-book/,ledger_user_input,ledger raw_row 327 proposed_year=2003 proposed_month= reason: Item candidate indicated by ownership status and/or legacy tempid.
289,Truth vs Falsehood,book,Books,2005,,328,,https://veritaspub.com/product/truth-vs-falsehood-how-to-tell-the-difference-book/,ledger_user_input,ledger raw_row 328 proposed_year=2005 proposed_month= reason: Item candidate indicated by ownership status and/or legacy tempid.
290,Letting Go,book,Books,2012,,329,,https://veritaspub.com/product/letting-go-the-pathway-of-surrender-book/,ledger_user_input,ledger raw_row 329 proposed_year=2012 proposed_month= reason: Item candidate indicated by ownership status and/or legacy tempid.
291,Healing and Recovery,book,Books,2009,,330,,https://veritaspub.com/product/healing-and-recovery-copy/,ledger_user_input,ledger raw_row 330 proposed_year=2009 proposed_month= reason: Item candidate indicated by ownership status and/or legacy tempid.
292,Discovery of the Presence of God,book,Books,2007,,331,,https://veritaspub.com/product/discovery-of-the-presence-of-god-devotional-nonduality-sc/,ledger_user_input,ledger raw_row 331 proposed_year=2007 proposed_month= reason: Item candidate indicated by ownership status and/or legacy tempid.
293,"Reality, Spirituality and Modern Man",book,Books,2008,,332,,https://veritaspub.com/product/reality-spirituality-and-modern-man-book/,ledger_user_input,ledger raw_row 332 proposed_year=2008 proposed_month= reason: Item candidate indicated by ownership status and/or legacy tempid.
294,Transcending the Levels of Consciousness,book,Books,2006,,333,,https://veritaspub.com/product/transcending-the-levels-of-consciousness-book/,ledger_user_input,ledger raw_row 333 proposed_year=2006 proposed_month= reason: Item candidate indicated by ownership status and/or legacy tempid.
295,The Map of Consciousness Explained,book,Books,2020,,334,,https://veritaspub.com/product/the-map-of-consciousness-explained/,ledger_user_input,ledger raw_row 334 proposed_year=2020 proposed_month= reason: Item candidate indicated by ownership status and/or legacy tempid.
296,Success Is for You,book,Books,2016,,335,,https://veritaspub.com/product/success-is-for-you-using-heart-centered-power-principles-for-lasting-abundance-and-fulfillment/,ledger_user_input,ledger raw_row 335 proposed_year=2016 proposed_month= reason: Item candidate indicated by ownership status and/or legacy tempid.
297,Daily Reflections,book,Books,2022,,337,,https://veritaspub.com/product/daily-reflections-from-dr-david-r-hawkins-365-contemplations-on-surrender-healing-and-consciousness/,ledger_user_input,ledger raw_row 337 proposed_year=2022 proposed_month= reason: Item candidate indicated by ownership status and/or legacy tempid.
298,Along the Path to Enlightenment,book,Books,2011,,339,,,ledger_user_input,ledger raw_row 339 proposed_year=2011 proposed_month= reason: Item candidate indicated by ownership status and/or legacy tempid.
299,Dissolving the Ego,book,Books,2011,,340,,,ledger_user_input,ledger raw_row 340 proposed_year=2011 proposed_month= reason: Item candidate indicated by ownership status and/or legacy tempid.
300,"In the World, But Not of It",book,Books,2023,,341,,https://veritaspub.com/product/in-the-world-but-not-of-it-transforming-everyday-experience-into-a-spiritual-path/,ledger_user_input,ledger raw_row 341 proposed_year=2023 proposed_month= reason: Item candidate indicated by ownership status and/or legacy tempid.
301,The Highest Level of Enlightenment,book,Books,2024,,342,,,ledger_user_input,ledger raw_row 342 proposed_year=2024 proposed_month= reason: Item candidate indicated by ownership status and/or legacy tempid.
303,The Path to Spiritual Advancement: How to Transcend the Ego and Experience the Presence of God,book,Transcription Series Books,2024,,347,,https://veritaspub.com/product/the-path-to-spiritual-advancement-how-to-transcend-the-ego-and-experience-the-presence-of-god/,ledger_user_input,ledger raw_row 347 proposed_year=2024 proposed_month= reason: Item candidate indicated by ownership status and/or legacy tempid.
304,The Evolution of Consciousness: Navigating the Levels of Awareness and Unlocking Spiritual Potential,book,Transcription Series Books,2024,,348,,https://veritaspub.com/product/the-evolution-of-consciousness-navigating-the-levels-of-awareness-and-unlocking-spiritual-potential-transcriptions-from-the-march-and-april-2002-lectures/,ledger_user_input,ledger raw_row 348 proposed_year=2024 proposed_month= reason: Item candidate indicated by ownership status and/or legacy tempid.
305,"Beyond Illusion: Exploring Perception, Ego, and Meditation on the Path to Truth",book,Transcription Series Books,2025,,349,,https://veritaspub.com/product/beyond-illusion-exploring-perception-ego-and-meditation-on-the-path-to-truth/,ledger_user_input,ledger raw_row 349 proposed_year=2025 proposed_month= reason: Item candidate indicated by ownership status and/or legacy tempid.
306,"Spiritual Power and Integrity: Uncovering Spiritual Reality and Realizing Peace, Love, and Divinity",book,Transcription Series Books,2025,,350,,https://veritaspub.com/product/spiritual-power-and-integrity-uncovering-spiritual-reality-and-realizing-peace-love-and-divinity/,ledger_user_input,ledger raw_row 350 proposed_year=2025 proposed_month= reason: Item candidate indicated by ownership status and/or legacy tempid.
307,Karma and Devotion: The Sacred Path to God through the Heart,book,Transcription Series Books,2025,,351,,https://veritaspub.com/product/karma-and-devotion-the-sacred-path-to-god-through-the-heart/,ledger_user_input,ledger raw_row 351 proposed_year=2025 proposed_month= reason: Item candidate indicated by ownership status and/or legacy tempid.
308,"The Final Doorway to Enlightenment: Prayer, Transcendence and Realization of the Self",book,Transcription Series Books,2026,,352,,https://veritaspub.com/product/the-final-doorway-to-enlightenment-prayer-transcendence-and-realization-of-the-self/,ledger_user_input,ledger raw_row 352 proposed_year=2026 proposed_month= reason: Item candidate indicated by ownership status and/or legacy tempid.
309,Progressive Levels of Consciousness,lecture,On The Road Talk Series,2023,09,,candidate:manual-veritas-53277,https://veritaspub.com/product/progressive-levels-of-consciousness/,manual_candidate_blank_year,"manual candidate manual-veritas-53277 proposed_year blank, remains blank"
310,"Mind, Heart and Service: The Pathway of Devotional Non-Duality",lecture,On The Road Talk Series,2003,,,candidate:manual-veritas-54219,https://veritaspub.com/product/mind-heart-and-service-the-pathway-of-devotional-non-duality/,manual_candidate_promotion,manual candidate manual-veritas-54219 proposed_year 2003 source veritas product 54219 title date extraction; ledger reason Official page identifies a 2003 Science of Mind church lecture available through streaming video.
311,Devotion to Truth Talk,lecture,On The Road Talk Series,2003,,,candidate:manual-veritas-55473,https://veritaspub.com/product/devotion-to-truth-talk/,manual_candidate_promotion,manual candidate manual-veritas-55473 proposed_year 2003 source veritas product 55473 title date extraction; ledger reason Official page identifies a 2003 On-the-Road talk and makes the full lecture available through stream
312,Permanent Inner Peace (2012),discussion,Discussion Series,2012,,,candidate:manual-veritas-50485,https://veritaspub.com/product/permanent-inner-peace-2012/,manual_candidate_promotion,manual candidate manual-veritas-50485 proposed_year 2012 source veritas product 50485 title date extraction; ledger reason Official page identifies a 2012 discussion/interview product.
313,What is Real Success? (2012),discussion,Discussion Series,2012,,,candidate:manual-veritas-50488,https://veritaspub.com/product/what-is-real-success/,manual_candidate_promotion,manual candidate manual-veritas-50488 proposed_year 2012 source veritas product 50488 title date extraction; ledger reason Official page identifies a 2012 one-disc discussion/interview of approximately 60 minutes.
314,Book of Slides (The Complete Collection),book,Books,2018,,,candidate:manual-veritas-38608,https://veritaspub.com/product/book-of-slides-the-complete-collection/,manual_candidate_promotion,manual candidate manual-veritas-38608 proposed_year 2018 source veritas product 38608 title date extraction; ledger reason Official page identifies a 655-page book compendium of lecture slides from 2002–2011.
315,The Power of Love: A Transformed Heart Changes the World,book,Books,2020,,,candidate:manual-veritas-43146,https://veritaspub.com/product/the-power-of-love-a-transformed-heart-changes-the-world-sc/,manual_candidate_promotion,"manual candidate manual-veritas-43146 proposed_year 2020 source veritas product 43146 title date extraction; ledger reason Official page identifies Fran Grace’s book dedicated to Hawkins and Susan, with interview material."
316,The Ego is Not the Real You,book,Books,2021,,,candidate:manual-veritas-47979,https://veritaspub.com/product/the-ego-is-not-the-real-you/,manual_candidate_promotion,manual candidate manual-veritas-47979 proposed_year 2021 source veritas product 47979 title date extraction; ledger reason Official page identifies a paperback collection of selected Hawkins teachings and quotes.
317,"Life with “Doc” My Husband & My Teacher, Dr. David R. Hawkins",book,Books,2022,,,candidate:manual-veritas-53036,https://veritaspub.com/product/life-with-doc-my-husband-my-teacher-dr-david-r-hawkins/,manual_candidate_promotion,manual candidate manual-veritas-53036 proposed_year 2022 source veritas product 53036 title date extraction; ledger reason Official page identifies Susan Hawkins’s memoir and inside account.
318,The Wisdom of Dr. David R. Hawkins: Classic Teachings on Spiritual Truth and Enlightenment,book,Books,2023,,,candidate:manual-veritas-53058,https://veritaspub.com/product/the-wisdom-of-dr-david-r-hawkins-classic-teachings-on-spiritual-truth-and-enlightenment/,manual_candidate_promotion,manual candidate manual-veritas-53058 proposed_year 2023 source veritas product 53058 title date extraction; ledger reason Official page identifies a book collecting ten core teachings and excerpts.
319,The Man Who Mapped Consciousness: Life and Legacy of Dr. David R. Hawkins,book,Books,2025,,,candidate:manual-veritas-55425,https://veritaspub.com/product/the-man-who-mapped-consciousness-life-and-legacy-of-dr-david-r-hawkins/,manual_candidate_promotion,manual candidate manual-veritas-55425 proposed_year 2025 source veritas product 55425 title date extraction; ledger reason Official page identifies a biography of Hawkins’s life and legacy.
344,Satsang Series (Jan 2006),lecture,Satsang Series,2006,01,,candidate:manual-veritas-satsang-1304,https://veritaspub.com/product/satsang-series-1-january-11-2006-held-at-st-andrews-episcopal-church-in-sedona-arizona/,manual_candidate_promotion,manual candidate manual-veritas-satsang-1304 proposed_year 2006 source veritas product 1304 title date extraction; ledger reason New-work candidate per SATSANG_MAPPING_DECISIONS.md Addendum (2026-08-03): missing collection month;
345,Satsang Series (Mar 2006),lecture,Satsang Series,2006,03,,candidate:manual-veritas-satsang-1306,https://veritaspub.com/product/satsang-series-mar-2006-cd/,manual_candidate_promotion,manual candidate manual-veritas-satsang-1306 proposed_year 2006 source veritas product 1306 title date extraction; ledger reason New-work candidate per SATSANG_MAPPING_DECISIONS.md Addendum (2026-08-03): missing collection month;
346,Satsang Series (May 2006),lecture,Satsang Series,2006,05,,candidate:manual-veritas-satsang-1308,https://veritaspub.com/product/satsang-series-3-may-10-2006-held-at-the-sedona-creative-life-center-in-sedona-arizona/,manual_candidate_promotion,manual candidate manual-veritas-satsang-1308 proposed_year 2006 source veritas product 1308 title date extraction; ledger reason New-work candidate per SATSANG_MAPPING_DECISIONS.md Addendum (2026-08-03): missing collection month;
347,Satsang Series (Jul 2006),lecture,Satsang Series,2006,07,,candidate:manual-veritas-satsang-1310,https://veritaspub.com/product/satsang-series-jul-2006-cd/,manual_candidate_promotion,manual candidate manual-veritas-satsang-1310 proposed_year 2006 source veritas product 1310 title date extraction; ledger reason New-work candidate per SATSANG_MAPPING_DECISIONS.md Addendum (2026-08-03): missing collection month;
348,Satsang Series (Sep 2006),lecture,Satsang Series,2006,09,,candidate:manual-veritas-satsang-1312,https://veritaspub.com/product/satsang-series-sept-2006-cd/,manual_candidate_promotion,manual candidate manual-veritas-satsang-1312 proposed_year 2006 source veritas product 1312 title date extraction; ledger reason New-work candidate per SATSANG_MAPPING_DECISIONS.md Addendum (2026-08-03): missing collection month;
349,Satsang Series (Nov 2006),lecture,Satsang Series,2006,11,,candidate:manual-veritas-satsang-1314,https://veritaspub.com/product/satsang-series-nov-2006-cd/,manual_candidate_promotion,manual candidate manual-veritas-satsang-1314 proposed_year 2006 source veritas product 1314 title date extraction; ledger reason New-work candidate per SATSANG_MAPPING_DECISIONS.md Addendum (2026-08-03): missing collection month;
350,Satsang Series (Jul 2008),lecture,Satsang Series,2008,07,,candidate:manual-veritas-satsang-1639,https://veritaspub.com/product/satsang-series-2-july-9-2008/,manual_candidate_promotion,manual candidate manual-veritas-satsang-1639 proposed_year 2008 source veritas product 1639 title date extraction; ledger reason New-work candidate per SATSANG_MAPPING_DECISIONS.md Addendum (2026-08-03): missing collection month;
351,Satsang Series (Jun 2010),lecture,Satsang Series,2010,06,,candidate:manual-veritas-satsang-1697,https://veritaspub.com/product/satsang-series-june-2010-cd/,manual_candidate_promotion,manual candidate manual-veritas-satsang-1697 proposed_year 2010 source veritas product 1697 title date extraction; ledger reason New-work candidate per SATSANG_MAPPING_DECISIONS.md Addendum (2026-08-03): missing collection month;
352,Satsang Series (Sep 2010),lecture,Satsang Series,2010,09,,candidate:manual-veritas-satsang-1699,https://veritaspub.com/product/satsang-series-3-september-1-2010/,manual_candidate_promotion,manual candidate manual-veritas-satsang-1699 proposed_year 2010 source veritas product 1699 title date extraction; ledger reason New-work candidate per SATSANG_MAPPING_DECISIONS.md Addendum (2026-08-03): missing collection month;
353,Giving Up Illness through A Course in Miracles© – Audio,lecture,Media Miscellaneous,2007,03,,candidate:manual-veritas-1544,https://veritaspub.com/product/giving-up-illness-through-a-course-in-miracles/,manual_candidate_blank_year,"manual candidate manual-veritas-1544 proposed_year blank, remains blank"
354,Unity Church of Sedona 2005 March (CD),lecture,On The Road Talk Series,2005,,,candidate:manual-veritas-1546,https://veritaspub.com/product/unity-church-of-sedona-march-6th-2005/,manual_candidate_promotion,manual candidate manual-veritas-1546 proposed_year 2005 source veritas product 1546 title date extraction; ledger reason Official page identifies a one-CD 67-minute March 2005 presentation.
355,Unity Church of Sedona 2006 June (CD),lecture,On The Road Talk Series,2006,,,candidate:manual-veritas-1548,https://veritaspub.com/product/unity-church-of-sedona-june-2006-cd/,manual_candidate_promotion,manual candidate manual-veritas-1548 proposed_year 2006 source veritas product 1548 title date extraction; ledger reason Official page identifies a one-CD 60-minute June 2006 presentation.
356,Don’t Set Sail Without A Compass – Audio,lecture,Media Miscellaneous,2014,05,,candidate:manual-veritas-1792,https://veritaspub.com/product/dont-set-sail-without-a-compass/,manual_candidate_blank_year,"manual candidate manual-veritas-1792 proposed_year blank, remains blank"
357,Peace is the Natural State,lecture,On The Road Talk Series,2014,01,,candidate:manual-veritas-1814,https://veritaspub.com/product/peace-is-the-natural-state/,manual_candidate_blank_year,"manual candidate manual-veritas-1814 proposed_year blank, remains blank"
358,The Essence of Letting Go: A Living Transmission of Truth,lecture,Media Miscellaneous,2025,09,,candidate:manual-veritas-55576,https://veritaspub.com/product/the-essence-of-letting-go-a-living-transmission-of-truth/,manual_candidate_blank_year,"manual candidate manual-veritas-55576 proposed_year blank, remains blank"
359,Orthomolecular Psychiatry: Treatment of Schizophrenia,book,Academic,1973,,,candidate:manual-academic-orthomolecular-1973,,academic_publication_year,"manual candidate manual-academic-orthomolecular-1973 proposed_year 1973 source_name academic evidence Co-authored with Linus Pauling (double Nobel laureate), W.H. Freeman 1973, 697 pages, ISBN 071670898"
360,Qualitative and Quantitative Analysis and Calibration of the Level of Human Consciousness,book,Academic,1998,,,candidate:manual-academic-qualitative-1998,,academic_publication_year,"manual candidate manual-academic-qualitative-1998 proposed_year 1998 source_name academic evidence Doctoral dissertation published by Veritas Publishing 1998-01-31, 200 pages, spiral-bound, ISBN 0964"
361,Dialogues on Consciousness and Spirituality,book,Academic,1998,,,candidate:manual-academic-dialogues-1998,,academic_publication_year,"manual candidate manual-academic-dialogues-1998 proposed_year 1998 source_name academic evidence Veritas Publishing 1998-01-01, 94 pages, spiral-bound, ISBN 0964326175; early transcript collection;"
320,Power vs. Force (Audiobook),book,Books,1995,,,candidate:edition-audible-pvf,,edition_candidate_promotion_year,edition candidate edition-audible-pvf proposed_year 1995 work_id w-power-vs-force role audio source audible product https://www.audible.com/pd/Power-vs-Force-Audiobook/B002V5GOH0
321,The Eye of the I (Audiobook),book,Books,2001,,,candidate:edition-audible-eye,,edition_candidate_promotion_year,edition candidate edition-audible-eye proposed_year 2001 work_id w-eye-of-the-i role audio source audible product https://www.audible.com/pd/The-Eye-of-the-I-Audiobook/1401962459
322,Truth Vs Falsehood (Audiobook),book,Books,2005,,,candidate:edition-audible-tvf,,edition_candidate_promotion_year,edition candidate edition-audible-tvf proposed_year 2005 work_id w-truth-vs-falsehood role audio source audible product https://www.audible.com/pd/Truths-vs-Falsehood-Audiobook/B00NWS4SQO
323,Letting Go (Audiobook),book,Books,2012,,,candidate:edition-audible-lettinggo,,edition_candidate_promotion_year,edition candidate edition-audible-lettinggo proposed_year 2012 work_id w-letting-go role audio source audible product https://www.audible.com/pd/Letting-Go-Audiobook/B00ZJFQN9I
324,Healing and Recovery (Audiobook),book,Books,2009,,,candidate:edition-audible-healing,,edition_candidate_promotion_year,edition candidate edition-audible-healing proposed_year 2009 work_id w-healing-and-recovery role audio source audible product https://www.audible.com/pd/Healing-and-Recovery-Audiobook/1401962440
325,Transcending the Levels of Consciousness (Audiobook),book,Books,2006,,,candidate:edition-audible-transcending,,edition_candidate_promotion_year,edition candidate edition-audible-transcending proposed_year 2006 work_id w-transcending-the-levels role audio source audible product https://www.audible.com/pd/Transcending-the-Levels-of-Consciousness-Audiobook/1401961878
326,In The World But Not Of It (Audiobook),book,Books,2023,,,candidate:edition-audible-itwbnoi,,edition_candidate_promotion_year,edition candidate edition-audible-itwbnoi proposed_year 2023 work_id w-in-the-world-but-not-of-it role audio source audible product https://www.audible.com/pd/In-the-World-but-Not-of-It-Audiobook/B00NMUQ8DS
327,Truth vs. Falsehood: The Art of Spiritual Discernment (CD & DVD set),lecture,Books,2011,11,,candidate:edition-veritas-tvf-cddvd,https://veritaspub.com/product/truth-vs-falsehood-the-art-of-spiritual-discernment/,edition_candidate_year_inherited_or_blank,edition candidate edition-veritas-tvf-cddvd proposed_year blank but master year 2011 present (maybe inherited from work family or manual?)
328,Healing: Achieving Total Wellness Through Higher Levels of Consciousness,lecture,Books,2010,07,,candidate:edition-veritas-healing-audio,https://veritaspub.com/product/healing-achieving-total-wellness-through-higher-levels-of-consciousness-by-david-r-hawkins-m-d-ph-d/,edition_candidate_year_inherited_or_blank,edition candidate edition-veritas-healing-audio proposed_year blank but master year 2010 present (maybe inherited from work family or manual?)
329,“In the World But Not of It” – Audio,lecture,Books,2009,01,,candidate:edition-veritas-itwbnoi-audio,https://veritaspub.com/product/in-the-world-but-not-of-it-cd/,edition_candidate_year_inherited_or_blank,edition candidate edition-veritas-itwbnoi-audio proposed_year blank but master year 2009 present (maybe inherited from work family or manual?)
330,The Highest Level of Enlightenment – Audio,lecture,Books,2012,06,,candidate:edition-veritas-hle-audio,https://veritaspub.com/product/the-highest-level-of-enlightenment/,edition_candidate_year_inherited_or_blank,edition candidate edition-veritas-hle-audio proposed_year blank but master year 2012 present (maybe inherited from work family or manual?)
331,Power vs. Force Audio Book,book,Volume Series,1995,,,candidate:edition-veritas-pvf-audiobook,https://veritaspub.com/product/power-vs-force-the-hidden-determinants-of-human-behavior-2/,edition_candidate_promotion_year,edition candidate edition-veritas-pvf-audiobook proposed_year 1995 work_id w-power-vs-force role audio source veritas product 1542
332,The Highest Level of Enlightenment (Audiobook),book,Books,2024,,,candidate:edition-audible-hle,,edition_candidate_promotion_year,edition candidate edition-audible-hle proposed_year 2024 work_id w-highest-level-of-enlightenment role audio source audible product https://www.audible.com/pd/The-Highest-Level-of-Enlightenment-Audiobook/B00O3I950G
333,The Way to God: The Nature of Divinity vs. Religious Fallacy (Audiobook),lecture,The Way to God,,,,candidate:edition-audible-wtg-nature,,edition_candidate_blank_year,edition candidate edition-audible-wtg-nature proposed_year blank remains blank; role audio source audible
334,The Way to God: Advaita - The Way to God Through Mind (Audiobook),lecture,The Way to God,,,,candidate:edition-audible-wtg-advaita,,edition_candidate_blank_year,edition candidate edition-audible-wtg-advaita proposed_year blank remains blank; role audio source audible
335,The Way to God: Realizing the Root of Consciousness (Audiobook),lecture,The Way to God,,,,candidate:edition-audible-wtg-root,,edition_candidate_blank_year,edition candidate edition-audible-wtg-root proposed_year blank remains blank; role audio source audible
336,Devotional Nonduality Intensive: Intention (Audiobook),lecture,Nonduality Intensive,,,,candidate:edition-audible-dni-intention,,edition_candidate_blank_year,edition candidate edition-audible-dni-intention proposed_year blank remains blank; role audio source audible
337,Devotional Nonduality Intensive: Alignment (Audiobook),lecture,Nonduality Intensive,,,,candidate:edition-audible-dni-alignment,,edition_candidate_blank_year,edition candidate edition-audible-dni-alignment proposed_year blank remains blank; role audio source audible
338,Transcending the Mind Series: Identification & Illusion (Audiobook),lecture,Transcending the Mind,,,,candidate:edition-audible-tms-id,,edition_candidate_blank_year,edition candidate edition-audible-tms-id proposed_year blank remains blank; role audio source audible
339,Transcending the Mind Series: Emotions & Sensations (Audiobook),lecture,Transcending the Mind,,,,candidate:edition-audible-tms-emotions,,edition_candidate_blank_year,edition candidate edition-audible-tms-emotions proposed_year blank remains blank; role audio source audible
340,Spiritual Reality and Modern Man: God vs. Science: Limits of the Mind (Audiobook),lecture,Spiritual Reality & Modern Man,,,,candidate:edition-audible-srmm-godvs,,edition_candidate_blank_year,edition candidate edition-audible-srmm-godvs proposed_year blank remains blank; role audio source audible
341,Transcending the Levels of Consciousness Series: Perception (Audiobook),lecture,Transcending Levels of Consciousness,,,,candidate:edition-audible-tlc-perception,,edition_candidate_blank_year,edition candidate edition-audible-tlc-perception proposed_year blank remains blank; role audio source audible
342,Compassion (Audiobook),lecture,On The Road Talk Series,,,,candidate:edition-audible-compassion,,edition_candidate_blank_year,edition candidate edition-audible-compassion proposed_year blank remains blank; role audio source audible
343,Live Life As A Prayer (Audio),lecture,Transcending Levels of Consciousness,,,,candidate:edition-hh-liveprayer,,edition_candidate_blank_year,edition candidate edition-hh-liveprayer proposed_year blank remains blank; role audio source hayhouse
